[0.071s] DEBUG:colcon:Command line arguments: ['/usr/bin/colcon', 'build']
[0.071s] DEBUG:colcon:Parsed command line arguments: Namespace(log_base=None, log_level=None, verb_name='build', build_base='build', install_base='install', merge_install=False, symlink_install=False, test_result_base=None, continue_on_error=False, executor='parallel', parallel_workers=12, event_handlers=None, ignore_user_meta=False, metas=['./colcon.meta'], base_paths=['.'], packages_ignore=None, packages_ignore_regex=None, paths=None, packages_up_to=None, packages_up_to_regex=None, packages_above=None, packages_above_and_dependencies=None, packages_above_depth=None, packages_select_by_dep=None, packages_skip_by_dep=None, packages_skip_up_to=None, packages_select_build_failed=False, packages_skip_build_finished=False, packages_select_test_failures=False, packages_skip_test_passed=False, packages_select=None, packages_skip=None, packages_select_regex=None, packages_skip_regex=None, packages_start=None, packages_end=None, allow_overriding=[], cmake_args=None, cmake_target=None, cmake_target_skip_unavailable=False, cmake_clean_cache=False, cmake_clean_first=False, cmake_force_configure=False, ament_cmake_args=None, catkin_cmake_args=None, catkin_skip_building_tests=False, mixin_files=None, mixin=None, verb_parser=<colcon_mixin.mixin.mixin_argument.MixinArgumentDecorator object at 0x7cd1d2961ab0>, verb_extension=<colcon_core.verb.build.BuildVerb object at 0x7cd1d2ada770>, main=<bound method BuildVerb.main of <colcon_core.verb.build.BuildVerb object at 0x7cd1d2ada770>>, mixin_verb=('build',))
[0.174s] Level 1:colcon.colcon_core.package_discovery:discover_packages(colcon_meta) check parameters
[0.175s] Level 1:colcon.colcon_core.package_discovery:discover_packages(recursive) check parameters
[0.175s] Level 1:colcon.colcon_core.package_discovery:discover_packages(ignore) check parameters
[0.175s] Level 1:colcon.colcon_core.package_discovery:discover_packages(path) check parameters
[0.175s] Level 1:colcon.colcon_core.package_discovery:discover_packages(colcon_meta) discover
[0.175s] Level 1:colcon.colcon_core.package_discovery:discover_packages(recursive) discover
[0.175s] INFO:colcon.colcon_core.package_discovery:Crawling recursively for packages in '/home/bhadha/pico_ws'
[0.175s] Level 1:colcon.colcon_core.package_identification:_identify(.) by extensions ['ignore', 'ignore_ament_install']
[0.175s] Level 1:colcon.colcon_core.package_identification:_identify(.) by extension 'ignore'
[0.175s] Level 1:colcon.colcon_core.package_identification:_identify(.) by extension 'ignore_ament_install'
[0.175s] Level 1:colcon.colcon_core.package_identification:_identify(.) by extensions ['colcon_pkg']
[0.175s] Level 1:colcon.colcon_core.package_identification:_identify(.) by extension 'colcon_pkg'
[0.175s] Level 1:colcon.colcon_core.package_identification:_identify(.) by extensions ['colcon_meta']
[0.175s] Level 1:colcon.colcon_core.package_identification:_identify(.) by extension 'colcon_meta'
[0.175s] Level 1:colcon.colcon_core.package_identification:_identify(.) by extensions ['ros']
[0.175s] Level 1:colcon.colcon_core.package_identification:_identify(.) by extension 'ros'
[0.182s] Level 1:colcon.colcon_core.package_identification:_identify(.) by extensions ['cmake', 'python']
[0.182s] Level 1:colcon.colcon_core.package_identification:_identify(.) by extension 'cmake'
[0.182s] Level 1:colcon.colcon_core.package_identification:_identify(.) by extension 'python'
[0.182s] Level 1:colcon.colcon_core.package_identification:_identify(.) by extensions ['python_setup_py']
[0.182s] Level 1:colcon.colcon_core.package_identification:_identify(.) by extension 'python_setup_py'
[0.182s] Level 1:colcon.colcon_core.package_identification:_identify(build) by extensions ['ignore', 'ignore_ament_install']
[0.182s] Level 1:colcon.colcon_core.package_identification:_identify(build) by extension 'ignore'
[0.182s] Level 1:colcon.colcon_core.package_identification:_identify(build) ignored
[0.183s] Level 1:colcon.colcon_core.package_identification:_identify(install) by extensions ['ignore', 'ignore_ament_install']
[0.183s] Level 1:colcon.colcon_core.package_identification:_identify(install) by extension 'ignore'
[0.183s] Level 1:colcon.colcon_core.package_identification:_identify(install) ignored
[0.183s] Level 1:colcon.colcon_core.package_identification:_identify(log) by extensions ['ignore', 'ignore_ament_install']
[0.183s] Level 1:colcon.colcon_core.package_identification:_identify(log) by extension 'ignore'
[0.183s] Level 1:colcon.colcon_core.package_identification:_identify(log) ignored
[0.183s] Level 1:colcon.colcon_core.package_identification:_identify(src) by extensions ['ignore', 'ignore_ament_install']
[0.183s] Level 1:colcon.colcon_core.package_identification:_identify(src) by extension 'ignore'
[0.183s] Level 1:colcon.colcon_core.package_identification:_identify(src) by extension 'ignore_ament_install'
[0.183s] Level 1:colcon.colcon_core.package_identification:_identify(src) by extensions ['colcon_pkg']
[0.183s] Level 1:colcon.colcon_core.package_identification:_identify(src) by extension 'colcon_pkg'
[0.183s] Level 1:colcon.colcon_core.package_identification:_identify(src) by extensions ['colcon_meta']
[0.183s] Level 1:colcon.colcon_core.package_identification:_identify(src) by extension 'colcon_meta'
[0.183s] Level 1:colcon.colcon_core.package_identification:_identify(src) by extensions ['ros']
[0.183s] Level 1:colcon.colcon_core.package_identification:_identify(src) by extension 'ros'
[0.183s] Level 1:colcon.colcon_core.package_identification:_identify(src) by extensions ['cmake', 'python']
[0.183s] Level 1:colcon.colcon_core.package_identification:_identify(src) by extension 'cmake'
[0.183s] Level 1:colcon.colcon_core.package_identification:_identify(src) by extension 'python'
[0.183s] Level 1:colcon.colcon_core.package_identification:_identify(src) by extensions ['python_setup_py']
[0.183s] Level 1:colcon.colcon_core.package_identification:_identify(src) by extension 'python_setup_py'
[0.183s] Level 1:colcon.colcon_core.package_identification:_identify(src/controller_tuner) by extensions ['ignore', 'ignore_ament_install']
[0.183s] Level 1:colcon.colcon_core.package_identification:_identify(src/controller_tuner) by extension 'ignore'
[0.183s] Level 1:colcon.colcon_core.package_identification:_identify(src/controller_tuner) by extension 'ignore_ament_install'
[0.183s] Level 1:colcon.colcon_core.package_identification:_identify(src/controller_tuner) by extensions ['colcon_pkg']
[0.183s] Level 1:colcon.colcon_core.package_identification:_identify(src/controller_tuner) by extension 'colcon_pkg'
[0.183s] Level 1:colcon.colcon_core.package_identification:_identify(src/controller_tuner) by extensions ['colcon_meta']
[0.183s] Level 1:colcon.colcon_core.package_identification:_identify(src/controller_tuner) by extension 'colcon_meta'
[0.183s] Level 1:colcon.colcon_core.package_identification:_identify(src/controller_tuner) by extensions ['ros']
[0.183s] Level 1:colcon.colcon_core.package_identification:_identify(src/controller_tuner) by extension 'ros'
[0.183s] Level 1:colcon.colcon_core.package_identification:_identify(src/controller_tuner) by extensions ['cmake', 'python']
[0.183s] Level 1:colcon.colcon_core.package_identification:_identify(src/controller_tuner) by extension 'cmake'
[0.184s] Level 1:colcon.colcon_core.package_identification:_identify(src/controller_tuner) by extension 'python'
[0.184s] Level 1:colcon.colcon_core.package_identification:_identify(src/controller_tuner) by extensions ['python_setup_py']
[0.184s] Level 1:colcon.colcon_core.package_identification:_identify(src/controller_tuner) by extension 'python_setup_py'
[0.184s] Level 1:colcon.colcon_core.package_identification:_identify(src/controller_tuner/controller_msg) by extensions ['ignore', 'ignore_ament_install']
[0.184s] Level 1:colcon.colcon_core.package_identification:_identify(src/controller_tuner/controller_msg) by extension 'ignore'
[0.184s] Level 1:colcon.colcon_core.package_identification:_identify(src/controller_tuner/controller_msg) by extension 'ignore_ament_install'
[0.184s] Level 1:colcon.colcon_core.package_identification:_identify(src/controller_tuner/controller_msg) by extensions ['colcon_pkg']
[0.184s] Level 1:colcon.colcon_core.package_identification:_identify(src/controller_tuner/controller_msg) by extension 'colcon_pkg'
[0.184s] Level 1:colcon.colcon_core.package_identification:_identify(src/controller_tuner/controller_msg) by extensions ['colcon_meta']
[0.184s] Level 1:colcon.colcon_core.package_identification:_identify(src/controller_tuner/controller_msg) by extension 'colcon_meta'
[0.184s] Level 1:colcon.colcon_core.package_identification:_identify(src/controller_tuner/controller_msg) by extensions ['ros']
[0.184s] Level 1:colcon.colcon_core.package_identification:_identify(src/controller_tuner/controller_msg) by extension 'ros'
[0.185s] DEBUG:colcon.colcon_core.package_identification:Package 'src/controller_tuner/controller_msg' with type 'ros.ament_cmake' and name 'controller_msg'
[0.185s] Level 1:colcon.colcon_core.package_identification:_identify(src/controller_tuner/error_msg) by extensions ['ignore', 'ignore_ament_install']
[0.186s] Level 1:colcon.colcon_core.package_identification:_identify(src/controller_tuner/error_msg) by extension 'ignore'
[0.186s] Level 1:colcon.colcon_core.package_identification:_identify(src/controller_tuner/error_msg) by extension 'ignore_ament_install'
[0.186s] Level 1:colcon.colcon_core.package_identification:_identify(src/controller_tuner/error_msg) by extensions ['colcon_pkg']
[0.186s] Level 1:colcon.colcon_core.package_identification:_identify(src/controller_tuner/error_msg) by extension 'colcon_pkg'
[0.186s] Level 1:colcon.colcon_core.package_identification:_identify(src/controller_tuner/error_msg) by extensions ['colcon_meta']
[0.186s] Level 1:colcon.colcon_core.package_identification:_identify(src/controller_tuner/error_msg) by extension 'colcon_meta'
[0.186s] Level 1:colcon.colcon_core.package_identification:_identify(src/controller_tuner/error_msg) by extensions ['ros']
[0.186s] Level 1:colcon.colcon_core.package_identification:_identify(src/controller_tuner/error_msg) by extension 'ros'
[0.186s] DEBUG:colcon.colcon_core.package_identification:Package 'src/controller_tuner/error_msg' with type 'ros.ament_cmake' and name 'error_msg'
[0.186s] Level 1:colcon.colcon_core.package_identification:_identify(src/controller_tuner/pid_tune) by extensions ['ignore', 'ignore_ament_install']
[0.186s] Level 1:colcon.colcon_core.package_identification:_identify(src/controller_tuner/pid_tune) by extension 'ignore'
[0.186s] Level 1:colcon.colcon_core.package_identification:_identify(src/controller_tuner/pid_tune) by extension 'ignore_ament_install'
[0.186s] Level 1:colcon.colcon_core.package_identification:_identify(src/controller_tuner/pid_tune) by extensions ['colcon_pkg']
[0.186s] Level 1:colcon.colcon_core.package_identification:_identify(src/controller_tuner/pid_tune) by extension 'colcon_pkg'
[0.186s] Level 1:colcon.colcon_core.package_identification:_identify(src/controller_tuner/pid_tune) by extensions ['colcon_meta']
[0.186s] Level 1:colcon.colcon_core.package_identification:_identify(src/controller_tuner/pid_tune) by extension 'colcon_meta'
[0.186s] Level 1:colcon.colcon_core.package_identification:_identify(src/controller_tuner/pid_tune) by extensions ['ros']
[0.186s] Level 1:colcon.colcon_core.package_identification:_identify(src/controller_tuner/pid_tune) by extension 'ros'
[0.187s] DEBUG:colcon.colcon_core.package_identification:Package 'src/controller_tuner/pid_tune' with type 'ros.ament_cmake' and name 'pid_tune'
[0.187s] Level 1:colcon.colcon_core.package_identification:_identify(src/mav_comm) by extensions ['ignore', 'ignore_ament_install']
[0.187s] Level 1:colcon.colcon_core.package_identification:_identify(src/mav_comm) by extension 'ignore'
[0.187s] Level 1:colcon.colcon_core.package_identification:_identify(src/mav_comm) by extension 'ignore_ament_install'
[0.187s] Level 1:colcon.colcon_core.package_identification:_identify(src/mav_comm) by extensions ['colcon_pkg']
[0.187s] Level 1:colcon.colcon_core.package_identification:_identify(src/mav_comm) by extension 'colcon_pkg'
[0.187s] Level 1:colcon.colcon_core.package_identification:_identify(src/mav_comm) by extensions ['colcon_meta']
[0.187s] Level 1:colcon.colcon_core.package_identification:_identify(src/mav_comm) by extension 'colcon_meta'
[0.187s] Level 1:colcon.colcon_core.package_identification:_identify(src/mav_comm) by extensions ['ros']
[0.187s] Level 1:colcon.colcon_core.package_identification:_identify(src/mav_comm) by extension 'ros'
[0.187s] Level 1:colcon.colcon_core.package_identification:_identify(src/mav_comm) by extensions ['cmake', 'python']
[0.187s] Level 1:colcon.colcon_core.package_identification:_identify(src/mav_comm) by extension 'cmake'
[0.187s] Level 1:colcon.colcon_core.package_identification:_identify(src/mav_comm) by extension 'python'
[0.187s] Level 1:colcon.colcon_core.package_identification:_identify(src/mav_comm) by extensions ['python_setup_py']
[0.187s] Level 1:colcon.colcon_core.package_identification:_identify(src/mav_comm) by extension 'python_setup_py'
[0.187s] Level 1:colcon.colcon_core.package_identification:_identify(src/mav_comm/mav_comm) by extensions ['ignore', 'ignore_ament_install']
[0.187s] Level 1:colcon.colcon_core.package_identification:_identify(src/mav_comm/mav_comm) by extension 'ignore'
[0.187s] Level 1:colcon.colcon_core.package_identification:_identify(src/mav_comm/mav_comm) by extension 'ignore_ament_install'
[0.187s] Level 1:colcon.colcon_core.package_identification:_identify(src/mav_comm/mav_comm) by extensions ['colcon_pkg']
[0.187s] Level 1:colcon.colcon_core.package_identification:_identify(src/mav_comm/mav_comm) by extension 'colcon_pkg'
[0.188s] Level 1:colcon.colcon_core.package_identification:_identify(src/mav_comm/mav_comm) by extensions ['colcon_meta']
[0.188s] Level 1:colcon.colcon_core.package_identification:_identify(src/mav_comm/mav_comm) by extension 'colcon_meta'
[0.188s] Level 1:colcon.colcon_core.package_identification:_identify(src/mav_comm/mav_comm) by extensions ['ros']
[0.188s] Level 1:colcon.colcon_core.package_identification:_identify(src/mav_comm/mav_comm) by extension 'ros'
[0.188s] DEBUG:colcon.colcon_core.package_identification:Package 'src/mav_comm/mav_comm' with type 'ros.ament_cmake' and name 'mav_comm'
[0.188s] Level 1:colcon.colcon_core.package_identification:_identify(src/mav_comm/mav_msgs) by extensions ['ignore', 'ignore_ament_install']
[0.188s] Level 1:colcon.colcon_core.package_identification:_identify(src/mav_comm/mav_msgs) by extension 'ignore'
[0.188s] Level 1:colcon.colcon_core.package_identification:_identify(src/mav_comm/mav_msgs) by extension 'ignore_ament_install'
[0.188s] Level 1:colcon.colcon_core.package_identification:_identify(src/mav_comm/mav_msgs) by extensions ['colcon_pkg']
[0.188s] Level 1:colcon.colcon_core.package_identification:_identify(src/mav_comm/mav_msgs) by extension 'colcon_pkg'
[0.188s] Level 1:colcon.colcon_core.package_identification:_identify(src/mav_comm/mav_msgs) by extensions ['colcon_meta']
[0.188s] Level 1:colcon.colcon_core.package_identification:_identify(src/mav_comm/mav_msgs) by extension 'colcon_meta'
[0.188s] Level 1:colcon.colcon_core.package_identification:_identify(src/mav_comm/mav_msgs) by extensions ['ros']
[0.188s] Level 1:colcon.colcon_core.package_identification:_identify(src/mav_comm/mav_msgs) by extension 'ros'
[0.189s] DEBUG:colcon.colcon_core.package_identification:Package 'src/mav_comm/mav_msgs' with type 'ros.ament_cmake' and name 'mav_msgs'
[0.189s] Level 1:colcon.colcon_core.package_identification:_identify(src/mav_comm/mav_planning_msgs) by extensions ['ignore', 'ignore_ament_install']
[0.189s] Level 1:colcon.colcon_core.package_identification:_identify(src/mav_comm/mav_planning_msgs) by extension 'ignore'
[0.189s] Level 1:colcon.colcon_core.package_identification:_identify(src/mav_comm/mav_planning_msgs) by extension 'ignore_ament_install'
[0.189s] Level 1:colcon.colcon_core.package_identification:_identify(src/mav_comm/mav_planning_msgs) by extensions ['colcon_pkg']
[0.189s] Level 1:colcon.colcon_core.package_identification:_identify(src/mav_comm/mav_planning_msgs) by extension 'colcon_pkg'
[0.189s] Level 1:colcon.colcon_core.package_identification:_identify(src/mav_comm/mav_planning_msgs) by extensions ['colcon_meta']
[0.189s] Level 1:colcon.colcon_core.package_identification:_identify(src/mav_comm/mav_planning_msgs) by extension 'colcon_meta'
[0.189s] Level 1:colcon.colcon_core.package_identification:_identify(src/mav_comm/mav_planning_msgs) by extensions ['ros']
[0.189s] Level 1:colcon.colcon_core.package_identification:_identify(src/mav_comm/mav_planning_msgs) by extension 'ros'
[0.190s] DEBUG:colcon.colcon_core.package_identification:Package 'src/mav_comm/mav_planning_msgs' with type 'ros.ament_cmake' and name 'mav_planning_msgs'
[0.190s] Level 1:colcon.colcon_core.package_identification:_identify(src/mav_comm/mav_state_machine_msgs) by extensions ['ignore', 'ignore_ament_install']
[0.190s] Level 1:colcon.colcon_core.package_identification:_identify(src/mav_comm/mav_state_machine_msgs) by extension 'ignore'
[0.190s] Level 1:colcon.colcon_core.package_identification:_identify(src/mav_comm/mav_state_machine_msgs) by extension 'ignore_ament_install'
[0.190s] Level 1:colcon.colcon_core.package_identification:_identify(src/mav_comm/mav_state_machine_msgs) by extensions ['colcon_pkg']
[0.190s] Level 1:colcon.colcon_core.package_identification:_identify(src/mav_comm/mav_state_machine_msgs) by extension 'colcon_pkg'
[0.190s] Level 1:colcon.colcon_core.package_identification:_identify(src/mav_comm/mav_state_machine_msgs) by extensions ['colcon_meta']
[0.190s] Level 1:colcon.colcon_core.package_identification:_identify(src/mav_comm/mav_state_machine_msgs) by extension 'colcon_meta'
[0.190s] Level 1:colcon.colcon_core.package_identification:_identify(src/mav_comm/mav_state_machine_msgs) by extensions ['ros']
[0.190s] Level 1:colcon.colcon_core.package_identification:_identify(src/mav_comm/mav_state_machine_msgs) by extension 'ros'
[0.191s] DEBUG:colcon.colcon_core.package_identification:Package 'src/mav_comm/mav_state_machine_msgs' with type 'ros.ament_cmake' and name 'mav_state_machine_msgs'
[0.191s] Level 1:colcon.colcon_core.package_identification:_identify(src/mav_comm/mav_system_msgs) by extensions ['ignore', 'ignore_ament_install']
[0.191s] Level 1:colcon.colcon_core.package_identification:_identify(src/mav_comm/mav_system_msgs) by extension 'ignore'
[0.191s] Level 1:colcon.colcon_core.package_identification:_identify(src/mav_comm/mav_system_msgs) by extension 'ignore_ament_install'
[0.191s] Level 1:colcon.colcon_core.package_identification:_identify(src/mav_comm/mav_system_msgs) by extensions ['colcon_pkg']
[0.191s] Level 1:colcon.colcon_core.package_identification:_identify(src/mav_comm/mav_system_msgs) by extension 'colcon_pkg'
[0.191s] Level 1:colcon.colcon_core.package_identification:_identify(src/mav_comm/mav_system_msgs) by extensions ['colcon_meta']
[0.191s] Level 1:colcon.colcon_core.package_identification:_identify(src/mav_comm/mav_system_msgs) by extension 'colcon_meta'
[0.191s] Level 1:colcon.colcon_core.package_identification:_identify(src/mav_comm/mav_system_msgs) by extensions ['ros']
[0.191s] Level 1:colcon.colcon_core.package_identification:_identify(src/mav_comm/mav_system_msgs) by extension 'ros'
[0.191s] DEBUG:colcon.colcon_core.package_identification:Package 'src/mav_comm/mav_system_msgs' with type 'ros.ament_cmake' and name 'mav_system_msgs'
[0.191s] Level 1:colcon.colcon_core.package_identification:_identify(src/rotors_simulator) by extensions ['ignore', 'ignore_ament_install']
[0.191s] Level 1:colcon.colcon_core.package_identification:_identify(src/rotors_simulator) by extension 'ignore'
[0.191s] Level 1:colcon.colcon_core.package_identification:_identify(src/rotors_simulator) by extension 'ignore_ament_install'
[0.191s] Level 1:colcon.colcon_core.package_identification:_identify(src/rotors_simulator) by extensions ['colcon_pkg']
[0.191s] Level 1:colcon.colcon_core.package_identification:_identify(src/rotors_simulator) by extension 'colcon_pkg'
[0.191s] Level 1:colcon.colcon_core.package_identification:_identify(src/rotors_simulator) by extensions ['colcon_meta']
[0.191s] Level 1:colcon.colcon_core.package_identification:_identify(src/rotors_simulator) by extension 'colcon_meta'
[0.192s] Level 1:colcon.colcon_core.package_identification:_identify(src/rotors_simulator) by extensions ['ros']
[0.192s] Level 1:colcon.colcon_core.package_identification:_identify(src/rotors_simulator) by extension 'ros'
[0.192s] Level 1:colcon.colcon_core.package_identification:_identify(src/rotors_simulator) by extensions ['cmake', 'python']
[0.192s] Level 1:colcon.colcon_core.package_identification:_identify(src/rotors_simulator) by extension 'cmake'
[0.192s] Level 1:colcon.colcon_core.package_identification:_identify(src/rotors_simulator) by extension 'python'
[0.192s] Level 1:colcon.colcon_core.package_identification:_identify(src/rotors_simulator) by extensions ['python_setup_py']
[0.192s] Level 1:colcon.colcon_core.package_identification:_identify(src/rotors_simulator) by extension 'python_setup_py'
[0.192s] Level 1:colcon.colcon_core.package_identification:_identify(src/rotors_simulator/rotors_control) by extensions ['ignore', 'ignore_ament_install']
[0.192s] Level 1:colcon.colcon_core.package_identification:_identify(src/rotors_simulator/rotors_control) by extension 'ignore'
[0.192s] Level 1:colcon.colcon_core.package_identification:_identify(src/rotors_simulator/rotors_control) by extension 'ignore_ament_install'
[0.192s] Level 1:colcon.colcon_core.package_identification:_identify(src/rotors_simulator/rotors_control) by extensions ['colcon_pkg']
[0.192s] Level 1:colcon.colcon_core.package_identification:_identify(src/rotors_simulator/rotors_control) by extension 'colcon_pkg'
[0.192s] Level 1:colcon.colcon_core.package_identification:_identify(src/rotors_simulator/rotors_control) by extensions ['colcon_meta']
[0.192s] Level 1:colcon.colcon_core.package_identification:_identify(src/rotors_simulator/rotors_control) by extension 'colcon_meta'
[0.192s] Level 1:colcon.colcon_core.package_identification:_identify(src/rotors_simulator/rotors_control) by extensions ['ros']
[0.192s] Level 1:colcon.colcon_core.package_identification:_identify(src/rotors_simulator/rotors_control) by extension 'ros'
[0.192s] DEBUG:colcon.colcon_core.package_identification:Package 'src/rotors_simulator/rotors_control' with type 'ros.ament_cmake' and name 'rotors_control'
[0.193s] Level 1:colcon.colcon_core.package_identification:_identify(src/rotors_simulator/rotors_swift_description) by extensions ['ignore', 'ignore_ament_install']
[0.193s] Level 1:colcon.colcon_core.package_identification:_identify(src/rotors_simulator/rotors_swift_description) by extension 'ignore'
[0.193s] Level 1:colcon.colcon_core.package_identification:_identify(src/rotors_simulator/rotors_swift_description) by extension 'ignore_ament_install'
[0.193s] Level 1:colcon.colcon_core.package_identification:_identify(src/rotors_simulator/rotors_swift_description) by extensions ['colcon_pkg']
[0.193s] Level 1:colcon.colcon_core.package_identification:_identify(src/rotors_simulator/rotors_swift_description) by extension 'colcon_pkg'
[0.193s] Level 1:colcon.colcon_core.package_identification:_identify(src/rotors_simulator/rotors_swift_description) by extensions ['colcon_meta']
[0.193s] Level 1:colcon.colcon_core.package_identification:_identify(src/rotors_simulator/rotors_swift_description) by extension 'colcon_meta'
[0.193s] Level 1:colcon.colcon_core.package_identification:_identify(src/rotors_simulator/rotors_swift_description) by extensions ['ros']
[0.193s] Level 1:colcon.colcon_core.package_identification:_identify(src/rotors_simulator/rotors_swift_description) by extension 'ros'
[0.193s] DEBUG:colcon.colcon_core.package_identification:Package 'src/rotors_simulator/rotors_swift_description' with type 'ros.ament_cmake' and name 'rotors_swift_description'
[0.193s] Level 1:colcon.colcon_core.package_identification:_identify(src/rotors_simulator/rotors_swift_gazebo) by extensions ['ignore', 'ignore_ament_install']
[0.193s] Level 1:colcon.colcon_core.package_identification:_identify(src/rotors_simulator/rotors_swift_gazebo) by extension 'ignore'
[0.193s] Level 1:colcon.colcon_core.package_identification:_identify(src/rotors_simulator/rotors_swift_gazebo) by extension 'ignore_ament_install'
[0.193s] Level 1:colcon.colcon_core.package_identification:_identify(src/rotors_simulator/rotors_swift_gazebo) by extensions ['colcon_pkg']
[0.193s] Level 1:colcon.colcon_core.package_identification:_identify(src/rotors_simulator/rotors_swift_gazebo) by extension 'colcon_pkg'
[0.193s] Level 1:colcon.colcon_core.package_identification:_identify(src/rotors_simulator/rotors_swift_gazebo) by extensions ['colcon_meta']
[0.193s] Level 1:colcon.colcon_core.package_identification:_identify(src/rotors_simulator/rotors_swift_gazebo) by extension 'colcon_meta'
[0.193s] Level 1:colcon.colcon_core.package_identification:_identify(src/rotors_simulator/rotors_swift_gazebo) by extensions ['ros']
[0.193s] Level 1:colcon.colcon_core.package_identification:_identify(src/rotors_simulator/rotors_swift_gazebo) by extension 'ros'
[0.194s] DEBUG:colcon.colcon_core.package_identification:Package 'src/rotors_simulator/rotors_swift_gazebo' with type 'ros.ament_cmake' and name 'rotors_swift_gazebo'
[0.194s] Level 1:colcon.colcon_core.package_identification:_identify(src/rotors_simulator/rotors_swift_interface) by extensions ['ignore', 'ignore_ament_install']
[0.194s] Level 1:colcon.colcon_core.package_identification:_identify(src/rotors_simulator/rotors_swift_interface) by extension 'ignore'
[0.194s] Level 1:colcon.colcon_core.package_identification:_identify(src/rotors_simulator/rotors_swift_interface) by extension 'ignore_ament_install'
[0.194s] Level 1:colcon.colcon_core.package_identification:_identify(src/rotors_simulator/rotors_swift_interface) by extensions ['colcon_pkg']
[0.194s] Level 1:colcon.colcon_core.package_identification:_identify(src/rotors_simulator/rotors_swift_interface) by extension 'colcon_pkg'
[0.194s] Level 1:colcon.colcon_core.package_identification:_identify(src/rotors_simulator/rotors_swift_interface) by extensions ['colcon_meta']
[0.194s] Level 1:colcon.colcon_core.package_identification:_identify(src/rotors_simulator/rotors_swift_interface) by extension 'colcon_meta'
[0.194s] Level 1:colcon.colcon_core.package_identification:_identify(src/rotors_simulator/rotors_swift_interface) by extensions ['ros']
[0.194s] Level 1:colcon.colcon_core.package_identification:_identify(src/rotors_simulator/rotors_swift_interface) by extension 'ros'
[0.195s] DEBUG:colcon.colcon_core.package_identification:Package 'src/rotors_simulator/rotors_swift_interface' with type 'ros.ament_cmake' and name 'rotors_swift_interface'
[0.195s] Level 1:colcon.colcon_core.package_identification:_identify(src/rotors_simulator/swift_msgs) by extensions ['ignore', 'ignore_ament_install']
[0.195s] Level 1:colcon.colcon_core.package_identification:_identify(src/rotors_simulator/swift_msgs) by extension 'ignore'
[0.195s] Level 1:colcon.colcon_core.package_identification:_identify(src/rotors_simulator/swift_msgs) by extension 'ignore_ament_install'
[0.195s] Level 1:colcon.colcon_core.package_identification:_identify(src/rotors_simulator/swift_msgs) by extensions ['colcon_pkg']
[0.195s] Level 1:colcon.colcon_core.package_identification:_identify(src/rotors_simulator/swift_msgs) by extension 'colcon_pkg'
[0.195s] Level 1:colcon.colcon_core.package_identification:_identify(src/rotors_simulator/swift_msgs) by extensions ['colcon_meta']
[0.195s] Level 1:colcon.colcon_core.package_identification:_identify(src/rotors_simulator/swift_msgs) by extension 'colcon_meta'
[0.195s] Level 1:colcon.colcon_core.package_identification:_identify(src/rotors_simulator/swift_msgs) by extensions ['ros']
[0.195s] Level 1:colcon.colcon_core.package_identification:_identify(src/rotors_simulator/swift_msgs) by extension 'ros'
[0.195s] DEBUG:colcon.colcon_core.package_identification:Package 'src/rotors_simulator/swift_msgs' with type 'ros.ament_cmake' and name 'swift_msgs'
[0.195s] Level 1:colcon.colcon_core.package_identification:_identify(src/swift_pico) by extensions ['ignore', 'ignore_ament_install']
[0.195s] Level 1:colcon.colcon_core.package_identification:_identify(src/swift_pico) by extension 'ignore'
[0.195s] Level 1:colcon.colcon_core.package_identification:_identify(src/swift_pico) by extension 'ignore_ament_install'
[0.195s] Level 1:colcon.colcon_core.package_identification:_identify(src/swift_pico) by extensions ['colcon_pkg']
[0.195s] Level 1:colcon.colcon_core.package_identification:_identify(src/swift_pico) by extension 'colcon_pkg'
[0.195s] Level 1:colcon.colcon_core.package_identification:_identify(src/swift_pico) by extensions ['colcon_meta']
[0.195s] Level 1:colcon.colcon_core.package_identification:_identify(src/swift_pico) by extension 'colcon_meta'
[0.195s] Level 1:colcon.colcon_core.package_identification:_identify(src/swift_pico) by extensions ['ros']
[0.195s] Level 1:colcon.colcon_core.package_identification:_identify(src/swift_pico) by extension 'ros'
[0.196s] DEBUG:colcon.colcon_core.package_identification:Package 'src/swift_pico' with type 'ros.ament_cmake' and name 'swift_pico'
[0.197s] Level 1:colcon.colcon_core.package_identification:_identify(src/swift_pico_description) by extensions ['ignore', 'ignore_ament_install']
[0.197s] Level 1:colcon.colcon_core.package_identification:_identify(src/swift_pico_description) by extension 'ignore'
[0.197s] Level 1:colcon.colcon_core.package_identification:_identify(src/swift_pico_description) by extension 'ignore_ament_install'
[0.197s] Level 1:colcon.colcon_core.package_identification:_identify(src/swift_pico_description) by extensions ['colcon_pkg']
[0.197s] Level 1:colcon.colcon_core.package_identification:_identify(src/swift_pico_description) by extension 'colcon_pkg'
[0.197s] Level 1:colcon.colcon_core.package_identification:_identify(src/swift_pico_description) by extensions ['colcon_meta']
[0.197s] Level 1:colcon.colcon_core.package_identification:_identify(src/swift_pico_description) by extension 'colcon_meta'
[0.197s] Level 1:colcon.colcon_core.package_identification:_identify(src/swift_pico_description) by extensions ['ros']
[0.197s] Level 1:colcon.colcon_core.package_identification:_identify(src/swift_pico_description) by extension 'ros'
[0.197s] DEBUG:colcon.colcon_core.package_identification:Package 'src/swift_pico_description' with type 'ros.ament_cmake' and name 'swift_pico_description'
[0.197s] Level 1:colcon.colcon_core.package_identification:_identify(src/whycode-ros2) by extensions ['ignore', 'ignore_ament_install']
[0.197s] Level 1:colcon.colcon_core.package_identification:_identify(src/whycode-ros2) by extension 'ignore'
[0.197s] Level 1:colcon.colcon_core.package_identification:_identify(src/whycode-ros2) by extension 'ignore_ament_install'
[0.197s] Level 1:colcon.colcon_core.package_identification:_identify(src/whycode-ros2) by extensions ['colcon_pkg']
[0.197s] Level 1:colcon.colcon_core.package_identification:_identify(src/whycode-ros2) by extension 'colcon_pkg'
[0.197s] Level 1:colcon.colcon_core.package_identification:_identify(src/whycode-ros2) by extensions ['colcon_meta']
[0.197s] Level 1:colcon.colcon_core.package_identification:_identify(src/whycode-ros2) by extension 'colcon_meta'
[0.197s] Level 1:colcon.colcon_core.package_identification:_identify(src/whycode-ros2) by extensions ['ros']
[0.197s] Level 1:colcon.colcon_core.package_identification:_identify(src/whycode-ros2) by extension 'ros'
[0.197s] Level 1:colcon.colcon_core.package_identification:_identify(src/whycode-ros2) by extensions ['cmake', 'python']
[0.197s] Level 1:colcon.colcon_core.package_identification:_identify(src/whycode-ros2) by extension 'cmake'
[0.197s] Level 1:colcon.colcon_core.package_identification:_identify(src/whycode-ros2) by extension 'python'
[0.197s] Level 1:colcon.colcon_core.package_identification:_identify(src/whycode-ros2) by extensions ['python_setup_py']
[0.197s] Level 1:colcon.colcon_core.package_identification:_identify(src/whycode-ros2) by extension 'python_setup_py'
[0.198s] Level 1:colcon.colcon_core.package_identification:_identify(src/whycode-ros2/whycode-ros2) by extensions ['ignore', 'ignore_ament_install']
[0.198s] Level 1:colcon.colcon_core.package_identification:_identify(src/whycode-ros2/whycode-ros2) by extension 'ignore'
[0.198s] Level 1:colcon.colcon_core.package_identification:_identify(src/whycode-ros2/whycode-ros2) by extension 'ignore_ament_install'
[0.198s] Level 1:colcon.colcon_core.package_identification:_identify(src/whycode-ros2/whycode-ros2) by extensions ['colcon_pkg']
[0.198s] Level 1:colcon.colcon_core.package_identification:_identify(src/whycode-ros2/whycode-ros2) by extension 'colcon_pkg'
[0.198s] Level 1:colcon.colcon_core.package_identification:_identify(src/whycode-ros2/whycode-ros2) by extensions ['colcon_meta']
[0.198s] Level 1:colcon.colcon_core.package_identification:_identify(src/whycode-ros2/whycode-ros2) by extension 'colcon_meta'
[0.198s] Level 1:colcon.colcon_core.package_identification:_identify(src/whycode-ros2/whycode-ros2) by extensions ['ros']
[0.198s] Level 1:colcon.colcon_core.package_identification:_identify(src/whycode-ros2/whycode-ros2) by extension 'ros'
[0.199s] DEBUG:colcon.colcon_core.package_identification:Package 'src/whycode-ros2/whycode-ros2' with type 'ros.ament_cmake' and name 'whycode'
[0.199s] Level 1:colcon.colcon_core.package_identification:_identify(src/whycode-ros2/whycode-ros2-interfaces) by extensions ['ignore', 'ignore_ament_install']
[0.199s] Level 1:colcon.colcon_core.package_identification:_identify(src/whycode-ros2/whycode-ros2-interfaces) by extension 'ignore'
[0.199s] Level 1:colcon.colcon_core.package_identification:_identify(src/whycode-ros2/whycode-ros2-interfaces) by extension 'ignore_ament_install'
[0.199s] Level 1:colcon.colcon_core.package_identification:_identify(src/whycode-ros2/whycode-ros2-interfaces) by extensions ['colcon_pkg']
[0.199s] Level 1:colcon.colcon_core.package_identification:_identify(src/whycode-ros2/whycode-ros2-interfaces) by extension 'colcon_pkg'
[0.199s] Level 1:colcon.colcon_core.package_identification:_identify(src/whycode-ros2/whycode-ros2-interfaces) by extensions ['colcon_meta']
[0.199s] Level 1:colcon.colcon_core.package_identification:_identify(src/whycode-ros2/whycode-ros2-interfaces) by extension 'colcon_meta'
[0.199s] Level 1:colcon.colcon_core.package_identification:_identify(src/whycode-ros2/whycode-ros2-interfaces) by extensions ['ros']
[0.199s] Level 1:colcon.colcon_core.package_identification:_identify(src/whycode-ros2/whycode-ros2-interfaces) by extension 'ros'
[0.200s] DEBUG:colcon.colcon_core.package_identification:Package 'src/whycode-ros2/whycode-ros2-interfaces' with type 'ros.ament_cmake' and name 'whycode_interfaces'
[0.200s] Level 1:colcon.colcon_core.package_discovery:discover_packages(recursive) using defaults
[0.200s] Level 1:colcon.colcon_core.package_discovery:discover_packages(ignore) discover
[0.200s] Level 1:colcon.colcon_core.package_discovery:discover_packages(ignore) using defaults
[0.200s] Level 1:colcon.colcon_core.package_discovery:discover_packages(path) discover
[0.200s] Level 1:colcon.colcon_core.package_discovery:discover_packages(path) using defaults
[0.222s] Level 1:colcon.colcon_core.package_discovery:discover_packages(prefix_path) check parameters
[0.223s] Level 1:colcon.colcon_core.package_discovery:discover_packages(prefix_path) discover
[0.224s] DEBUG:colcon.colcon_installed_package_information.package_discovery:Found 274 installed packages in /opt/ros/humble
[0.225s] Level 1:colcon.colcon_core.package_discovery:discover_packages(prefix_path) using defaults
[0.248s] Level 5:colcon.colcon_core.verb:set package 'controller_msg' build argument 'cmake_args' from command line to 'None'
[0.248s] Level 5:colcon.colcon_core.verb:set package 'controller_msg' build argument 'cmake_target' from command line to 'None'
[0.248s] Level 5:colcon.colcon_core.verb:set package 'controller_msg' build argument 'cmake_target_skip_unavailable' from command line to 'False'
[0.248s] Level 5:colcon.colcon_core.verb:set package 'controller_msg' build argument 'cmake_clean_cache' from command line to 'False'
[0.248s] Level 5:colcon.colcon_core.verb:set package 'controller_msg' build argument 'cmake_clean_first' from command line to 'False'
[0.248s] Level 5:colcon.colcon_core.verb:set package 'controller_msg' build argument 'cmake_force_configure' from command line to 'False'
[0.248s] Level 5:colcon.colcon_core.verb:set package 'controller_msg' build argument 'ament_cmake_args' from command line to 'None'
[0.248s] Level 5:colcon.colcon_core.verb:set package 'controller_msg' build argument 'catkin_cmake_args' from command line to 'None'
[0.248s] Level 5:colcon.colcon_core.verb:set package 'controller_msg' build argument 'catkin_skip_building_tests' from command line to 'False'
[0.248s] DEBUG:colcon.colcon_core.verb:Building package 'controller_msg' with the following arguments: {'ament_cmake_args': None, 'build_base': '/home/bhadha/pico_ws/build/controller_msg', 'catkin_cmake_args': None, 'catkin_skip_building_tests': False, 'cmake_args': None, 'cmake_clean_cache': False, 'cmake_clean_first': False, 'cmake_force_configure': False, 'cmake_target': None, 'cmake_target_skip_unavailable': False, 'install_base': '/home/bhadha/pico_ws/install/controller_msg', 'merge_install': False, 'path': '/home/bhadha/pico_ws/src/controller_tuner/controller_msg', 'symlink_install': False, 'test_result_base': None}
[0.248s] Level 5:colcon.colcon_core.verb:set package 'error_msg' build argument 'cmake_args' from command line to 'None'
[0.249s] Level 5:colcon.colcon_core.verb:set package 'error_msg' build argument 'cmake_target' from command line to 'None'
[0.249s] Level 5:colcon.colcon_core.verb:set package 'error_msg' build argument 'cmake_target_skip_unavailable' from command line to 'False'
[0.249s] Level 5:colcon.colcon_core.verb:set package 'error_msg' build argument 'cmake_clean_cache' from command line to 'False'
[0.249s] Level 5:colcon.colcon_core.verb:set package 'error_msg' build argument 'cmake_clean_first' from command line to 'False'
[0.249s] Level 5:colcon.colcon_core.verb:set package 'error_msg' build argument 'cmake_force_configure' from command line to 'False'
[0.249s] Level 5:colcon.colcon_core.verb:set package 'error_msg' build argument 'ament_cmake_args' from command line to 'None'
[0.249s] Level 5:colcon.colcon_core.verb:set package 'error_msg' build argument 'catkin_cmake_args' from command line to 'None'
[0.249s] Level 5:colcon.colcon_core.verb:set package 'error_msg' build argument 'catkin_skip_building_tests' from command line to 'False'
[0.249s] DEBUG:colcon.colcon_core.verb:Building package 'error_msg' with the following arguments: {'ament_cmake_args': None, 'build_base': '/home/bhadha/pico_ws/build/error_msg', 'catkin_cmake_args': None, 'catkin_skip_building_tests': False, 'cmake_args': None, 'cmake_clean_cache': False, 'cmake_clean_first': False, 'cmake_force_configure': False, 'cmake_target': None, 'cmake_target_skip_unavailable': False, 'install_base': '/home/bhadha/pico_ws/install/error_msg', 'merge_install': False, 'path': '/home/bhadha/pico_ws/src/controller_tuner/error_msg', 'symlink_install': False, 'test_result_base': None}
[0.249s] Level 5:colcon.colcon_core.verb:set package 'mav_msgs' build argument 'cmake_args' from command line to 'None'
[0.249s] Level 5:colcon.colcon_core.verb:set package 'mav_msgs' build argument 'cmake_target' from command line to 'None'
[0.249s] Level 5:colcon.colcon_core.verb:set package 'mav_msgs' build argument 'cmake_target_skip_unavailable' from command line to 'False'
[0.249s] Level 5:colcon.colcon_core.verb:set package 'mav_msgs' build argument 'cmake_clean_cache' from command line to 'False'
[0.249s] Level 5:colcon.colcon_core.verb:set package 'mav_msgs' build argument 'cmake_clean_first' from command line to 'False'
[0.249s] Level 5:colcon.colcon_core.verb:set package 'mav_msgs' build argument 'cmake_force_configure' from command line to 'False'
[0.249s] Level 5:colcon.colcon_core.verb:set package 'mav_msgs' build argument 'ament_cmake_args' from command line to 'None'
[0.249s] Level 5:colcon.colcon_core.verb:set package 'mav_msgs' build argument 'catkin_cmake_args' from command line to 'None'
[0.249s] Level 5:colcon.colcon_core.verb:set package 'mav_msgs' build argument 'catkin_skip_building_tests' from command line to 'False'
[0.249s] DEBUG:colcon.colcon_core.verb:Building package 'mav_msgs' with the following arguments: {'ament_cmake_args': None, 'build_base': '/home/bhadha/pico_ws/build/mav_msgs', 'catkin_cmake_args': None, 'catkin_skip_building_tests': False, 'cmake_args': None, 'cmake_clean_cache': False, 'cmake_clean_first': False, 'cmake_force_configure': False, 'cmake_target': None, 'cmake_target_skip_unavailable': False, 'install_base': '/home/bhadha/pico_ws/install/mav_msgs', 'merge_install': False, 'path': '/home/bhadha/pico_ws/src/mav_comm/mav_msgs', 'symlink_install': False, 'test_result_base': None}
[0.249s] Level 5:colcon.colcon_core.verb:set package 'mav_state_machine_msgs' build argument 'cmake_args' from command line to 'None'
[0.249s] Level 5:colcon.colcon_core.verb:set package 'mav_state_machine_msgs' build argument 'cmake_target' from command line to 'None'
[0.249s] Level 5:colcon.colcon_core.verb:set package 'mav_state_machine_msgs' build argument 'cmake_target_skip_unavailable' from command line to 'False'
[0.249s] Level 5:colcon.colcon_core.verb:set package 'mav_state_machine_msgs' build argument 'cmake_clean_cache' from command line to 'False'
[0.249s] Level 5:colcon.colcon_core.verb:set package 'mav_state_machine_msgs' build argument 'cmake_clean_first' from command line to 'False'
[0.249s] Level 5:colcon.colcon_core.verb:set package 'mav_state_machine_msgs' build argument 'cmake_force_configure' from command line to 'False'
[0.249s] Level 5:colcon.colcon_core.verb:set package 'mav_state_machine_msgs' build argument 'ament_cmake_args' from command line to 'None'
[0.249s] Level 5:colcon.colcon_core.verb:set package 'mav_state_machine_msgs' build argument 'catkin_cmake_args' from command line to 'None'
[0.249s] Level 5:colcon.colcon_core.verb:set package 'mav_state_machine_msgs' build argument 'catkin_skip_building_tests' from command line to 'False'
[0.249s] DEBUG:colcon.colcon_core.verb:Building package 'mav_state_machine_msgs' with the following arguments: {'ament_cmake_args': None, 'build_base': '/home/bhadha/pico_ws/build/mav_state_machine_msgs', 'catkin_cmake_args': None, 'catkin_skip_building_tests': False, 'cmake_args': None, 'cmake_clean_cache': False, 'cmake_clean_first': False, 'cmake_force_configure': False, 'cmake_target': None, 'cmake_target_skip_unavailable': False, 'install_base': '/home/bhadha/pico_ws/install/mav_state_machine_msgs', 'merge_install': False, 'path': '/home/bhadha/pico_ws/src/mav_comm/mav_state_machine_msgs', 'symlink_install': False, 'test_result_base': None}
[0.250s] Level 5:colcon.colcon_core.verb:set package 'mav_system_msgs' build argument 'cmake_args' from command line to 'None'
[0.250s] Level 5:colcon.colcon_core.verb:set package 'mav_system_msgs' build argument 'cmake_target' from command line to 'None'
[0.250s] Level 5:colcon.colcon_core.verb:set package 'mav_system_msgs' build argument 'cmake_target_skip_unavailable' from command line to 'False'
[0.250s] Level 5:colcon.colcon_core.verb:set package 'mav_system_msgs' build argument 'cmake_clean_cache' from command line to 'False'
[0.250s] Level 5:colcon.colcon_core.verb:set package 'mav_system_msgs' build argument 'cmake_clean_first' from command line to 'False'
[0.250s] Level 5:colcon.colcon_core.verb:set package 'mav_system_msgs' build argument 'cmake_force_configure' from command line to 'False'
[0.250s] Level 5:colcon.colcon_core.verb:set package 'mav_system_msgs' build argument 'ament_cmake_args' from command line to 'None'
[0.250s] Level 5:colcon.colcon_core.verb:set package 'mav_system_msgs' build argument 'catkin_cmake_args' from command line to 'None'
[0.250s] Level 5:colcon.colcon_core.verb:set package 'mav_system_msgs' build argument 'catkin_skip_building_tests' from command line to 'False'
[0.250s] DEBUG:colcon.colcon_core.verb:Building package 'mav_system_msgs' with the following arguments: {'ament_cmake_args': None, 'build_base': '/home/bhadha/pico_ws/build/mav_system_msgs', 'catkin_cmake_args': None, 'catkin_skip_building_tests': False, 'cmake_args': None, 'cmake_clean_cache': False, 'cmake_clean_first': False, 'cmake_force_configure': False, 'cmake_target': None, 'cmake_target_skip_unavailable': False, 'install_base': '/home/bhadha/pico_ws/install/mav_system_msgs', 'merge_install': False, 'path': '/home/bhadha/pico_ws/src/mav_comm/mav_system_msgs', 'symlink_install': False, 'test_result_base': None}
[0.250s] Level 5:colcon.colcon_core.verb:set package 'rotors_swift_description' build argument 'cmake_args' from command line to 'None'
[0.250s] Level 5:colcon.colcon_core.verb:set package 'rotors_swift_description' build argument 'cmake_target' from command line to 'None'
[0.250s] Level 5:colcon.colcon_core.verb:set package 'rotors_swift_description' build argument 'cmake_target_skip_unavailable' from command line to 'False'
[0.250s] Level 5:colcon.colcon_core.verb:set package 'rotors_swift_description' build argument 'cmake_clean_cache' from command line to 'False'
[0.250s] Level 5:colcon.colcon_core.verb:set package 'rotors_swift_description' build argument 'cmake_clean_first' from command line to 'False'
[0.250s] Level 5:colcon.colcon_core.verb:set package 'rotors_swift_description' build argument 'cmake_force_configure' from command line to 'False'
[0.250s] Level 5:colcon.colcon_core.verb:set package 'rotors_swift_description' build argument 'ament_cmake_args' from command line to 'None'
[0.250s] Level 5:colcon.colcon_core.verb:set package 'rotors_swift_description' build argument 'catkin_cmake_args' from command line to 'None'
[0.250s] Level 5:colcon.colcon_core.verb:set package 'rotors_swift_description' build argument 'catkin_skip_building_tests' from command line to 'False'
[0.250s] DEBUG:colcon.colcon_core.verb:Building package 'rotors_swift_description' with the following arguments: {'ament_cmake_args': None, 'build_base': '/home/bhadha/pico_ws/build/rotors_swift_description', 'catkin_cmake_args': None, 'catkin_skip_building_tests': False, 'cmake_args': None, 'cmake_clean_cache': False, 'cmake_clean_first': False, 'cmake_force_configure': False, 'cmake_target': None, 'cmake_target_skip_unavailable': False, 'install_base': '/home/bhadha/pico_ws/install/rotors_swift_description', 'merge_install': False, 'path': '/home/bhadha/pico_ws/src/rotors_simulator/rotors_swift_description', 'symlink_install': False, 'test_result_base': None}
[0.250s] Level 5:colcon.colcon_core.verb:set package 'swift_msgs' build argument 'cmake_args' from command line to 'None'
[0.250s] Level 5:colcon.colcon_core.verb:set package 'swift_msgs' build argument 'cmake_target' from command line to 'None'
[0.250s] Level 5:colcon.colcon_core.verb:set package 'swift_msgs' build argument 'cmake_target_skip_unavailable' from command line to 'False'
[0.250s] Level 5:colcon.colcon_core.verb:set package 'swift_msgs' build argument 'cmake_clean_cache' from command line to 'False'
[0.250s] Level 5:colcon.colcon_core.verb:set package 'swift_msgs' build argument 'cmake_clean_first' from command line to 'False'
[0.250s] Level 5:colcon.colcon_core.verb:set package 'swift_msgs' build argument 'cmake_force_configure' from command line to 'False'
[0.250s] Level 5:colcon.colcon_core.verb:set package 'swift_msgs' build argument 'ament_cmake_args' from command line to 'None'
[0.250s] Level 5:colcon.colcon_core.verb:set package 'swift_msgs' build argument 'catkin_cmake_args' from command line to 'None'
[0.250s] Level 5:colcon.colcon_core.verb:set package 'swift_msgs' build argument 'catkin_skip_building_tests' from command line to 'False'
[0.250s] DEBUG:colcon.colcon_core.verb:Building package 'swift_msgs' with the following arguments: {'ament_cmake_args': None, 'build_base': '/home/bhadha/pico_ws/build/swift_msgs', 'catkin_cmake_args': None, 'catkin_skip_building_tests': False, 'cmake_args': None, 'cmake_clean_cache': False, 'cmake_clean_first': False, 'cmake_force_configure': False, 'cmake_target': None, 'cmake_target_skip_unavailable': False, 'install_base': '/home/bhadha/pico_ws/install/swift_msgs', 'merge_install': False, 'path': '/home/bhadha/pico_ws/src/rotors_simulator/swift_msgs', 'symlink_install': False, 'test_result_base': None}
[0.251s] Level 5:colcon.colcon_core.verb:set package 'swift_pico_description' build argument 'cmake_args' from command line to 'None'
[0.251s] Level 5:colcon.colcon_core.verb:set package 'swift_pico_description' build argument 'cmake_target' from command line to 'None'
[0.251s] Level 5:colcon.colcon_core.verb:set package 'swift_pico_description' build argument 'cmake_target_skip_unavailable' from command line to 'False'
[0.251s] Level 5:colcon.colcon_core.verb:set package 'swift_pico_description' build argument 'cmake_clean_cache' from command line to 'False'
[0.251s] Level 5:colcon.colcon_core.verb:set package 'swift_pico_description' build argument 'cmake_clean_first' from command line to 'False'
[0.251s] Level 5:colcon.colcon_core.verb:set package 'swift_pico_description' build argument 'cmake_force_configure' from command line to 'False'
[0.251s] Level 5:colcon.colcon_core.verb:set package 'swift_pico_description' build argument 'ament_cmake_args' from command line to 'None'
[0.251s] Level 5:colcon.colcon_core.verb:set package 'swift_pico_description' build argument 'catkin_cmake_args' from command line to 'None'
[0.251s] Level 5:colcon.colcon_core.verb:set package 'swift_pico_description' build argument 'catkin_skip_building_tests' from command line to 'False'
[0.251s] DEBUG:colcon.colcon_core.verb:Building package 'swift_pico_description' with the following arguments: {'ament_cmake_args': None, 'build_base': '/home/bhadha/pico_ws/build/swift_pico_description', 'catkin_cmake_args': None, 'catkin_skip_building_tests': False, 'cmake_args': None, 'cmake_clean_cache': False, 'cmake_clean_first': False, 'cmake_force_configure': False, 'cmake_target': None, 'cmake_target_skip_unavailable': False, 'install_base': '/home/bhadha/pico_ws/install/swift_pico_description', 'merge_install': False, 'path': '/home/bhadha/pico_ws/src/swift_pico_description', 'symlink_install': False, 'test_result_base': None}
[0.251s] Level 5:colcon.colcon_core.verb:set package 'whycode_interfaces' build argument 'cmake_args' from command line to 'None'
[0.251s] Level 5:colcon.colcon_core.verb:set package 'whycode_interfaces' build argument 'cmake_target' from command line to 'None'
[0.251s] Level 5:colcon.colcon_core.verb:set package 'whycode_interfaces' build argument 'cmake_target_skip_unavailable' from command line to 'False'
[0.251s] Level 5:colcon.colcon_core.verb:set package 'whycode_interfaces' build argument 'cmake_clean_cache' from command line to 'False'
[0.251s] Level 5:colcon.colcon_core.verb:set package 'whycode_interfaces' build argument 'cmake_clean_first' from command line to 'False'
[0.251s] Level 5:colcon.colcon_core.verb:set package 'whycode_interfaces' build argument 'cmake_force_configure' from command line to 'False'
[0.251s] Level 5:colcon.colcon_core.verb:set package 'whycode_interfaces' build argument 'ament_cmake_args' from command line to 'None'
[0.251s] Level 5:colcon.colcon_core.verb:set package 'whycode_interfaces' build argument 'catkin_cmake_args' from command line to 'None'
[0.251s] Level 5:colcon.colcon_core.verb:set package 'whycode_interfaces' build argument 'catkin_skip_building_tests' from command line to 'False'
[0.251s] DEBUG:colcon.colcon_core.verb:Building package 'whycode_interfaces' with the following arguments: {'ament_cmake_args': None, 'build_base': '/home/bhadha/pico_ws/build/whycode_interfaces', 'catkin_cmake_args': None, 'catkin_skip_building_tests': False, 'cmake_args': None, 'cmake_clean_cache': False, 'cmake_clean_first': False, 'cmake_force_configure': False, 'cmake_target': None, 'cmake_target_skip_unavailable': False, 'install_base': '/home/bhadha/pico_ws/install/whycode_interfaces', 'merge_install': False, 'path': '/home/bhadha/pico_ws/src/whycode-ros2/whycode-ros2-interfaces', 'symlink_install': False, 'test_result_base': None}
[0.251s] Level 5:colcon.colcon_core.verb:set package 'mav_planning_msgs' build argument 'cmake_args' from command line to 'None'
[0.251s] Level 5:colcon.colcon_core.verb:set package 'mav_planning_msgs' build argument 'cmake_target' from command line to 'None'
[0.251s] Level 5:colcon.colcon_core.verb:set package 'mav_planning_msgs' build argument 'cmake_target_skip_unavailable' from command line to 'False'
[0.251s] Level 5:colcon.colcon_core.verb:set package 'mav_planning_msgs' build argument 'cmake_clean_cache' from command line to 'False'
[0.251s] Level 5:colcon.colcon_core.verb:set package 'mav_planning_msgs' build argument 'cmake_clean_first' from command line to 'False'
[0.251s] Level 5:colcon.colcon_core.verb:set package 'mav_planning_msgs' build argument 'cmake_force_configure' from command line to 'False'
[0.251s] Level 5:colcon.colcon_core.verb:set package 'mav_planning_msgs' build argument 'ament_cmake_args' from command line to 'None'
[0.251s] Level 5:colcon.colcon_core.verb:set package 'mav_planning_msgs' build argument 'catkin_cmake_args' from command line to 'None'
[0.251s] Level 5:colcon.colcon_core.verb:set package 'mav_planning_msgs' build argument 'catkin_skip_building_tests' from command line to 'False'
[0.251s] DEBUG:colcon.colcon_core.verb:Building package 'mav_planning_msgs' with the following arguments: {'ament_cmake_args': None, 'build_base': '/home/bhadha/pico_ws/build/mav_planning_msgs', 'catkin_cmake_args': None, 'catkin_skip_building_tests': False, 'cmake_args': None, 'cmake_clean_cache': False, 'cmake_clean_first': False, 'cmake_force_configure': False, 'cmake_target': None, 'cmake_target_skip_unavailable': False, 'install_base': '/home/bhadha/pico_ws/install/mav_planning_msgs', 'merge_install': False, 'path': '/home/bhadha/pico_ws/src/mav_comm/mav_planning_msgs', 'symlink_install': False, 'test_result_base': None}
[0.252s] Level 5:colcon.colcon_core.verb:set package 'pid_tune' build argument 'cmake_args' from command line to 'None'
[0.252s] Level 5:colcon.colcon_core.verb:set package 'pid_tune' build argument 'cmake_target' from command line to 'None'
[0.252s] Level 5:colcon.colcon_core.verb:set package 'pid_tune' build argument 'cmake_target_skip_unavailable' from command line to 'False'
[0.252s] Level 5:colcon.colcon_core.verb:set package 'pid_tune' build argument 'cmake_clean_cache' from command line to 'False'
[0.252s] Level 5:colcon.colcon_core.verb:set package 'pid_tune' build argument 'cmake_clean_first' from command line to 'False'
[0.252s] Level 5:colcon.colcon_core.verb:set package 'pid_tune' build argument 'cmake_force_configure' from command line to 'False'
[0.252s] Level 5:colcon.colcon_core.verb:set package 'pid_tune' build argument 'ament_cmake_args' from command line to 'None'
[0.252s] Level 5:colcon.colcon_core.verb:set package 'pid_tune' build argument 'catkin_cmake_args' from command line to 'None'
[0.252s] Level 5:colcon.colcon_core.verb:set package 'pid_tune' build argument 'catkin_skip_building_tests' from command line to 'False'
[0.252s] DEBUG:colcon.colcon_core.verb:Building package 'pid_tune' with the following arguments: {'ament_cmake_args': None, 'build_base': '/home/bhadha/pico_ws/build/pid_tune', 'catkin_cmake_args': None, 'catkin_skip_building_tests': False, 'cmake_args': None, 'cmake_clean_cache': False, 'cmake_clean_first': False, 'cmake_force_configure': False, 'cmake_target': None, 'cmake_target_skip_unavailable': False, 'install_base': '/home/bhadha/pico_ws/install/pid_tune', 'merge_install': False, 'path': '/home/bhadha/pico_ws/src/controller_tuner/pid_tune', 'symlink_install': False, 'test_result_base': None}
[0.252s] Level 5:colcon.colcon_core.verb:set package 'rotors_control' build argument 'cmake_args' from command line to 'None'
[0.252s] Level 5:colcon.colcon_core.verb:set package 'rotors_control' build argument 'cmake_target' from command line to 'None'
[0.252s] Level 5:colcon.colcon_core.verb:set package 'rotors_control' build argument 'cmake_target_skip_unavailable' from command line to 'False'
[0.252s] Level 5:colcon.colcon_core.verb:set package 'rotors_control' build argument 'cmake_clean_cache' from command line to 'False'
[0.252s] Level 5:colcon.colcon_core.verb:set package 'rotors_control' build argument 'cmake_clean_first' from command line to 'False'
[0.252s] Level 5:colcon.colcon_core.verb:set package 'rotors_control' build argument 'cmake_force_configure' from command line to 'False'
[0.252s] Level 5:colcon.colcon_core.verb:set package 'rotors_control' build argument 'ament_cmake_args' from command line to 'None'
[0.252s] Level 5:colcon.colcon_core.verb:set package 'rotors_control' build argument 'catkin_cmake_args' from command line to 'None'
[0.252s] Level 5:colcon.colcon_core.verb:set package 'rotors_control' build argument 'catkin_skip_building_tests' from command line to 'False'
[0.252s] DEBUG:colcon.colcon_core.verb:Building package 'rotors_control' with the following arguments: {'ament_cmake_args': None, 'build_base': '/home/bhadha/pico_ws/build/rotors_control', 'catkin_cmake_args': None, 'catkin_skip_building_tests': False, 'cmake_args': None, 'cmake_clean_cache': False, 'cmake_clean_first': False, 'cmake_force_configure': False, 'cmake_target': None, 'cmake_target_skip_unavailable': False, 'install_base': '/home/bhadha/pico_ws/install/rotors_control', 'merge_install': False, 'path': '/home/bhadha/pico_ws/src/rotors_simulator/rotors_control', 'symlink_install': False, 'test_result_base': None}
[0.252s] Level 5:colcon.colcon_core.verb:set package 'rotors_swift_gazebo' build argument 'cmake_args' from command line to 'None'
[0.252s] Level 5:colcon.colcon_core.verb:set package 'rotors_swift_gazebo' build argument 'cmake_target' from command line to 'None'
[0.252s] Level 5:colcon.colcon_core.verb:set package 'rotors_swift_gazebo' build argument 'cmake_target_skip_unavailable' from command line to 'False'
[0.252s] Level 5:colcon.colcon_core.verb:set package 'rotors_swift_gazebo' build argument 'cmake_clean_cache' from command line to 'False'
[0.252s] Level 5:colcon.colcon_core.verb:set package 'rotors_swift_gazebo' build argument 'cmake_clean_first' from command line to 'False'
[0.252s] Level 5:colcon.colcon_core.verb:set package 'rotors_swift_gazebo' build argument 'cmake_force_configure' from command line to 'False'
[0.252s] Level 5:colcon.colcon_core.verb:set package 'rotors_swift_gazebo' build argument 'ament_cmake_args' from command line to 'None'
[0.252s] Level 5:colcon.colcon_core.verb:set package 'rotors_swift_gazebo' build argument 'catkin_cmake_args' from command line to 'None'
[0.252s] Level 5:colcon.colcon_core.verb:set package 'rotors_swift_gazebo' build argument 'catkin_skip_building_tests' from command line to 'False'
[0.252s] DEBUG:colcon.colcon_core.verb:Building package 'rotors_swift_gazebo' with the following arguments: {'ament_cmake_args': None, 'build_base': '/home/bhadha/pico_ws/build/rotors_swift_gazebo', 'catkin_cmake_args': None, 'catkin_skip_building_tests': False, 'cmake_args': None, 'cmake_clean_cache': False, 'cmake_clean_first': False, 'cmake_force_configure': False, 'cmake_target': None, 'cmake_target_skip_unavailable': False, 'install_base': '/home/bhadha/pico_ws/install/rotors_swift_gazebo', 'merge_install': False, 'path': '/home/bhadha/pico_ws/src/rotors_simulator/rotors_swift_gazebo', 'symlink_install': False, 'test_result_base': None}
[0.253s] Level 5:colcon.colcon_core.verb:set package 'rotors_swift_interface' build argument 'cmake_args' from command line to 'None'
[0.253s] Level 5:colcon.colcon_core.verb:set package 'rotors_swift_interface' build argument 'cmake_target' from command line to 'None'
[0.253s] Level 5:colcon.colcon_core.verb:set package 'rotors_swift_interface' build argument 'cmake_target_skip_unavailable' from command line to 'False'
[0.253s] Level 5:colcon.colcon_core.verb:set package 'rotors_swift_interface' build argument 'cmake_clean_cache' from command line to 'False'
[0.253s] Level 5:colcon.colcon_core.verb:set package 'rotors_swift_interface' build argument 'cmake_clean_first' from command line to 'False'
[0.253s] Level 5:colcon.colcon_core.verb:set package 'rotors_swift_interface' build argument 'cmake_force_configure' from command line to 'False'
[0.253s] Level 5:colcon.colcon_core.verb:set package 'rotors_swift_interface' build argument 'ament_cmake_args' from command line to 'None'
[0.253s] Level 5:colcon.colcon_core.verb:set package 'rotors_swift_interface' build argument 'catkin_cmake_args' from command line to 'None'
[0.253s] Level 5:colcon.colcon_core.verb:set package 'rotors_swift_interface' build argument 'catkin_skip_building_tests' from command line to 'False'
[0.253s] DEBUG:colcon.colcon_core.verb:Building package 'rotors_swift_interface' with the following arguments: {'ament_cmake_args': None, 'build_base': '/home/bhadha/pico_ws/build/rotors_swift_interface', 'catkin_cmake_args': None, 'catkin_skip_building_tests': False, 'cmake_args': None, 'cmake_clean_cache': False, 'cmake_clean_first': False, 'cmake_force_configure': False, 'cmake_target': None, 'cmake_target_skip_unavailable': False, 'install_base': '/home/bhadha/pico_ws/install/rotors_swift_interface', 'merge_install': False, 'path': '/home/bhadha/pico_ws/src/rotors_simulator/rotors_swift_interface', 'symlink_install': False, 'test_result_base': None}
[0.253s] Level 5:colcon.colcon_core.verb:set package 'swift_pico' build argument 'cmake_args' from command line to 'None'
[0.253s] Level 5:colcon.colcon_core.verb:set package 'swift_pico' build argument 'cmake_target' from command line to 'None'
[0.253s] Level 5:colcon.colcon_core.verb:set package 'swift_pico' build argument 'cmake_target_skip_unavailable' from command line to 'False'
[0.253s] Level 5:colcon.colcon_core.verb:set package 'swift_pico' build argument 'cmake_clean_cache' from command line to 'False'
[0.253s] Level 5:colcon.colcon_core.verb:set package 'swift_pico' build argument 'cmake_clean_first' from command line to 'False'
[0.253s] Level 5:colcon.colcon_core.verb:set package 'swift_pico' build argument 'cmake_force_configure' from command line to 'False'
[0.253s] Level 5:colcon.colcon_core.verb:set package 'swift_pico' build argument 'ament_cmake_args' from command line to 'None'
[0.253s] Level 5:colcon.colcon_core.verb:set package 'swift_pico' build argument 'catkin_cmake_args' from command line to 'None'
[0.253s] Level 5:colcon.colcon_core.verb:set package 'swift_pico' build argument 'catkin_skip_building_tests' from command line to 'False'
[0.253s] DEBUG:colcon.colcon_core.verb:Building package 'swift_pico' with the following arguments: {'ament_cmake_args': None, 'build_base': '/home/bhadha/pico_ws/build/swift_pico', 'catkin_cmake_args': None, 'catkin_skip_building_tests': False, 'cmake_args': None, 'cmake_clean_cache': False, 'cmake_clean_first': False, 'cmake_force_configure': False, 'cmake_target': None, 'cmake_target_skip_unavailable': False, 'install_base': '/home/bhadha/pico_ws/install/swift_pico', 'merge_install': False, 'path': '/home/bhadha/pico_ws/src/swift_pico', 'symlink_install': False, 'test_result_base': None}
[0.253s] Level 5:colcon.colcon_core.verb:set package 'whycode' build argument 'cmake_args' from command line to 'None'
[0.253s] Level 5:colcon.colcon_core.verb:set package 'whycode' build argument 'cmake_target' from command line to 'None'
[0.253s] Level 5:colcon.colcon_core.verb:set package 'whycode' build argument 'cmake_target_skip_unavailable' from command line to 'False'
[0.253s] Level 5:colcon.colcon_core.verb:set package 'whycode' build argument 'cmake_clean_cache' from command line to 'False'
[0.253s] Level 5:colcon.colcon_core.verb:set package 'whycode' build argument 'cmake_clean_first' from command line to 'False'
[0.253s] Level 5:colcon.colcon_core.verb:set package 'whycode' build argument 'cmake_force_configure' from command line to 'False'
[0.253s] Level 5:colcon.colcon_core.verb:set package 'whycode' build argument 'ament_cmake_args' from command line to 'None'
[0.253s] Level 5:colcon.colcon_core.verb:set package 'whycode' build argument 'catkin_cmake_args' from command line to 'None'
[0.253s] Level 5:colcon.colcon_core.verb:set package 'whycode' build argument 'catkin_skip_building_tests' from command line to 'False'
[0.253s] DEBUG:colcon.colcon_core.verb:Building package 'whycode' with the following arguments: {'ament_cmake_args': None, 'build_base': '/home/bhadha/pico_ws/build/whycode', 'catkin_cmake_args': None, 'catkin_skip_building_tests': False, 'cmake_args': None, 'cmake_clean_cache': False, 'cmake_clean_first': False, 'cmake_force_configure': False, 'cmake_target': None, 'cmake_target_skip_unavailable': False, 'install_base': '/home/bhadha/pico_ws/install/whycode', 'merge_install': False, 'path': '/home/bhadha/pico_ws/src/whycode-ros2/whycode-ros2', 'symlink_install': False, 'test_result_base': None}
[0.254s] Level 5:colcon.colcon_core.verb:set package 'mav_comm' build argument 'cmake_args' from command line to 'None'
[0.254s] Level 5:colcon.colcon_core.verb:set package 'mav_comm' build argument 'cmake_target' from command line to 'None'
[0.254s] Level 5:colcon.colcon_core.verb:set package 'mav_comm' build argument 'cmake_target_skip_unavailable' from command line to 'False'
[0.254s] Level 5:colcon.colcon_core.verb:set package 'mav_comm' build argument 'cmake_clean_cache' from command line to 'False'
[0.254s] Level 5:colcon.colcon_core.verb:set package 'mav_comm' build argument 'cmake_clean_first' from command line to 'False'
[0.254s] Level 5:colcon.colcon_core.verb:set package 'mav_comm' build argument 'cmake_force_configure' from command line to 'False'
[0.254s] Level 5:colcon.colcon_core.verb:set package 'mav_comm' build argument 'ament_cmake_args' from command line to 'None'
[0.254s] Level 5:colcon.colcon_core.verb:set package 'mav_comm' build argument 'catkin_cmake_args' from command line to 'None'
[0.254s] Level 5:colcon.colcon_core.verb:set package 'mav_comm' build argument 'catkin_skip_building_tests' from command line to 'False'
[0.254s] DEBUG:colcon.colcon_core.verb:Building package 'mav_comm' with the following arguments: {'ament_cmake_args': None, 'build_base': '/home/bhadha/pico_ws/build/mav_comm', 'catkin_cmake_args': None, 'catkin_skip_building_tests': False, 'cmake_args': None, 'cmake_clean_cache': False, 'cmake_clean_first': False, 'cmake_force_configure': False, 'cmake_target': None, 'cmake_target_skip_unavailable': False, 'install_base': '/home/bhadha/pico_ws/install/mav_comm', 'merge_install': False, 'path': '/home/bhadha/pico_ws/src/mav_comm/mav_comm', 'symlink_install': False, 'test_result_base': None}
[0.254s] INFO:colcon.colcon_core.executor:Executing jobs using 'parallel' executor
[0.255s] DEBUG:colcon.colcon_parallel_executor.executor.parallel:run_until_complete
[0.255s] INFO:colcon.colcon_ros.task.ament_cmake.build:Building ROS package in '/home/bhadha/pico_ws/src/mav_comm/mav_msgs' with build type 'ament_cmake'
[0.255s] INFO:colcon.colcon_cmake.task.cmake.build:Building CMake package in '/home/bhadha/pico_ws/src/mav_comm/mav_msgs'
[0.257s] INFO:colcon.colcon_core.plugin_system:Skipping extension 'colcon_core.shell.bat': Not used on non-Windows systems
[0.257s] INFO:colcon.colcon_core.shell:Skip shell extension 'powershell' for command environment: Not usable outside of PowerShell
[0.257s] DEBUG:colcon.colcon_core.shell:Skip shell extension 'dsv' for command environment
[0.259s] INFO:colcon.colcon_ros.task.ament_cmake.build:Building ROS package in '/home/bhadha/pico_ws/src/controller_tuner/controller_msg' with build type 'ament_cmake'
[0.259s] INFO:colcon.colcon_cmake.task.cmake.build:Building CMake package in '/home/bhadha/pico_ws/src/controller_tuner/controller_msg'
[0.260s] INFO:colcon.colcon_core.shell:Skip shell extension 'powershell' for command environment: Not usable outside of PowerShell
[0.260s] DEBUG:colcon.colcon_core.shell:Skip shell extension 'dsv' for command environment
[0.262s] INFO:colcon.colcon_ros.task.ament_cmake.build:Building ROS package in '/home/bhadha/pico_ws/src/controller_tuner/error_msg' with build type 'ament_cmake'
[0.262s] INFO:colcon.colcon_cmake.task.cmake.build:Building CMake package in '/home/bhadha/pico_ws/src/controller_tuner/error_msg'
[0.262s] INFO:colcon.colcon_core.shell:Skip shell extension 'powershell' for command environment: Not usable outside of PowerShell
[0.262s] DEBUG:colcon.colcon_core.shell:Skip shell extension 'dsv' for command environment
[0.264s] INFO:colcon.colcon_ros.task.ament_cmake.build:Building ROS package in '/home/bhadha/pico_ws/src/rotors_simulator/swift_msgs' with build type 'ament_cmake'
[0.264s] INFO:colcon.colcon_cmake.task.cmake.build:Building CMake package in '/home/bhadha/pico_ws/src/rotors_simulator/swift_msgs'
[0.264s] INFO:colcon.colcon_core.shell:Skip shell extension 'powershell' for command environment: Not usable outside of PowerShell
[0.264s] DEBUG:colcon.colcon_core.shell:Skip shell extension 'dsv' for command environment
[0.267s] INFO:colcon.colcon_ros.task.ament_cmake.build:Building ROS package in '/home/bhadha/pico_ws/src/whycode-ros2/whycode-ros2-interfaces' with build type 'ament_cmake'
[0.267s] INFO:colcon.colcon_cmake.task.cmake.build:Building CMake package in '/home/bhadha/pico_ws/src/whycode-ros2/whycode-ros2-interfaces'
[0.267s] INFO:colcon.colcon_core.shell:Skip shell extension 'powershell' for command environment: Not usable outside of PowerShell
[0.267s] DEBUG:colcon.colcon_core.shell:Skip shell extension 'dsv' for command environment
[0.269s] INFO:colcon.colcon_ros.task.ament_cmake.build:Building ROS package in '/home/bhadha/pico_ws/src/mav_comm/mav_state_machine_msgs' with build type 'ament_cmake'
[0.270s] INFO:colcon.colcon_cmake.task.cmake.build:Building CMake package in '/home/bhadha/pico_ws/src/mav_comm/mav_state_machine_msgs'
[0.270s] INFO:colcon.colcon_core.shell:Skip shell extension 'powershell' for command environment: Not usable outside of PowerShell
[0.270s] DEBUG:colcon.colcon_core.shell:Skip shell extension 'dsv' for command environment
[0.272s] INFO:colcon.colcon_ros.task.ament_cmake.build:Building ROS package in '/home/bhadha/pico_ws/src/mav_comm/mav_system_msgs' with build type 'ament_cmake'
[0.272s] INFO:colcon.colcon_cmake.task.cmake.build:Building CMake package in '/home/bhadha/pico_ws/src/mav_comm/mav_system_msgs'
[0.272s] INFO:colcon.colcon_core.shell:Skip shell extension 'powershell' for command environment: Not usable outside of PowerShell
[0.272s] DEBUG:colcon.colcon_core.shell:Skip shell extension 'dsv' for command environment
[0.275s] INFO:colcon.colcon_ros.task.ament_cmake.build:Building ROS package in '/home/bhadha/pico_ws/src/rotors_simulator/rotors_swift_description' with build type 'ament_cmake'
[0.275s] INFO:colcon.colcon_cmake.task.cmake.build:Building CMake package in '/home/bhadha/pico_ws/src/rotors_simulator/rotors_swift_description'
[0.275s] INFO:colcon.colcon_core.shell:Skip shell extension 'powershell' for command environment: Not usable outside of PowerShell
[0.275s] DEBUG:colcon.colcon_core.shell:Skip shell extension 'dsv' for command environment
[0.277s] INFO:colcon.colcon_ros.task.ament_cmake.build:Building ROS package in '/home/bhadha/pico_ws/src/swift_pico_description' with build type 'ament_cmake'
[0.277s] INFO:colcon.colcon_cmake.task.cmake.build:Building CMake package in '/home/bhadha/pico_ws/src/swift_pico_description'
[0.277s] INFO:colcon.colcon_core.shell:Skip shell extension 'powershell' for command environment: Not usable outside of PowerShell
[0.277s] DEBUG:colcon.colcon_core.shell:Skip shell extension 'dsv' for command environment
[0.284s] DEBUG:colcon.colcon_core.event_handler.log_command:Invoking command in '/home/bhadha/pico_ws/build/mav_msgs': CMAKE_PREFIX_PATH=/opt/ros/humble /usr/bin/cmake --build /home/bhadha/pico_ws/build/mav_msgs -- -j12 -l12
[0.287s] DEBUG:colcon.colcon_core.event_handler.log_command:Invoking command in '/home/bhadha/pico_ws/build/controller_msg': CMAKE_PREFIX_PATH=/opt/ros/humble /usr/bin/cmake --build /home/bhadha/pico_ws/build/controller_msg -- -j12 -l12
[0.289s] DEBUG:colcon.colcon_core.event_handler.log_command:Invoking command in '/home/bhadha/pico_ws/build/error_msg': CMAKE_PREFIX_PATH=/opt/ros/humble /usr/bin/cmake --build /home/bhadha/pico_ws/build/error_msg -- -j12 -l12
[0.291s] DEBUG:colcon.colcon_core.event_handler.log_command:Invoking command in '/home/bhadha/pico_ws/build/swift_msgs': CMAKE_PREFIX_PATH=/opt/ros/humble /usr/bin/cmake --build /home/bhadha/pico_ws/build/swift_msgs -- -j12 -l12
[0.294s] DEBUG:colcon.colcon_core.event_handler.log_command:Invoking command in '/home/bhadha/pico_ws/build/whycode_interfaces': CMAKE_PREFIX_PATH=/opt/ros/humble /usr/bin/cmake --build /home/bhadha/pico_ws/build/whycode_interfaces -- -j12 -l12
[0.297s] DEBUG:colcon.colcon_core.event_handler.log_command:Invoking command in '/home/bhadha/pico_ws/build/mav_state_machine_msgs': CMAKE_PREFIX_PATH=/opt/ros/humble /usr/bin/cmake --build /home/bhadha/pico_ws/build/mav_state_machine_msgs -- -j12 -l12
[0.301s] DEBUG:colcon.colcon_core.event_handler.log_command:Invoking command in '/home/bhadha/pico_ws/build/mav_system_msgs': CMAKE_PREFIX_PATH=/opt/ros/humble /usr/bin/cmake --build /home/bhadha/pico_ws/build/mav_system_msgs -- -j12 -l12
[0.308s] DEBUG:colcon.colcon_core.event_handler.log_command:Invoking command in '/home/bhadha/pico_ws/build/rotors_swift_description': CMAKE_PREFIX_PATH=/opt/ros/humble /usr/bin/cmake --build /home/bhadha/pico_ws/build/rotors_swift_description -- -j12 -l12
[0.317s] DEBUG:colcon.colcon_core.event_handler.log_command:Invoking command in '/home/bhadha/pico_ws/build/swift_pico_description': CMAKE_PREFIX_PATH=/opt/ros/humble /usr/bin/cmake --build /home/bhadha/pico_ws/build/swift_pico_description -- -j12 -l12
[0.458s] DEBUG:colcon.colcon_core.event_handler.log_command:Invoked command in '/home/bhadha/pico_ws/build/rotors_swift_description' returned '0': CMAKE_PREFIX_PATH=/opt/ros/humble /usr/bin/cmake --build /home/bhadha/pico_ws/build/rotors_swift_description -- -j12 -l12
[0.502s] DEBUG:colcon.colcon_core.event_handler.log_command:Invoking command in '/home/bhadha/pico_ws/build/rotors_swift_description': CMAKE_PREFIX_PATH=/opt/ros/humble /usr/bin/cmake --install /home/bhadha/pico_ws/build/rotors_swift_description
[0.530s] DEBUG:colcon.colcon_core.event_handler.log_command:Invoked command in '/home/bhadha/pico_ws/build/swift_pico_description' returned '0': CMAKE_PREFIX_PATH=/opt/ros/humble /usr/bin/cmake --build /home/bhadha/pico_ws/build/swift_pico_description -- -j12 -l12
[0.531s] DEBUG:colcon.colcon_core.event_handler.log_command:Invoking command in '/home/bhadha/pico_ws/build/swift_pico_description': CMAKE_PREFIX_PATH=/opt/ros/humble /usr/bin/cmake --install /home/bhadha/pico_ws/build/swift_pico_description
[0.577s] Level 1:colcon.colcon_core.environment:create_environment_scripts_only(rotors_swift_description)
[0.596s] Level 1:colcon.colcon_core.environment:checking '/home/bhadha/pico_ws/install/rotors_swift_description' for CMake module files
[0.602s] Level 1:colcon.colcon_core.environment:checking '/home/bhadha/pico_ws/install/rotors_swift_description' for CMake config files
[0.603s] Level 1:colcon.colcon_core.shell:create_environment_hook('rotors_swift_description', 'cmake_prefix_path')
[0.604s] INFO:colcon.colcon_core.shell:Creating environment hook '/home/bhadha/pico_ws/install/rotors_swift_description/share/rotors_swift_description/hook/cmake_prefix_path.ps1'
[0.609s] INFO:colcon.colcon_core.shell:Creating environment descriptor '/home/bhadha/pico_ws/install/rotors_swift_description/share/rotors_swift_description/hook/cmake_prefix_path.dsv'
[0.610s] DEBUG:colcon.colcon_core.event_handler.log_command:Invoked command in '/home/bhadha/pico_ws/build/rotors_swift_description' returned '0': CMAKE_PREFIX_PATH=/opt/ros/humble /usr/bin/cmake --install /home/bhadha/pico_ws/build/rotors_swift_description
[0.612s] INFO:colcon.colcon_core.shell:Creating environment hook '/home/bhadha/pico_ws/install/rotors_swift_description/share/rotors_swift_description/hook/cmake_prefix_path.sh'
[0.624s] Level 1:colcon.colcon_core.environment:checking '/home/bhadha/pico_ws/install/rotors_swift_description/bin'
[0.624s] Level 1:colcon.colcon_core.environment:checking '/home/bhadha/pico_ws/install/rotors_swift_description/lib/pkgconfig/rotors_swift_description.pc'
[0.627s] Level 1:colcon.colcon_core.environment:checking '/home/bhadha/pico_ws/install/rotors_swift_description/lib/python3.10/site-packages'
[0.628s] Level 1:colcon.colcon_core.environment:checking '/home/bhadha/pico_ws/install/rotors_swift_description/bin'
[0.644s] INFO:colcon.colcon_core.shell:Creating package script '/home/bhadha/pico_ws/install/rotors_swift_description/share/rotors_swift_description/package.ps1'
[0.649s] INFO:colcon.colcon_core.shell:Creating package descriptor '/home/bhadha/pico_ws/install/rotors_swift_description/share/rotors_swift_description/package.dsv'
[0.651s] INFO:colcon.colcon_core.shell:Creating package script '/home/bhadha/pico_ws/install/rotors_swift_description/share/rotors_swift_description/package.sh'
[0.654s] INFO:colcon.colcon_core.shell:Creating package script '/home/bhadha/pico_ws/install/rotors_swift_description/share/rotors_swift_description/package.bash'
[0.658s] INFO:colcon.colcon_core.shell:Creating package script '/home/bhadha/pico_ws/install/rotors_swift_description/share/rotors_swift_description/package.zsh'
[0.661s] Level 1:colcon.colcon_core.environment:create_file_with_runtime_dependencies(/home/bhadha/pico_ws/install/rotors_swift_description/share/colcon-core/packages/rotors_swift_description)
[0.663s] Level 1:colcon.colcon_core.environment:create_environment_scripts_only(rotors_swift_description)
[0.663s] Level 1:colcon.colcon_core.environment:checking '/home/bhadha/pico_ws/install/rotors_swift_description' for CMake module files
[0.665s] Level 1:colcon.colcon_core.environment:checking '/home/bhadha/pico_ws/install/rotors_swift_description' for CMake config files
[0.666s] Level 1:colcon.colcon_core.shell:create_environment_hook('rotors_swift_description', 'cmake_prefix_path')
[0.666s] INFO:colcon.colcon_core.shell:Creating environment hook '/home/bhadha/pico_ws/install/rotors_swift_description/share/rotors_swift_description/hook/cmake_prefix_path.ps1'
[0.668s] INFO:colcon.colcon_core.shell:Creating environment descriptor '/home/bhadha/pico_ws/install/rotors_swift_description/share/rotors_swift_description/hook/cmake_prefix_path.dsv'
[0.669s] INFO:colcon.colcon_core.shell:Creating environment hook '/home/bhadha/pico_ws/install/rotors_swift_description/share/rotors_swift_description/hook/cmake_prefix_path.sh'
[0.671s] Level 1:colcon.colcon_core.environment:checking '/home/bhadha/pico_ws/install/rotors_swift_description/bin'
[0.671s] Level 1:colcon.colcon_core.environment:checking '/home/bhadha/pico_ws/install/rotors_swift_description/lib/pkgconfig/rotors_swift_description.pc'
[0.671s] Level 1:colcon.colcon_core.environment:checking '/home/bhadha/pico_ws/install/rotors_swift_description/lib/python3.10/site-packages'
[0.672s] Level 1:colcon.colcon_core.environment:checking '/home/bhadha/pico_ws/install/rotors_swift_description/bin'
[0.673s] INFO:colcon.colcon_core.shell:Creating package script '/home/bhadha/pico_ws/install/rotors_swift_description/share/rotors_swift_description/package.ps1'
[0.676s] INFO:colcon.colcon_core.shell:Creating package descriptor '/home/bhadha/pico_ws/install/rotors_swift_description/share/rotors_swift_description/package.dsv'
[0.678s] INFO:colcon.colcon_core.shell:Creating package script '/home/bhadha/pico_ws/install/rotors_swift_description/share/rotors_swift_description/package.sh'
[0.679s] INFO:colcon.colcon_core.shell:Creating package script '/home/bhadha/pico_ws/install/rotors_swift_description/share/rotors_swift_description/package.bash'
[0.681s] INFO:colcon.colcon_core.shell:Creating package script '/home/bhadha/pico_ws/install/rotors_swift_description/share/rotors_swift_description/package.zsh'
[0.683s] Level 1:colcon.colcon_core.environment:create_file_with_runtime_dependencies(/home/bhadha/pico_ws/install/rotors_swift_description/share/colcon-core/packages/rotors_swift_description)
[0.685s] INFO:colcon.colcon_ros.task.ament_cmake.build:Building ROS package in '/home/bhadha/pico_ws/src/rotors_simulator/rotors_swift_gazebo' with build type 'ament_cmake'
[0.685s] INFO:colcon.colcon_cmake.task.cmake.build:Building CMake package in '/home/bhadha/pico_ws/src/rotors_simulator/rotors_swift_gazebo'
[0.686s] INFO:colcon.colcon_core.shell:Skip shell extension 'powershell' for command environment: Not usable outside of PowerShell
[0.686s] DEBUG:colcon.colcon_core.shell:Skip shell extension 'dsv' for command environment
[0.700s] Level 1:colcon.colcon_core.environment:create_environment_scripts_only(swift_pico_description)
[0.701s] Level 1:colcon.colcon_core.environment:checking '/home/bhadha/pico_ws/install/swift_pico_description' for CMake module files
[0.702s] Level 1:colcon.colcon_core.environment:checking '/home/bhadha/pico_ws/install/swift_pico_description' for CMake config files
[0.702s] Level 1:colcon.colcon_core.shell:create_environment_hook('swift_pico_description', 'cmake_prefix_path')
[0.707s] INFO:colcon.colcon_core.shell:Creating environment hook '/home/bhadha/pico_ws/install/swift_pico_description/share/swift_pico_description/hook/cmake_prefix_path.ps1'
[0.708s] DEBUG:colcon.colcon_core.event_handler.log_command:Invoked command in '/home/bhadha/pico_ws/build/swift_pico_description' returned '0': CMAKE_PREFIX_PATH=/opt/ros/humble /usr/bin/cmake --install /home/bhadha/pico_ws/build/swift_pico_description
[0.709s] INFO:colcon.colcon_core.shell:Creating environment descriptor '/home/bhadha/pico_ws/install/swift_pico_description/share/swift_pico_description/hook/cmake_prefix_path.dsv'
[0.711s] INFO:colcon.colcon_core.shell:Creating environment hook '/home/bhadha/pico_ws/install/swift_pico_description/share/swift_pico_description/hook/cmake_prefix_path.sh'
[0.712s] Level 1:colcon.colcon_core.environment:checking '/home/bhadha/pico_ws/install/swift_pico_description/bin'
[0.713s] Level 1:colcon.colcon_core.environment:checking '/home/bhadha/pico_ws/install/swift_pico_description/lib/pkgconfig/swift_pico_description.pc'
[0.713s] Level 1:colcon.colcon_core.environment:checking '/home/bhadha/pico_ws/install/swift_pico_description/lib/python3.10/site-packages'
[0.714s] Level 1:colcon.colcon_core.environment:checking '/home/bhadha/pico_ws/install/swift_pico_description/bin'
[0.715s] INFO:colcon.colcon_core.shell:Creating package script '/home/bhadha/pico_ws/install/swift_pico_description/share/swift_pico_description/package.ps1'
[0.717s] INFO:colcon.colcon_core.shell:Creating package descriptor '/home/bhadha/pico_ws/install/swift_pico_description/share/swift_pico_description/package.dsv'
[0.718s] INFO:colcon.colcon_core.shell:Creating package script '/home/bhadha/pico_ws/install/swift_pico_description/share/swift_pico_description/package.sh'
[0.719s] INFO:colcon.colcon_core.shell:Creating package script '/home/bhadha/pico_ws/install/swift_pico_description/share/swift_pico_description/package.bash'
[0.720s] INFO:colcon.colcon_core.shell:Creating package script '/home/bhadha/pico_ws/install/swift_pico_description/share/swift_pico_description/package.zsh'
[0.721s] Level 1:colcon.colcon_core.environment:create_file_with_runtime_dependencies(/home/bhadha/pico_ws/install/swift_pico_description/share/colcon-core/packages/swift_pico_description)
[0.722s] Level 1:colcon.colcon_core.environment:create_environment_scripts_only(swift_pico_description)
[0.723s] Level 1:colcon.colcon_core.environment:checking '/home/bhadha/pico_ws/install/swift_pico_description' for CMake module files
[0.724s] Level 1:colcon.colcon_core.environment:checking '/home/bhadha/pico_ws/install/swift_pico_description' for CMake config files
[0.724s] Level 1:colcon.colcon_core.shell:create_environment_hook('swift_pico_description', 'cmake_prefix_path')
[0.725s] INFO:colcon.colcon_core.shell:Creating environment hook '/home/bhadha/pico_ws/install/swift_pico_description/share/swift_pico_description/hook/cmake_prefix_path.ps1'
[0.726s] INFO:colcon.colcon_core.shell:Creating environment descriptor '/home/bhadha/pico_ws/install/swift_pico_description/share/swift_pico_description/hook/cmake_prefix_path.dsv'
[0.727s] INFO:colcon.colcon_core.shell:Creating environment hook '/home/bhadha/pico_ws/install/swift_pico_description/share/swift_pico_description/hook/cmake_prefix_path.sh'
[0.728s] Level 1:colcon.colcon_core.environment:checking '/home/bhadha/pico_ws/install/swift_pico_description/bin'
[0.728s] Level 1:colcon.colcon_core.environment:checking '/home/bhadha/pico_ws/install/swift_pico_description/lib/pkgconfig/swift_pico_description.pc'
[0.729s] Level 1:colcon.colcon_core.environment:checking '/home/bhadha/pico_ws/install/swift_pico_description/lib/python3.10/site-packages'
[0.730s] Level 1:colcon.colcon_core.environment:checking '/home/bhadha/pico_ws/install/swift_pico_description/bin'
[0.731s] INFO:colcon.colcon_core.shell:Creating package script '/home/bhadha/pico_ws/install/swift_pico_description/share/swift_pico_description/package.ps1'
[0.733s] INFO:colcon.colcon_core.shell:Creating package descriptor '/home/bhadha/pico_ws/install/swift_pico_description/share/swift_pico_description/package.dsv'
[0.734s] INFO:colcon.colcon_core.shell:Creating package script '/home/bhadha/pico_ws/install/swift_pico_description/share/swift_pico_description/package.sh'
[0.736s] INFO:colcon.colcon_core.shell:Creating package script '/home/bhadha/pico_ws/install/swift_pico_description/share/swift_pico_description/package.bash'
[0.737s] INFO:colcon.colcon_core.shell:Creating package script '/home/bhadha/pico_ws/install/swift_pico_description/share/swift_pico_description/package.zsh'
[0.738s] Level 1:colcon.colcon_core.environment:create_file_with_runtime_dependencies(/home/bhadha/pico_ws/install/swift_pico_description/share/colcon-core/packages/swift_pico_description)
[0.746s] DEBUG:colcon.colcon_core.event_handler.log_command:Invoking command in '/home/bhadha/pico_ws/build/rotors_swift_gazebo': AMENT_PREFIX_PATH=/home/bhadha/pico_ws/install/rotors_swift_description:${AMENT_PREFIX_PATH} CMAKE_PREFIX_PATH=/home/bhadha/pico_ws/install/rotors_swift_description:/opt/ros/humble /usr/bin/cmake --build /home/bhadha/pico_ws/build/rotors_swift_gazebo -- -j12 -l12
[0.761s] DEBUG:colcon.colcon_core.event_handler.log_command:Invoked command in '/home/bhadha/pico_ws/build/mav_state_machine_msgs' returned '0': CMAKE_PREFIX_PATH=/opt/ros/humble /usr/bin/cmake --build /home/bhadha/pico_ws/build/mav_state_machine_msgs -- -j12 -l12
[0.762s] DEBUG:colcon.colcon_core.event_handler.log_command:Invoking command in '/home/bhadha/pico_ws/build/mav_state_machine_msgs': CMAKE_PREFIX_PATH=/opt/ros/humble /usr/bin/cmake --install /home/bhadha/pico_ws/build/mav_state_machine_msgs
[0.777s] DEBUG:colcon.colcon_core.event_handler.log_command:Invoked command in '/home/bhadha/pico_ws/build/mav_system_msgs' returned '0': CMAKE_PREFIX_PATH=/opt/ros/humble /usr/bin/cmake --build /home/bhadha/pico_ws/build/mav_system_msgs -- -j12 -l12
[0.778s] DEBUG:colcon.colcon_core.event_handler.log_command:Invoking command in '/home/bhadha/pico_ws/build/mav_system_msgs': CMAKE_PREFIX_PATH=/opt/ros/humble /usr/bin/cmake --install /home/bhadha/pico_ws/build/mav_system_msgs
[0.816s] Level 1:colcon.colcon_core.environment:create_environment_scripts_only(mav_system_msgs)
[0.817s] Level 1:colcon.colcon_core.environment:checking '/home/bhadha/pico_ws/install/mav_system_msgs' for CMake module files
[0.819s] Level 1:colcon.colcon_core.environment:checking '/home/bhadha/pico_ws/install/mav_system_msgs' for CMake config files
[0.820s] Level 1:colcon.colcon_core.shell:create_environment_hook('mav_system_msgs', 'cmake_prefix_path')
[0.820s] INFO:colcon.colcon_core.shell:Creating environment hook '/home/bhadha/pico_ws/install/mav_system_msgs/share/mav_system_msgs/hook/cmake_prefix_path.ps1'
[0.822s] INFO:colcon.colcon_core.shell:Creating environment descriptor '/home/bhadha/pico_ws/install/mav_system_msgs/share/mav_system_msgs/hook/cmake_prefix_path.dsv'
[0.828s] INFO:colcon.colcon_core.shell:Creating environment hook '/home/bhadha/pico_ws/install/mav_system_msgs/share/mav_system_msgs/hook/cmake_prefix_path.sh'
[0.829s] Level 1:colcon.colcon_core.environment:checking '/home/bhadha/pico_ws/install/mav_system_msgs/lib'
[0.834s] Level 1:colcon.colcon_core.shell:create_environment_hook('mav_system_msgs', 'ld_library_path_lib')
[0.835s] INFO:colcon.colcon_core.shell:Creating environment hook '/home/bhadha/pico_ws/install/mav_system_msgs/share/mav_system_msgs/hook/ld_library_path_lib.ps1'
[0.836s] INFO:colcon.colcon_core.shell:Creating environment descriptor '/home/bhadha/pico_ws/install/mav_system_msgs/share/mav_system_msgs/hook/ld_library_path_lib.dsv'
[0.837s] INFO:colcon.colcon_core.shell:Creating environment hook '/home/bhadha/pico_ws/install/mav_system_msgs/share/mav_system_msgs/hook/ld_library_path_lib.sh'
[0.838s] Level 1:colcon.colcon_core.environment:checking '/home/bhadha/pico_ws/install/mav_system_msgs/bin'
[0.838s] Level 1:colcon.colcon_core.environment:checking '/home/bhadha/pico_ws/install/mav_system_msgs/lib/pkgconfig/mav_system_msgs.pc'
[0.842s] Level 1:colcon.colcon_core.environment:checking '/home/bhadha/pico_ws/install/mav_system_msgs/lib/python3.10/site-packages'
[0.843s] Level 1:colcon.colcon_core.environment:checking '/home/bhadha/pico_ws/install/mav_system_msgs/bin'
[0.845s] INFO:colcon.colcon_core.shell:Creating package script '/home/bhadha/pico_ws/install/mav_system_msgs/share/mav_system_msgs/package.ps1'
[0.847s] INFO:colcon.colcon_core.shell:Creating package descriptor '/home/bhadha/pico_ws/install/mav_system_msgs/share/mav_system_msgs/package.dsv'
[0.848s] INFO:colcon.colcon_core.shell:Creating package script '/home/bhadha/pico_ws/install/mav_system_msgs/share/mav_system_msgs/package.sh'
[0.853s] INFO:colcon.colcon_core.shell:Creating package script '/home/bhadha/pico_ws/install/mav_system_msgs/share/mav_system_msgs/package.bash'
[0.855s] INFO:colcon.colcon_core.shell:Creating package script '/home/bhadha/pico_ws/install/mav_system_msgs/share/mav_system_msgs/package.zsh'
[0.855s] Level 1:colcon.colcon_core.environment:create_file_with_runtime_dependencies(/home/bhadha/pico_ws/install/mav_system_msgs/share/colcon-core/packages/mav_system_msgs)
[0.857s] Level 1:colcon.colcon_core.environment:create_environment_scripts_only(mav_system_msgs)
[0.861s] Level 1:colcon.colcon_core.environment:checking '/home/bhadha/pico_ws/install/mav_system_msgs' for CMake module files
[0.861s] DEBUG:colcon.colcon_core.event_handler.log_command:Invoked command in '/home/bhadha/pico_ws/build/mav_system_msgs' returned '0': CMAKE_PREFIX_PATH=/opt/ros/humble /usr/bin/cmake --install /home/bhadha/pico_ws/build/mav_system_msgs
[0.865s] Level 1:colcon.colcon_core.environment:checking '/home/bhadha/pico_ws/install/mav_system_msgs' for CMake config files
[0.866s] Level 1:colcon.colcon_core.shell:create_environment_hook('mav_system_msgs', 'cmake_prefix_path')
[0.867s] INFO:colcon.colcon_core.shell:Creating environment hook '/home/bhadha/pico_ws/install/mav_system_msgs/share/mav_system_msgs/hook/cmake_prefix_path.ps1'
[0.869s] INFO:colcon.colcon_core.shell:Creating environment descriptor '/home/bhadha/pico_ws/install/mav_system_msgs/share/mav_system_msgs/hook/cmake_prefix_path.dsv'
[0.870s] INFO:colcon.colcon_core.shell:Creating environment hook '/home/bhadha/pico_ws/install/mav_system_msgs/share/mav_system_msgs/hook/cmake_prefix_path.sh'
[0.872s] Level 1:colcon.colcon_core.environment:checking '/home/bhadha/pico_ws/install/mav_system_msgs/lib'
[0.872s] Level 1:colcon.colcon_core.shell:create_environment_hook('mav_system_msgs', 'ld_library_path_lib')
[0.873s] INFO:colcon.colcon_core.shell:Creating environment hook '/home/bhadha/pico_ws/install/mav_system_msgs/share/mav_system_msgs/hook/ld_library_path_lib.ps1'
[0.875s] INFO:colcon.colcon_core.shell:Creating environment descriptor '/home/bhadha/pico_ws/install/mav_system_msgs/share/mav_system_msgs/hook/ld_library_path_lib.dsv'
[0.875s] INFO:colcon.colcon_core.shell:Creating environment hook '/home/bhadha/pico_ws/install/mav_system_msgs/share/mav_system_msgs/hook/ld_library_path_lib.sh'
[0.876s] Level 1:colcon.colcon_core.environment:checking '/home/bhadha/pico_ws/install/mav_system_msgs/bin'
[0.877s] Level 1:colcon.colcon_core.environment:checking '/home/bhadha/pico_ws/install/mav_system_msgs/lib/pkgconfig/mav_system_msgs.pc'
[0.877s] Level 1:colcon.colcon_core.environment:checking '/home/bhadha/pico_ws/install/mav_system_msgs/lib/python3.10/site-packages'
[0.878s] Level 1:colcon.colcon_core.environment:checking '/home/bhadha/pico_ws/install/mav_system_msgs/bin'
[0.879s] INFO:colcon.colcon_core.shell:Creating package script '/home/bhadha/pico_ws/install/mav_system_msgs/share/mav_system_msgs/package.ps1'
[0.881s] INFO:colcon.colcon_core.shell:Creating package descriptor '/home/bhadha/pico_ws/install/mav_system_msgs/share/mav_system_msgs/package.dsv'
[0.883s] INFO:colcon.colcon_core.shell:Creating package script '/home/bhadha/pico_ws/install/mav_system_msgs/share/mav_system_msgs/package.sh'
[0.884s] INFO:colcon.colcon_core.shell:Creating package script '/home/bhadha/pico_ws/install/mav_system_msgs/share/mav_system_msgs/package.bash'
[0.886s] INFO:colcon.colcon_core.shell:Creating package script '/home/bhadha/pico_ws/install/mav_system_msgs/share/mav_system_msgs/package.zsh'
[0.888s] Level 1:colcon.colcon_core.environment:create_file_with_runtime_dependencies(/home/bhadha/pico_ws/install/mav_system_msgs/share/colcon-core/packages/mav_system_msgs)
[0.889s] Level 1:colcon.colcon_core.environment:create_environment_scripts_only(mav_state_machine_msgs)
[0.891s] DEBUG:colcon.colcon_core.event_handler.log_command:Invoked command in '/home/bhadha/pico_ws/build/mav_state_machine_msgs' returned '0': CMAKE_PREFIX_PATH=/opt/ros/humble /usr/bin/cmake --install /home/bhadha/pico_ws/build/mav_state_machine_msgs
[0.891s] Level 1:colcon.colcon_core.environment:checking '/home/bhadha/pico_ws/install/mav_state_machine_msgs' for CMake module files
[0.893s] Level 1:colcon.colcon_core.environment:checking '/home/bhadha/pico_ws/install/mav_state_machine_msgs' for CMake config files
[0.894s] Level 1:colcon.colcon_core.shell:create_environment_hook('mav_state_machine_msgs', 'cmake_prefix_path')
[0.894s] INFO:colcon.colcon_core.shell:Creating environment hook '/home/bhadha/pico_ws/install/mav_state_machine_msgs/share/mav_state_machine_msgs/hook/cmake_prefix_path.ps1'
[0.896s] INFO:colcon.colcon_core.shell:Creating environment descriptor '/home/bhadha/pico_ws/install/mav_state_machine_msgs/share/mav_state_machine_msgs/hook/cmake_prefix_path.dsv'
[0.896s] INFO:colcon.colcon_core.shell:Creating environment hook '/home/bhadha/pico_ws/install/mav_state_machine_msgs/share/mav_state_machine_msgs/hook/cmake_prefix_path.sh'
[0.898s] Level 1:colcon.colcon_core.environment:checking '/home/bhadha/pico_ws/install/mav_state_machine_msgs/lib'
[0.899s] Level 1:colcon.colcon_core.shell:create_environment_hook('mav_state_machine_msgs', 'ld_library_path_lib')
[0.899s] INFO:colcon.colcon_core.shell:Creating environment hook '/home/bhadha/pico_ws/install/mav_state_machine_msgs/share/mav_state_machine_msgs/hook/ld_library_path_lib.ps1'
[0.903s] INFO:colcon.colcon_core.shell:Creating environment descriptor '/home/bhadha/pico_ws/install/mav_state_machine_msgs/share/mav_state_machine_msgs/hook/ld_library_path_lib.dsv'
[0.905s] INFO:colcon.colcon_core.shell:Creating environment hook '/home/bhadha/pico_ws/install/mav_state_machine_msgs/share/mav_state_machine_msgs/hook/ld_library_path_lib.sh'
[0.908s] Level 1:colcon.colcon_core.environment:checking '/home/bhadha/pico_ws/install/mav_state_machine_msgs/bin'
[0.908s] Level 1:colcon.colcon_core.environment:checking '/home/bhadha/pico_ws/install/mav_state_machine_msgs/lib/pkgconfig/mav_state_machine_msgs.pc'
[0.909s] Level 1:colcon.colcon_core.environment:checking '/home/bhadha/pico_ws/install/mav_state_machine_msgs/lib/python3.10/site-packages'
[0.910s] Level 1:colcon.colcon_core.environment:checking '/home/bhadha/pico_ws/install/mav_state_machine_msgs/bin'
[0.911s] INFO:colcon.colcon_core.shell:Creating package script '/home/bhadha/pico_ws/install/mav_state_machine_msgs/share/mav_state_machine_msgs/package.ps1'
[0.913s] INFO:colcon.colcon_core.shell:Creating package descriptor '/home/bhadha/pico_ws/install/mav_state_machine_msgs/share/mav_state_machine_msgs/package.dsv'
[0.914s] INFO:colcon.colcon_core.shell:Creating package script '/home/bhadha/pico_ws/install/mav_state_machine_msgs/share/mav_state_machine_msgs/package.sh'
[0.916s] INFO:colcon.colcon_core.shell:Creating package script '/home/bhadha/pico_ws/install/mav_state_machine_msgs/share/mav_state_machine_msgs/package.bash'
[0.917s] INFO:colcon.colcon_core.shell:Creating package script '/home/bhadha/pico_ws/install/mav_state_machine_msgs/share/mav_state_machine_msgs/package.zsh'
[0.917s] Level 1:colcon.colcon_core.environment:create_file_with_runtime_dependencies(/home/bhadha/pico_ws/install/mav_state_machine_msgs/share/colcon-core/packages/mav_state_machine_msgs)
[0.919s] Level 1:colcon.colcon_core.environment:create_environment_scripts_only(mav_state_machine_msgs)
[0.920s] Level 1:colcon.colcon_core.environment:checking '/home/bhadha/pico_ws/install/mav_state_machine_msgs' for CMake module files
[0.923s] Level 1:colcon.colcon_core.environment:checking '/home/bhadha/pico_ws/install/mav_state_machine_msgs' for CMake config files
[0.923s] Level 1:colcon.colcon_core.shell:create_environment_hook('mav_state_machine_msgs', 'cmake_prefix_path')
[0.924s] INFO:colcon.colcon_core.shell:Creating environment hook '/home/bhadha/pico_ws/install/mav_state_machine_msgs/share/mav_state_machine_msgs/hook/cmake_prefix_path.ps1'
[0.925s] INFO:colcon.colcon_core.shell:Creating environment descriptor '/home/bhadha/pico_ws/install/mav_state_machine_msgs/share/mav_state_machine_msgs/hook/cmake_prefix_path.dsv'
[0.926s] INFO:colcon.colcon_core.shell:Creating environment hook '/home/bhadha/pico_ws/install/mav_state_machine_msgs/share/mav_state_machine_msgs/hook/cmake_prefix_path.sh'
[0.928s] Level 1:colcon.colcon_core.environment:checking '/home/bhadha/pico_ws/install/mav_state_machine_msgs/lib'
[0.928s] Level 1:colcon.colcon_core.shell:create_environment_hook('mav_state_machine_msgs', 'ld_library_path_lib')
[0.928s] INFO:colcon.colcon_core.shell:Creating environment hook '/home/bhadha/pico_ws/install/mav_state_machine_msgs/share/mav_state_machine_msgs/hook/ld_library_path_lib.ps1'
[0.931s] INFO:colcon.colcon_core.shell:Creating environment descriptor '/home/bhadha/pico_ws/install/mav_state_machine_msgs/share/mav_state_machine_msgs/hook/ld_library_path_lib.dsv'
[0.932s] INFO:colcon.colcon_core.shell:Creating environment hook '/home/bhadha/pico_ws/install/mav_state_machine_msgs/share/mav_state_machine_msgs/hook/ld_library_path_lib.sh'
[0.933s] Level 1:colcon.colcon_core.environment:checking '/home/bhadha/pico_ws/install/mav_state_machine_msgs/bin'
[0.933s] Level 1:colcon.colcon_core.environment:checking '/home/bhadha/pico_ws/install/mav_state_machine_msgs/lib/pkgconfig/mav_state_machine_msgs.pc'
[0.934s] Level 1:colcon.colcon_core.environment:checking '/home/bhadha/pico_ws/install/mav_state_machine_msgs/lib/python3.10/site-packages'
[0.935s] Level 1:colcon.colcon_core.environment:checking '/home/bhadha/pico_ws/install/mav_state_machine_msgs/bin'
[0.936s] INFO:colcon.colcon_core.shell:Creating package script '/home/bhadha/pico_ws/install/mav_state_machine_msgs/share/mav_state_machine_msgs/package.ps1'
[0.938s] INFO:colcon.colcon_core.shell:Creating package descriptor '/home/bhadha/pico_ws/install/mav_state_machine_msgs/share/mav_state_machine_msgs/package.dsv'
[0.939s] INFO:colcon.colcon_core.shell:Creating package script '/home/bhadha/pico_ws/install/mav_state_machine_msgs/share/mav_state_machine_msgs/package.sh'
[0.940s] INFO:colcon.colcon_core.shell:Creating package script '/home/bhadha/pico_ws/install/mav_state_machine_msgs/share/mav_state_machine_msgs/package.bash'
[0.941s] INFO:colcon.colcon_core.shell:Creating package script '/home/bhadha/pico_ws/install/mav_state_machine_msgs/share/mav_state_machine_msgs/package.zsh'
[0.942s] Level 1:colcon.colcon_core.environment:create_file_with_runtime_dependencies(/home/bhadha/pico_ws/install/mav_state_machine_msgs/share/colcon-core/packages/mav_state_machine_msgs)
[0.946s] DEBUG:colcon.colcon_core.event_handler.log_command:Invoked command in '/home/bhadha/pico_ws/build/rotors_swift_gazebo' returned '0': AMENT_PREFIX_PATH=/home/bhadha/pico_ws/install/rotors_swift_description:${AMENT_PREFIX_PATH} CMAKE_PREFIX_PATH=/home/bhadha/pico_ws/install/rotors_swift_description:/opt/ros/humble /usr/bin/cmake --build /home/bhadha/pico_ws/build/rotors_swift_gazebo -- -j12 -l12
[0.949s] DEBUG:colcon.colcon_core.event_handler.log_command:Invoking command in '/home/bhadha/pico_ws/build/rotors_swift_gazebo': AMENT_PREFIX_PATH=/home/bhadha/pico_ws/install/rotors_swift_description:${AMENT_PREFIX_PATH} CMAKE_PREFIX_PATH=/home/bhadha/pico_ws/install/rotors_swift_description:/opt/ros/humble /usr/bin/cmake --install /home/bhadha/pico_ws/build/rotors_swift_gazebo
[0.969s] Level 1:colcon.colcon_core.environment:create_environment_scripts_only(rotors_swift_gazebo)
[0.970s] Level 1:colcon.colcon_core.environment:checking '/home/bhadha/pico_ws/install/rotors_swift_gazebo' for CMake module files
[0.971s] DEBUG:colcon.colcon_core.event_handler.log_command:Invoked command in '/home/bhadha/pico_ws/build/rotors_swift_gazebo' returned '0': AMENT_PREFIX_PATH=/home/bhadha/pico_ws/install/rotors_swift_description:${AMENT_PREFIX_PATH} CMAKE_PREFIX_PATH=/home/bhadha/pico_ws/install/rotors_swift_description:/opt/ros/humble /usr/bin/cmake --install /home/bhadha/pico_ws/build/rotors_swift_gazebo
[0.972s] Level 1:colcon.colcon_core.environment:checking '/home/bhadha/pico_ws/install/rotors_swift_gazebo' for CMake config files
[0.972s] Level 1:colcon.colcon_core.shell:create_environment_hook('rotors_swift_gazebo', 'cmake_prefix_path')
[0.973s] INFO:colcon.colcon_core.shell:Creating environment hook '/home/bhadha/pico_ws/install/rotors_swift_gazebo/share/rotors_swift_gazebo/hook/cmake_prefix_path.ps1'
[0.974s] INFO:colcon.colcon_core.shell:Creating environment descriptor '/home/bhadha/pico_ws/install/rotors_swift_gazebo/share/rotors_swift_gazebo/hook/cmake_prefix_path.dsv'
[0.975s] INFO:colcon.colcon_core.shell:Creating environment hook '/home/bhadha/pico_ws/install/rotors_swift_gazebo/share/rotors_swift_gazebo/hook/cmake_prefix_path.sh'
[0.976s] Level 1:colcon.colcon_core.environment:checking '/home/bhadha/pico_ws/install/rotors_swift_gazebo/bin'
[0.976s] Level 1:colcon.colcon_core.environment:checking '/home/bhadha/pico_ws/install/rotors_swift_gazebo/lib/pkgconfig/rotors_swift_gazebo.pc'
[0.977s] Level 1:colcon.colcon_core.environment:checking '/home/bhadha/pico_ws/install/rotors_swift_gazebo/lib/python3.10/site-packages'
[0.977s] Level 1:colcon.colcon_core.environment:checking '/home/bhadha/pico_ws/install/rotors_swift_gazebo/bin'
[0.978s] INFO:colcon.colcon_core.shell:Creating package script '/home/bhadha/pico_ws/install/rotors_swift_gazebo/share/rotors_swift_gazebo/package.ps1'
[0.979s] INFO:colcon.colcon_core.shell:Creating package descriptor '/home/bhadha/pico_ws/install/rotors_swift_gazebo/share/rotors_swift_gazebo/package.dsv'
[0.980s] INFO:colcon.colcon_core.shell:Creating package script '/home/bhadha/pico_ws/install/rotors_swift_gazebo/share/rotors_swift_gazebo/package.sh'
[0.981s] INFO:colcon.colcon_core.shell:Creating package script '/home/bhadha/pico_ws/install/rotors_swift_gazebo/share/rotors_swift_gazebo/package.bash'
[0.982s] INFO:colcon.colcon_core.shell:Creating package script '/home/bhadha/pico_ws/install/rotors_swift_gazebo/share/rotors_swift_gazebo/package.zsh'
[0.983s] Level 1:colcon.colcon_core.environment:create_file_with_runtime_dependencies(/home/bhadha/pico_ws/install/rotors_swift_gazebo/share/colcon-core/packages/rotors_swift_gazebo)
[0.984s] Level 1:colcon.colcon_core.environment:create_environment_scripts_only(rotors_swift_gazebo)
[0.984s] Level 1:colcon.colcon_core.environment:checking '/home/bhadha/pico_ws/install/rotors_swift_gazebo' for CMake module files
[0.985s] Level 1:colcon.colcon_core.environment:checking '/home/bhadha/pico_ws/install/rotors_swift_gazebo' for CMake config files
[0.986s] Level 1:colcon.colcon_core.shell:create_environment_hook('rotors_swift_gazebo', 'cmake_prefix_path')
[0.986s] INFO:colcon.colcon_core.shell:Creating environment hook '/home/bhadha/pico_ws/install/rotors_swift_gazebo/share/rotors_swift_gazebo/hook/cmake_prefix_path.ps1'
[0.987s] INFO:colcon.colcon_core.shell:Creating environment descriptor '/home/bhadha/pico_ws/install/rotors_swift_gazebo/share/rotors_swift_gazebo/hook/cmake_prefix_path.dsv'
[0.988s] INFO:colcon.colcon_core.shell:Creating environment hook '/home/bhadha/pico_ws/install/rotors_swift_gazebo/share/rotors_swift_gazebo/hook/cmake_prefix_path.sh'
[0.989s] Level 1:colcon.colcon_core.environment:checking '/home/bhadha/pico_ws/install/rotors_swift_gazebo/bin'
[0.989s] Level 1:colcon.colcon_core.environment:checking '/home/bhadha/pico_ws/install/rotors_swift_gazebo/lib/pkgconfig/rotors_swift_gazebo.pc'
[0.990s] Level 1:colcon.colcon_core.environment:checking '/home/bhadha/pico_ws/install/rotors_swift_gazebo/lib/python3.10/site-packages'
[0.990s] Level 1:colcon.colcon_core.environment:checking '/home/bhadha/pico_ws/install/rotors_swift_gazebo/bin'
[0.991s] INFO:colcon.colcon_core.shell:Creating package script '/home/bhadha/pico_ws/install/rotors_swift_gazebo/share/rotors_swift_gazebo/package.ps1'
[0.992s] INFO:colcon.colcon_core.shell:Creating package descriptor '/home/bhadha/pico_ws/install/rotors_swift_gazebo/share/rotors_swift_gazebo/package.dsv'
[0.993s] INFO:colcon.colcon_core.shell:Creating package script '/home/bhadha/pico_ws/install/rotors_swift_gazebo/share/rotors_swift_gazebo/package.sh'
[0.994s] INFO:colcon.colcon_core.shell:Creating package script '/home/bhadha/pico_ws/install/rotors_swift_gazebo/share/rotors_swift_gazebo/package.bash'
[0.995s] INFO:colcon.colcon_core.shell:Creating package script '/home/bhadha/pico_ws/install/rotors_swift_gazebo/share/rotors_swift_gazebo/package.zsh'
[0.995s] Level 1:colcon.colcon_core.environment:create_file_with_runtime_dependencies(/home/bhadha/pico_ws/install/rotors_swift_gazebo/share/colcon-core/packages/rotors_swift_gazebo)
[1.192s] DEBUG:colcon.colcon_core.event_handler.log_command:Invoked command in '/home/bhadha/pico_ws/build/controller_msg' returned '0': CMAKE_PREFIX_PATH=/opt/ros/humble /usr/bin/cmake --build /home/bhadha/pico_ws/build/controller_msg -- -j12 -l12
[1.193s] DEBUG:colcon.colcon_core.event_handler.log_command:Invoking command in '/home/bhadha/pico_ws/build/controller_msg': CMAKE_PREFIX_PATH=/opt/ros/humble /usr/bin/cmake --install /home/bhadha/pico_ws/build/controller_msg
[1.195s] DEBUG:colcon.colcon_core.event_handler.log_command:Invoked command in '/home/bhadha/pico_ws/build/error_msg' returned '0': CMAKE_PREFIX_PATH=/opt/ros/humble /usr/bin/cmake --build /home/bhadha/pico_ws/build/error_msg -- -j12 -l12
[1.196s] DEBUG:colcon.colcon_core.event_handler.log_command:Invoking command in '/home/bhadha/pico_ws/build/error_msg': CMAKE_PREFIX_PATH=/opt/ros/humble /usr/bin/cmake --install /home/bhadha/pico_ws/build/error_msg
[1.222s] DEBUG:colcon.colcon_core.event_handler.log_command:Invoked command in '/home/bhadha/pico_ws/build/whycode_interfaces' returned '0': CMAKE_PREFIX_PATH=/opt/ros/humble /usr/bin/cmake --build /home/bhadha/pico_ws/build/whycode_interfaces -- -j12 -l12
[1.222s] DEBUG:colcon.colcon_core.event_handler.log_command:Invoking command in '/home/bhadha/pico_ws/build/whycode_interfaces': CMAKE_PREFIX_PATH=/opt/ros/humble /usr/bin/cmake --install /home/bhadha/pico_ws/build/whycode_interfaces
[1.222s] DEBUG:colcon.colcon_core.event_handler.log_command:Invoked command in '/home/bhadha/pico_ws/build/swift_msgs' returned '0': CMAKE_PREFIX_PATH=/opt/ros/humble /usr/bin/cmake --build /home/bhadha/pico_ws/build/swift_msgs -- -j12 -l12
[1.224s] DEBUG:colcon.colcon_core.event_handler.log_command:Invoking command in '/home/bhadha/pico_ws/build/swift_msgs': CMAKE_PREFIX_PATH=/opt/ros/humble /usr/bin/cmake --install /home/bhadha/pico_ws/build/swift_msgs
[1.225s] DEBUG:colcon.colcon_core.event_handler.log_command:Invoked command in '/home/bhadha/pico_ws/build/mav_msgs' returned '0': CMAKE_PREFIX_PATH=/opt/ros/humble /usr/bin/cmake --build /home/bhadha/pico_ws/build/mav_msgs -- -j12 -l12
[1.240s] DEBUG:colcon.colcon_core.event_handler.log_command:Invoking command in '/home/bhadha/pico_ws/build/mav_msgs': CMAKE_PREFIX_PATH=/opt/ros/humble /usr/bin/cmake --install /home/bhadha/pico_ws/build/mav_msgs
[1.267s] Level 1:colcon.colcon_core.environment:create_environment_scripts_only(error_msg)
[1.267s] Level 1:colcon.colcon_core.environment:checking '/home/bhadha/pico_ws/install/error_msg' for CMake module files
[1.274s] Level 1:colcon.colcon_core.environment:checking '/home/bhadha/pico_ws/install/error_msg' for CMake config files
[1.297s] DEBUG:colcon.colcon_core.event_handler.log_command:Invoked command in '/home/bhadha/pico_ws/build/error_msg' returned '0': CMAKE_PREFIX_PATH=/opt/ros/humble /usr/bin/cmake --install /home/bhadha/pico_ws/build/error_msg
[1.297s] Level 1:colcon.colcon_core.shell:create_environment_hook('error_msg', 'cmake_prefix_path')
[1.298s] INFO:colcon.colcon_core.shell:Creating environment hook '/home/bhadha/pico_ws/install/error_msg/share/error_msg/hook/cmake_prefix_path.ps1'
[1.303s] INFO:colcon.colcon_core.shell:Creating environment descriptor '/home/bhadha/pico_ws/install/error_msg/share/error_msg/hook/cmake_prefix_path.dsv'
[1.304s] INFO:colcon.colcon_core.shell:Creating environment hook '/home/bhadha/pico_ws/install/error_msg/share/error_msg/hook/cmake_prefix_path.sh'
[1.308s] Level 1:colcon.colcon_core.environment:checking '/home/bhadha/pico_ws/install/error_msg/lib'
[1.309s] Level 1:colcon.colcon_core.shell:create_environment_hook('error_msg', 'ld_library_path_lib')
[1.309s] INFO:colcon.colcon_core.shell:Creating environment hook '/home/bhadha/pico_ws/install/error_msg/share/error_msg/hook/ld_library_path_lib.ps1'
[1.311s] INFO:colcon.colcon_core.shell:Creating environment descriptor '/home/bhadha/pico_ws/install/error_msg/share/error_msg/hook/ld_library_path_lib.dsv'
[1.312s] INFO:colcon.colcon_core.shell:Creating environment hook '/home/bhadha/pico_ws/install/error_msg/share/error_msg/hook/ld_library_path_lib.sh'
[1.312s] Level 1:colcon.colcon_core.environment:checking '/home/bhadha/pico_ws/install/error_msg/bin'
[1.312s] Level 1:colcon.colcon_core.environment:checking '/home/bhadha/pico_ws/install/error_msg/lib/pkgconfig/error_msg.pc'
[1.312s] Level 1:colcon.colcon_core.environment:checking '/home/bhadha/pico_ws/install/error_msg/lib/python3.10/site-packages'
[1.312s] Level 1:colcon.colcon_core.environment:checking '/home/bhadha/pico_ws/install/error_msg/bin'
[1.313s] INFO:colcon.colcon_core.shell:Creating package script '/home/bhadha/pico_ws/install/error_msg/share/error_msg/package.ps1'
[1.313s] INFO:colcon.colcon_core.shell:Creating package descriptor '/home/bhadha/pico_ws/install/error_msg/share/error_msg/package.dsv'
[1.313s] INFO:colcon.colcon_core.shell:Creating package script '/home/bhadha/pico_ws/install/error_msg/share/error_msg/package.sh'
[1.314s] INFO:colcon.colcon_core.shell:Creating package script '/home/bhadha/pico_ws/install/error_msg/share/error_msg/package.bash'
[1.314s] INFO:colcon.colcon_core.shell:Creating package script '/home/bhadha/pico_ws/install/error_msg/share/error_msg/package.zsh'
[1.314s] Level 1:colcon.colcon_core.environment:create_file_with_runtime_dependencies(/home/bhadha/pico_ws/install/error_msg/share/colcon-core/packages/error_msg)
[1.315s] Level 1:colcon.colcon_core.environment:create_environment_scripts_only(error_msg)
[1.315s] Level 1:colcon.colcon_core.environment:checking '/home/bhadha/pico_ws/install/error_msg' for CMake module files
[1.315s] Level 1:colcon.colcon_core.environment:checking '/home/bhadha/pico_ws/install/error_msg' for CMake config files
[1.316s] Level 1:colcon.colcon_core.shell:create_environment_hook('error_msg', 'cmake_prefix_path')
[1.316s] INFO:colcon.colcon_core.shell:Creating environment hook '/home/bhadha/pico_ws/install/error_msg/share/error_msg/hook/cmake_prefix_path.ps1'
[1.316s] INFO:colcon.colcon_core.shell:Creating environment descriptor '/home/bhadha/pico_ws/install/error_msg/share/error_msg/hook/cmake_prefix_path.dsv'
[1.316s] INFO:colcon.colcon_core.shell:Creating environment hook '/home/bhadha/pico_ws/install/error_msg/share/error_msg/hook/cmake_prefix_path.sh'
[1.317s] Level 1:colcon.colcon_core.environment:checking '/home/bhadha/pico_ws/install/error_msg/lib'
[1.317s] Level 1:colcon.colcon_core.shell:create_environment_hook('error_msg', 'ld_library_path_lib')
[1.317s] INFO:colcon.colcon_core.shell:Creating environment hook '/home/bhadha/pico_ws/install/error_msg/share/error_msg/hook/ld_library_path_lib.ps1'
[1.317s] INFO:colcon.colcon_core.shell:Creating environment descriptor '/home/bhadha/pico_ws/install/error_msg/share/error_msg/hook/ld_library_path_lib.dsv'
[1.317s] INFO:colcon.colcon_core.shell:Creating environment hook '/home/bhadha/pico_ws/install/error_msg/share/error_msg/hook/ld_library_path_lib.sh'
[1.317s] Level 1:colcon.colcon_core.environment:checking '/home/bhadha/pico_ws/install/error_msg/bin'
[1.317s] Level 1:colcon.colcon_core.environment:checking '/home/bhadha/pico_ws/install/error_msg/lib/pkgconfig/error_msg.pc'
[1.318s] Level 1:colcon.colcon_core.environment:checking '/home/bhadha/pico_ws/install/error_msg/lib/python3.10/site-packages'
[1.318s] Level 1:colcon.colcon_core.environment:checking '/home/bhadha/pico_ws/install/error_msg/bin'
[1.318s] INFO:colcon.colcon_core.shell:Creating package script '/home/bhadha/pico_ws/install/error_msg/share/error_msg/package.ps1'
[1.319s] INFO:colcon.colcon_core.shell:Creating package descriptor '/home/bhadha/pico_ws/install/error_msg/share/error_msg/package.dsv'
[1.319s] INFO:colcon.colcon_core.shell:Creating package script '/home/bhadha/pico_ws/install/error_msg/share/error_msg/package.sh'
[1.319s] INFO:colcon.colcon_core.shell:Creating package script '/home/bhadha/pico_ws/install/error_msg/share/error_msg/package.bash'
[1.319s] INFO:colcon.colcon_core.shell:Creating package script '/home/bhadha/pico_ws/install/error_msg/share/error_msg/package.zsh'
[1.320s] Level 1:colcon.colcon_core.environment:create_file_with_runtime_dependencies(/home/bhadha/pico_ws/install/error_msg/share/colcon-core/packages/error_msg)
[1.320s] Level 1:colcon.colcon_core.environment:create_environment_scripts_only(controller_msg)
[1.320s] Level 1:colcon.colcon_core.environment:checking '/home/bhadha/pico_ws/install/controller_msg' for CMake module files
[1.321s] DEBUG:colcon.colcon_core.event_handler.log_command:Invoked command in '/home/bhadha/pico_ws/build/controller_msg' returned '0': CMAKE_PREFIX_PATH=/opt/ros/humble /usr/bin/cmake --install /home/bhadha/pico_ws/build/controller_msg
[1.321s] Level 1:colcon.colcon_core.environment:checking '/home/bhadha/pico_ws/install/controller_msg' for CMake config files
[1.321s] Level 1:colcon.colcon_core.shell:create_environment_hook('controller_msg', 'cmake_prefix_path')
[1.321s] INFO:colcon.colcon_core.shell:Creating environment hook '/home/bhadha/pico_ws/install/controller_msg/share/controller_msg/hook/cmake_prefix_path.ps1'
[1.322s] INFO:colcon.colcon_core.shell:Creating environment descriptor '/home/bhadha/pico_ws/install/controller_msg/share/controller_msg/hook/cmake_prefix_path.dsv'
[1.322s] INFO:colcon.colcon_core.shell:Creating environment hook '/home/bhadha/pico_ws/install/controller_msg/share/controller_msg/hook/cmake_prefix_path.sh'
[1.322s] Level 1:colcon.colcon_core.environment:checking '/home/bhadha/pico_ws/install/controller_msg/lib'
[1.322s] Level 1:colcon.colcon_core.shell:create_environment_hook('controller_msg', 'ld_library_path_lib')
[1.323s] INFO:colcon.colcon_core.shell:Creating environment hook '/home/bhadha/pico_ws/install/controller_msg/share/controller_msg/hook/ld_library_path_lib.ps1'
[1.323s] INFO:colcon.colcon_core.shell:Creating environment descriptor '/home/bhadha/pico_ws/install/controller_msg/share/controller_msg/hook/ld_library_path_lib.dsv'
[1.323s] INFO:colcon.colcon_core.shell:Creating environment hook '/home/bhadha/pico_ws/install/controller_msg/share/controller_msg/hook/ld_library_path_lib.sh'
[1.323s] Level 1:colcon.colcon_core.environment:checking '/home/bhadha/pico_ws/install/controller_msg/bin'
[1.323s] Level 1:colcon.colcon_core.environment:checking '/home/bhadha/pico_ws/install/controller_msg/lib/pkgconfig/controller_msg.pc'
[1.324s] Level 1:colcon.colcon_core.environment:checking '/home/bhadha/pico_ws/install/controller_msg/lib/python3.10/site-packages'
[1.324s] Level 1:colcon.colcon_core.environment:checking '/home/bhadha/pico_ws/install/controller_msg/bin'
[1.324s] INFO:colcon.colcon_core.shell:Creating package script '/home/bhadha/pico_ws/install/controller_msg/share/controller_msg/package.ps1'
[1.324s] INFO:colcon.colcon_core.shell:Creating package descriptor '/home/bhadha/pico_ws/install/controller_msg/share/controller_msg/package.dsv'
[1.325s] INFO:colcon.colcon_core.shell:Creating package script '/home/bhadha/pico_ws/install/controller_msg/share/controller_msg/package.sh'
[1.325s] INFO:colcon.colcon_core.shell:Creating package script '/home/bhadha/pico_ws/install/controller_msg/share/controller_msg/package.bash'
[1.325s] INFO:colcon.colcon_core.shell:Creating package script '/home/bhadha/pico_ws/install/controller_msg/share/controller_msg/package.zsh'
[1.325s] Level 1:colcon.colcon_core.environment:create_file_with_runtime_dependencies(/home/bhadha/pico_ws/install/controller_msg/share/colcon-core/packages/controller_msg)
[1.326s] Level 1:colcon.colcon_core.environment:create_environment_scripts_only(controller_msg)
[1.326s] Level 1:colcon.colcon_core.environment:checking '/home/bhadha/pico_ws/install/controller_msg' for CMake module files
[1.326s] Level 1:colcon.colcon_core.environment:checking '/home/bhadha/pico_ws/install/controller_msg' for CMake config files
[1.327s] Level 1:colcon.colcon_core.shell:create_environment_hook('controller_msg', 'cmake_prefix_path')
[1.327s] INFO:colcon.colcon_core.shell:Creating environment hook '/home/bhadha/pico_ws/install/controller_msg/share/controller_msg/hook/cmake_prefix_path.ps1'
[1.327s] INFO:colcon.colcon_core.shell:Creating environment descriptor '/home/bhadha/pico_ws/install/controller_msg/share/controller_msg/hook/cmake_prefix_path.dsv'
[1.327s] INFO:colcon.colcon_core.shell:Creating environment hook '/home/bhadha/pico_ws/install/controller_msg/share/controller_msg/hook/cmake_prefix_path.sh'
[1.328s] Level 1:colcon.colcon_core.environment:checking '/home/bhadha/pico_ws/install/controller_msg/lib'
[1.328s] Level 1:colcon.colcon_core.shell:create_environment_hook('controller_msg', 'ld_library_path_lib')
[1.328s] INFO:colcon.colcon_core.shell:Creating environment hook '/home/bhadha/pico_ws/install/controller_msg/share/controller_msg/hook/ld_library_path_lib.ps1'
[1.328s] INFO:colcon.colcon_core.shell:Creating environment descriptor '/home/bhadha/pico_ws/install/controller_msg/share/controller_msg/hook/ld_library_path_lib.dsv'
[1.329s] INFO:colcon.colcon_core.shell:Creating environment hook '/home/bhadha/pico_ws/install/controller_msg/share/controller_msg/hook/ld_library_path_lib.sh'
[1.329s] Level 1:colcon.colcon_core.environment:checking '/home/bhadha/pico_ws/install/controller_msg/bin'
[1.329s] Level 1:colcon.colcon_core.environment:checking '/home/bhadha/pico_ws/install/controller_msg/lib/pkgconfig/controller_msg.pc'
[1.329s] Level 1:colcon.colcon_core.environment:checking '/home/bhadha/pico_ws/install/controller_msg/lib/python3.10/site-packages'
[1.329s] Level 1:colcon.colcon_core.environment:checking '/home/bhadha/pico_ws/install/controller_msg/bin'
[1.329s] INFO:colcon.colcon_core.shell:Creating package script '/home/bhadha/pico_ws/install/controller_msg/share/controller_msg/package.ps1'
[1.330s] INFO:colcon.colcon_core.shell:Creating package descriptor '/home/bhadha/pico_ws/install/controller_msg/share/controller_msg/package.dsv'
[1.330s] INFO:colcon.colcon_core.shell:Creating package script '/home/bhadha/pico_ws/install/controller_msg/share/controller_msg/package.sh'
[1.330s] INFO:colcon.colcon_core.shell:Creating package script '/home/bhadha/pico_ws/install/controller_msg/share/controller_msg/package.bash'
[1.331s] INFO:colcon.colcon_core.shell:Creating package script '/home/bhadha/pico_ws/install/controller_msg/share/controller_msg/package.zsh'
[1.331s] Level 1:colcon.colcon_core.environment:create_file_with_runtime_dependencies(/home/bhadha/pico_ws/install/controller_msg/share/colcon-core/packages/controller_msg)
[1.331s] INFO:colcon.colcon_ros.task.ament_cmake.build:Building ROS package in '/home/bhadha/pico_ws/src/controller_tuner/pid_tune' with build type 'ament_cmake'
[1.331s] INFO:colcon.colcon_cmake.task.cmake.build:Building CMake package in '/home/bhadha/pico_ws/src/controller_tuner/pid_tune'
[1.332s] INFO:colcon.colcon_core.shell:Skip shell extension 'powershell' for command environment: Not usable outside of PowerShell
[1.332s] DEBUG:colcon.colcon_core.shell:Skip shell extension 'dsv' for command environment
[1.335s] Level 1:colcon.colcon_core.environment:create_environment_scripts_only(mav_msgs)
[1.336s] Level 1:colcon.colcon_core.environment:checking '/home/bhadha/pico_ws/install/mav_msgs' for CMake module files
[1.336s] DEBUG:colcon.colcon_core.event_handler.log_command:Invoked command in '/home/bhadha/pico_ws/build/mav_msgs' returned '0': CMAKE_PREFIX_PATH=/opt/ros/humble /usr/bin/cmake --install /home/bhadha/pico_ws/build/mav_msgs
[1.336s] Level 1:colcon.colcon_core.environment:checking '/home/bhadha/pico_ws/install/mav_msgs' for CMake config files
[1.337s] Level 1:colcon.colcon_core.shell:create_environment_hook('mav_msgs', 'cmake_prefix_path')
[1.337s] INFO:colcon.colcon_core.shell:Creating environment hook '/home/bhadha/pico_ws/install/mav_msgs/share/mav_msgs/hook/cmake_prefix_path.ps1'
[1.337s] INFO:colcon.colcon_core.shell:Creating environment descriptor '/home/bhadha/pico_ws/install/mav_msgs/share/mav_msgs/hook/cmake_prefix_path.dsv'
[1.338s] INFO:colcon.colcon_core.shell:Creating environment hook '/home/bhadha/pico_ws/install/mav_msgs/share/mav_msgs/hook/cmake_prefix_path.sh'
[1.338s] Level 1:colcon.colcon_core.environment:checking '/home/bhadha/pico_ws/install/mav_msgs/lib'
[1.338s] Level 1:colcon.colcon_core.shell:create_environment_hook('mav_msgs', 'ld_library_path_lib')
[1.339s] INFO:colcon.colcon_core.shell:Creating environment hook '/home/bhadha/pico_ws/install/mav_msgs/share/mav_msgs/hook/ld_library_path_lib.ps1'
[1.339s] INFO:colcon.colcon_core.shell:Creating environment descriptor '/home/bhadha/pico_ws/install/mav_msgs/share/mav_msgs/hook/ld_library_path_lib.dsv'
[1.339s] INFO:colcon.colcon_core.shell:Creating environment hook '/home/bhadha/pico_ws/install/mav_msgs/share/mav_msgs/hook/ld_library_path_lib.sh'
[1.339s] Level 1:colcon.colcon_core.environment:checking '/home/bhadha/pico_ws/install/mav_msgs/bin'
[1.339s] Level 1:colcon.colcon_core.environment:checking '/home/bhadha/pico_ws/install/mav_msgs/lib/pkgconfig/mav_msgs.pc'
[1.340s] Level 1:colcon.colcon_core.environment:checking '/home/bhadha/pico_ws/install/mav_msgs/lib/python3.10/site-packages'
[1.340s] Level 1:colcon.colcon_core.environment:checking '/home/bhadha/pico_ws/install/mav_msgs/bin'
[1.340s] INFO:colcon.colcon_core.shell:Creating package script '/home/bhadha/pico_ws/install/mav_msgs/share/mav_msgs/package.ps1'
[1.341s] INFO:colcon.colcon_core.shell:Creating package descriptor '/home/bhadha/pico_ws/install/mav_msgs/share/mav_msgs/package.dsv'
[1.341s] INFO:colcon.colcon_core.shell:Creating package script '/home/bhadha/pico_ws/install/mav_msgs/share/mav_msgs/package.sh'
[1.341s] INFO:colcon.colcon_core.shell:Creating package script '/home/bhadha/pico_ws/install/mav_msgs/share/mav_msgs/package.bash'
[1.342s] INFO:colcon.colcon_core.shell:Creating package script '/home/bhadha/pico_ws/install/mav_msgs/share/mav_msgs/package.zsh'
[1.342s] Level 1:colcon.colcon_core.environment:create_file_with_runtime_dependencies(/home/bhadha/pico_ws/install/mav_msgs/share/colcon-core/packages/mav_msgs)
[1.342s] Level 1:colcon.colcon_core.environment:create_environment_scripts_only(mav_msgs)
[1.343s] Level 1:colcon.colcon_core.environment:checking '/home/bhadha/pico_ws/install/mav_msgs' for CMake module files
[1.343s] Level 1:colcon.colcon_core.environment:checking '/home/bhadha/pico_ws/install/mav_msgs' for CMake config files
[1.343s] Level 1:colcon.colcon_core.shell:create_environment_hook('mav_msgs', 'cmake_prefix_path')
[1.343s] INFO:colcon.colcon_core.shell:Creating environment hook '/home/bhadha/pico_ws/install/mav_msgs/share/mav_msgs/hook/cmake_prefix_path.ps1'
[1.344s] INFO:colcon.colcon_core.shell:Creating environment descriptor '/home/bhadha/pico_ws/install/mav_msgs/share/mav_msgs/hook/cmake_prefix_path.dsv'
[1.344s] INFO:colcon.colcon_core.shell:Creating environment hook '/home/bhadha/pico_ws/install/mav_msgs/share/mav_msgs/hook/cmake_prefix_path.sh'
[1.344s] Level 1:colcon.colcon_core.environment:checking '/home/bhadha/pico_ws/install/mav_msgs/lib'
[1.344s] Level 1:colcon.colcon_core.shell:create_environment_hook('mav_msgs', 'ld_library_path_lib')
[1.345s] INFO:colcon.colcon_core.shell:Creating environment hook '/home/bhadha/pico_ws/install/mav_msgs/share/mav_msgs/hook/ld_library_path_lib.ps1'
[1.345s] INFO:colcon.colcon_core.shell:Creating environment descriptor '/home/bhadha/pico_ws/install/mav_msgs/share/mav_msgs/hook/ld_library_path_lib.dsv'
[1.345s] INFO:colcon.colcon_core.shell:Creating environment hook '/home/bhadha/pico_ws/install/mav_msgs/share/mav_msgs/hook/ld_library_path_lib.sh'
[1.345s] Level 1:colcon.colcon_core.environment:checking '/home/bhadha/pico_ws/install/mav_msgs/bin'
[1.346s] Level 1:colcon.colcon_core.environment:checking '/home/bhadha/pico_ws/install/mav_msgs/lib/pkgconfig/mav_msgs.pc'
[1.346s] Level 1:colcon.colcon_core.environment:checking '/home/bhadha/pico_ws/install/mav_msgs/lib/python3.10/site-packages'
[1.346s] Level 1:colcon.colcon_core.environment:checking '/home/bhadha/pico_ws/install/mav_msgs/bin'
[1.346s] INFO:colcon.colcon_core.shell:Creating package script '/home/bhadha/pico_ws/install/mav_msgs/share/mav_msgs/package.ps1'
[1.347s] INFO:colcon.colcon_core.shell:Creating package descriptor '/home/bhadha/pico_ws/install/mav_msgs/share/mav_msgs/package.dsv'
[1.347s] INFO:colcon.colcon_core.shell:Creating package script '/home/bhadha/pico_ws/install/mav_msgs/share/mav_msgs/package.sh'
[1.347s] INFO:colcon.colcon_core.shell:Creating package script '/home/bhadha/pico_ws/install/mav_msgs/share/mav_msgs/package.bash'
[1.348s] INFO:colcon.colcon_core.shell:Creating package script '/home/bhadha/pico_ws/install/mav_msgs/share/mav_msgs/package.zsh'
[1.348s] Level 1:colcon.colcon_core.environment:create_file_with_runtime_dependencies(/home/bhadha/pico_ws/install/mav_msgs/share/colcon-core/packages/mav_msgs)
[1.348s] Level 1:colcon.colcon_core.environment:create_environment_scripts_only(swift_msgs)
[1.348s] Level 1:colcon.colcon_core.environment:checking '/home/bhadha/pico_ws/install/swift_msgs' for CMake module files
[1.349s] DEBUG:colcon.colcon_core.event_handler.log_command:Invoked command in '/home/bhadha/pico_ws/build/swift_msgs' returned '0': CMAKE_PREFIX_PATH=/opt/ros/humble /usr/bin/cmake --install /home/bhadha/pico_ws/build/swift_msgs
[1.349s] Level 1:colcon.colcon_core.environment:checking '/home/bhadha/pico_ws/install/swift_msgs' for CMake config files
[1.350s] Level 1:colcon.colcon_core.shell:create_environment_hook('swift_msgs', 'cmake_prefix_path')
[1.350s] INFO:colcon.colcon_core.shell:Creating environment hook '/home/bhadha/pico_ws/install/swift_msgs/share/swift_msgs/hook/cmake_prefix_path.ps1'
[1.350s] INFO:colcon.colcon_core.shell:Creating environment descriptor '/home/bhadha/pico_ws/install/swift_msgs/share/swift_msgs/hook/cmake_prefix_path.dsv'
[1.350s] INFO:colcon.colcon_core.shell:Creating environment hook '/home/bhadha/pico_ws/install/swift_msgs/share/swift_msgs/hook/cmake_prefix_path.sh'
[1.351s] Level 1:colcon.colcon_core.environment:checking '/home/bhadha/pico_ws/install/swift_msgs/lib'
[1.351s] Level 1:colcon.colcon_core.shell:create_environment_hook('swift_msgs', 'ld_library_path_lib')
[1.351s] INFO:colcon.colcon_core.shell:Creating environment hook '/home/bhadha/pico_ws/install/swift_msgs/share/swift_msgs/hook/ld_library_path_lib.ps1'
[1.351s] INFO:colcon.colcon_core.shell:Creating environment descriptor '/home/bhadha/pico_ws/install/swift_msgs/share/swift_msgs/hook/ld_library_path_lib.dsv'
[1.351s] INFO:colcon.colcon_core.shell:Creating environment hook '/home/bhadha/pico_ws/install/swift_msgs/share/swift_msgs/hook/ld_library_path_lib.sh'
[1.352s] Level 1:colcon.colcon_core.environment:checking '/home/bhadha/pico_ws/install/swift_msgs/bin'
[1.352s] Level 1:colcon.colcon_core.environment:checking '/home/bhadha/pico_ws/install/swift_msgs/lib/pkgconfig/swift_msgs.pc'
[1.352s] Level 1:colcon.colcon_core.environment:checking '/home/bhadha/pico_ws/install/swift_msgs/lib/python3.10/site-packages'
[1.352s] Level 1:colcon.colcon_core.environment:checking '/home/bhadha/pico_ws/install/swift_msgs/bin'
[1.352s] INFO:colcon.colcon_core.shell:Creating package script '/home/bhadha/pico_ws/install/swift_msgs/share/swift_msgs/package.ps1'
[1.353s] INFO:colcon.colcon_core.shell:Creating package descriptor '/home/bhadha/pico_ws/install/swift_msgs/share/swift_msgs/package.dsv'
[1.353s] INFO:colcon.colcon_core.shell:Creating package script '/home/bhadha/pico_ws/install/swift_msgs/share/swift_msgs/package.sh'
[1.353s] INFO:colcon.colcon_core.shell:Creating package script '/home/bhadha/pico_ws/install/swift_msgs/share/swift_msgs/package.bash'
[1.353s] INFO:colcon.colcon_core.shell:Creating package script '/home/bhadha/pico_ws/install/swift_msgs/share/swift_msgs/package.zsh'
[1.354s] Level 1:colcon.colcon_core.environment:create_file_with_runtime_dependencies(/home/bhadha/pico_ws/install/swift_msgs/share/colcon-core/packages/swift_msgs)
[1.354s] Level 1:colcon.colcon_core.environment:create_environment_scripts_only(swift_msgs)
[1.354s] Level 1:colcon.colcon_core.environment:checking '/home/bhadha/pico_ws/install/swift_msgs' for CMake module files
[1.355s] Level 1:colcon.colcon_core.environment:checking '/home/bhadha/pico_ws/install/swift_msgs' for CMake config files
[1.355s] Level 1:colcon.colcon_core.shell:create_environment_hook('swift_msgs', 'cmake_prefix_path')
[1.355s] INFO:colcon.colcon_core.shell:Creating environment hook '/home/bhadha/pico_ws/install/swift_msgs/share/swift_msgs/hook/cmake_prefix_path.ps1'
[1.355s] INFO:colcon.colcon_core.shell:Creating environment descriptor '/home/bhadha/pico_ws/install/swift_msgs/share/swift_msgs/hook/cmake_prefix_path.dsv'
[1.355s] INFO:colcon.colcon_core.shell:Creating environment hook '/home/bhadha/pico_ws/install/swift_msgs/share/swift_msgs/hook/cmake_prefix_path.sh'
[1.356s] Level 1:colcon.colcon_core.environment:checking '/home/bhadha/pico_ws/install/swift_msgs/lib'
[1.356s] Level 1:colcon.colcon_core.shell:create_environment_hook('swift_msgs', 'ld_library_path_lib')
[1.356s] INFO:colcon.colcon_core.shell:Creating environment hook '/home/bhadha/pico_ws/install/swift_msgs/share/swift_msgs/hook/ld_library_path_lib.ps1'
[1.356s] INFO:colcon.colcon_core.shell:Creating environment descriptor '/home/bhadha/pico_ws/install/swift_msgs/share/swift_msgs/hook/ld_library_path_lib.dsv'
[1.357s] INFO:colcon.colcon_core.shell:Creating environment hook '/home/bhadha/pico_ws/install/swift_msgs/share/swift_msgs/hook/ld_library_path_lib.sh'
[1.357s] Level 1:colcon.colcon_core.environment:checking '/home/bhadha/pico_ws/install/swift_msgs/bin'
[1.357s] Level 1:colcon.colcon_core.environment:checking '/home/bhadha/pico_ws/install/swift_msgs/lib/pkgconfig/swift_msgs.pc'
[1.357s] Level 1:colcon.colcon_core.environment:checking '/home/bhadha/pico_ws/install/swift_msgs/lib/python3.10/site-packages'
[1.357s] Level 1:colcon.colcon_core.environment:checking '/home/bhadha/pico_ws/install/swift_msgs/bin'
[1.358s] INFO:colcon.colcon_core.shell:Creating package script '/home/bhadha/pico_ws/install/swift_msgs/share/swift_msgs/package.ps1'
[1.358s] INFO:colcon.colcon_core.shell:Creating package descriptor '/home/bhadha/pico_ws/install/swift_msgs/share/swift_msgs/package.dsv'
[1.359s] INFO:colcon.colcon_core.shell:Creating package script '/home/bhadha/pico_ws/install/swift_msgs/share/swift_msgs/package.sh'
[1.359s] INFO:colcon.colcon_core.shell:Creating package script '/home/bhadha/pico_ws/install/swift_msgs/share/swift_msgs/package.bash'
[1.359s] INFO:colcon.colcon_core.shell:Creating package script '/home/bhadha/pico_ws/install/swift_msgs/share/swift_msgs/package.zsh'
[1.360s] Level 1:colcon.colcon_core.environment:create_file_with_runtime_dependencies(/home/bhadha/pico_ws/install/swift_msgs/share/colcon-core/packages/swift_msgs)
[1.360s] Level 1:colcon.colcon_core.environment:create_environment_scripts_only(whycode_interfaces)
[1.360s] Level 1:colcon.colcon_core.environment:checking '/home/bhadha/pico_ws/install/whycode_interfaces' for CMake module files
[1.361s] Level 1:colcon.colcon_core.environment:checking '/home/bhadha/pico_ws/install/whycode_interfaces' for CMake config files
[1.361s] DEBUG:colcon.colcon_core.event_handler.log_command:Invoked command in '/home/bhadha/pico_ws/build/whycode_interfaces' returned '0': CMAKE_PREFIX_PATH=/opt/ros/humble /usr/bin/cmake --install /home/bhadha/pico_ws/build/whycode_interfaces
[1.362s] Level 1:colcon.colcon_core.shell:create_environment_hook('whycode_interfaces', 'cmake_prefix_path')
[1.362s] INFO:colcon.colcon_core.shell:Creating environment hook '/home/bhadha/pico_ws/install/whycode_interfaces/share/whycode_interfaces/hook/cmake_prefix_path.ps1'
[1.362s] INFO:colcon.colcon_core.shell:Creating environment descriptor '/home/bhadha/pico_ws/install/whycode_interfaces/share/whycode_interfaces/hook/cmake_prefix_path.dsv'
[1.363s] INFO:colcon.colcon_core.shell:Creating environment hook '/home/bhadha/pico_ws/install/whycode_interfaces/share/whycode_interfaces/hook/cmake_prefix_path.sh'
[1.363s] Level 1:colcon.colcon_core.environment:checking '/home/bhadha/pico_ws/install/whycode_interfaces/lib'
[1.363s] Level 1:colcon.colcon_core.shell:create_environment_hook('whycode_interfaces', 'ld_library_path_lib')
[1.363s] INFO:colcon.colcon_core.shell:Creating environment hook '/home/bhadha/pico_ws/install/whycode_interfaces/share/whycode_interfaces/hook/ld_library_path_lib.ps1'
[1.364s] INFO:colcon.colcon_core.shell:Creating environment descriptor '/home/bhadha/pico_ws/install/whycode_interfaces/share/whycode_interfaces/hook/ld_library_path_lib.dsv'
[1.364s] INFO:colcon.colcon_core.shell:Creating environment hook '/home/bhadha/pico_ws/install/whycode_interfaces/share/whycode_interfaces/hook/ld_library_path_lib.sh'
[1.364s] Level 1:colcon.colcon_core.environment:checking '/home/bhadha/pico_ws/install/whycode_interfaces/bin'
[1.364s] Level 1:colcon.colcon_core.environment:checking '/home/bhadha/pico_ws/install/whycode_interfaces/lib/pkgconfig/whycode_interfaces.pc'
[1.364s] Level 1:colcon.colcon_core.environment:checking '/home/bhadha/pico_ws/install/whycode_interfaces/lib/python3.10/site-packages'
[1.365s] Level 1:colcon.colcon_core.environment:checking '/home/bhadha/pico_ws/install/whycode_interfaces/bin'
[1.365s] INFO:colcon.colcon_core.shell:Creating package script '/home/bhadha/pico_ws/install/whycode_interfaces/share/whycode_interfaces/package.ps1'
[1.366s] INFO:colcon.colcon_core.shell:Creating package descriptor '/home/bhadha/pico_ws/install/whycode_interfaces/share/whycode_interfaces/package.dsv'
[1.366s] INFO:colcon.colcon_core.shell:Creating package script '/home/bhadha/pico_ws/install/whycode_interfaces/share/whycode_interfaces/package.sh'
[1.366s] INFO:colcon.colcon_core.shell:Creating package script '/home/bhadha/pico_ws/install/whycode_interfaces/share/whycode_interfaces/package.bash'
[1.366s] INFO:colcon.colcon_core.shell:Creating package script '/home/bhadha/pico_ws/install/whycode_interfaces/share/whycode_interfaces/package.zsh'
[1.367s] Level 1:colcon.colcon_core.environment:create_file_with_runtime_dependencies(/home/bhadha/pico_ws/install/whycode_interfaces/share/colcon-core/packages/whycode_interfaces)
[1.367s] Level 1:colcon.colcon_core.environment:create_environment_scripts_only(whycode_interfaces)
[1.367s] Level 1:colcon.colcon_core.environment:checking '/home/bhadha/pico_ws/install/whycode_interfaces' for CMake module files
[1.368s] Level 1:colcon.colcon_core.environment:checking '/home/bhadha/pico_ws/install/whycode_interfaces' for CMake config files
[1.368s] Level 1:colcon.colcon_core.shell:create_environment_hook('whycode_interfaces', 'cmake_prefix_path')
[1.368s] INFO:colcon.colcon_core.shell:Creating environment hook '/home/bhadha/pico_ws/install/whycode_interfaces/share/whycode_interfaces/hook/cmake_prefix_path.ps1'
[1.368s] INFO:colcon.colcon_core.shell:Creating environment descriptor '/home/bhadha/pico_ws/install/whycode_interfaces/share/whycode_interfaces/hook/cmake_prefix_path.dsv'
[1.369s] INFO:colcon.colcon_core.shell:Creating environment hook '/home/bhadha/pico_ws/install/whycode_interfaces/share/whycode_interfaces/hook/cmake_prefix_path.sh'
[1.369s] Level 1:colcon.colcon_core.environment:checking '/home/bhadha/pico_ws/install/whycode_interfaces/lib'
[1.369s] Level 1:colcon.colcon_core.shell:create_environment_hook('whycode_interfaces', 'ld_library_path_lib')
[1.369s] INFO:colcon.colcon_core.shell:Creating environment hook '/home/bhadha/pico_ws/install/whycode_interfaces/share/whycode_interfaces/hook/ld_library_path_lib.ps1'
[1.369s] INFO:colcon.colcon_core.shell:Creating environment descriptor '/home/bhadha/pico_ws/install/whycode_interfaces/share/whycode_interfaces/hook/ld_library_path_lib.dsv'
[1.370s] INFO:colcon.colcon_core.shell:Creating environment hook '/home/bhadha/pico_ws/install/whycode_interfaces/share/whycode_interfaces/hook/ld_library_path_lib.sh'
[1.370s] Level 1:colcon.colcon_core.environment:checking '/home/bhadha/pico_ws/install/whycode_interfaces/bin'
[1.370s] Level 1:colcon.colcon_core.environment:checking '/home/bhadha/pico_ws/install/whycode_interfaces/lib/pkgconfig/whycode_interfaces.pc'
[1.370s] Level 1:colcon.colcon_core.environment:checking '/home/bhadha/pico_ws/install/whycode_interfaces/lib/python3.10/site-packages'
[1.370s] Level 1:colcon.colcon_core.environment:checking '/home/bhadha/pico_ws/install/whycode_interfaces/bin'
[1.371s] INFO:colcon.colcon_core.shell:Creating package script '/home/bhadha/pico_ws/install/whycode_interfaces/share/whycode_interfaces/package.ps1'
[1.371s] INFO:colcon.colcon_core.shell:Creating package descriptor '/home/bhadha/pico_ws/install/whycode_interfaces/share/whycode_interfaces/package.dsv'
[1.371s] INFO:colcon.colcon_core.shell:Creating package script '/home/bhadha/pico_ws/install/whycode_interfaces/share/whycode_interfaces/package.sh'
[1.372s] INFO:colcon.colcon_core.shell:Creating package script '/home/bhadha/pico_ws/install/whycode_interfaces/share/whycode_interfaces/package.bash'
[1.372s] INFO:colcon.colcon_core.shell:Creating package script '/home/bhadha/pico_ws/install/whycode_interfaces/share/whycode_interfaces/package.zsh'
[1.372s] Level 1:colcon.colcon_core.environment:create_file_with_runtime_dependencies(/home/bhadha/pico_ws/install/whycode_interfaces/share/colcon-core/packages/whycode_interfaces)
[1.373s] INFO:colcon.colcon_ros.task.ament_cmake.build:Building ROS package in '/home/bhadha/pico_ws/src/mav_comm/mav_planning_msgs' with build type 'ament_cmake'
[1.373s] INFO:colcon.colcon_cmake.task.cmake.build:Building CMake package in '/home/bhadha/pico_ws/src/mav_comm/mav_planning_msgs'
[1.373s] INFO:colcon.colcon_core.shell:Skip shell extension 'powershell' for command environment: Not usable outside of PowerShell
[1.373s] DEBUG:colcon.colcon_core.shell:Skip shell extension 'dsv' for command environment
[1.375s] INFO:colcon.colcon_ros.task.ament_cmake.build:Building ROS package in '/home/bhadha/pico_ws/src/rotors_simulator/rotors_control' with build type 'ament_cmake'
[1.375s] INFO:colcon.colcon_cmake.task.cmake.build:Building CMake package in '/home/bhadha/pico_ws/src/rotors_simulator/rotors_control'
[1.375s] INFO:colcon.colcon_core.shell:Skip shell extension 'powershell' for command environment: Not usable outside of PowerShell
[1.375s] DEBUG:colcon.colcon_core.shell:Skip shell extension 'dsv' for command environment
[1.377s] INFO:colcon.colcon_ros.task.ament_cmake.build:Building ROS package in '/home/bhadha/pico_ws/src/rotors_simulator/rotors_swift_interface' with build type 'ament_cmake'
[1.378s] INFO:colcon.colcon_cmake.task.cmake.build:Building CMake package in '/home/bhadha/pico_ws/src/rotors_simulator/rotors_swift_interface'
[1.378s] INFO:colcon.colcon_core.shell:Skip shell extension 'powershell' for command environment: Not usable outside of PowerShell
[1.378s] DEBUG:colcon.colcon_core.shell:Skip shell extension 'dsv' for command environment
[1.380s] INFO:colcon.colcon_ros.task.ament_cmake.build:Building ROS package in '/home/bhadha/pico_ws/src/swift_pico' with build type 'ament_cmake'
[1.380s] INFO:colcon.colcon_cmake.task.cmake.build:Building CMake package in '/home/bhadha/pico_ws/src/swift_pico'
[1.380s] INFO:colcon.colcon_core.shell:Skip shell extension 'powershell' for command environment: Not usable outside of PowerShell
[1.380s] DEBUG:colcon.colcon_core.shell:Skip shell extension 'dsv' for command environment
[1.382s] INFO:colcon.colcon_ros.task.ament_cmake.build:Building ROS package in '/home/bhadha/pico_ws/src/whycode-ros2/whycode-ros2' with build type 'ament_cmake'
[1.383s] INFO:colcon.colcon_cmake.task.cmake.build:Building CMake package in '/home/bhadha/pico_ws/src/whycode-ros2/whycode-ros2'
[1.383s] INFO:colcon.colcon_core.shell:Skip shell extension 'powershell' for command environment: Not usable outside of PowerShell
[1.383s] DEBUG:colcon.colcon_core.shell:Skip shell extension 'dsv' for command environment
[1.389s] DEBUG:colcon.colcon_core.event_handler.log_command:Invoking command in '/home/bhadha/pico_ws/build/pid_tune': AMENT_PREFIX_PATH=/home/bhadha/pico_ws/install/error_msg:/home/bhadha/pico_ws/install/controller_msg:${AMENT_PREFIX_PATH} CMAKE_PREFIX_PATH=/home/bhadha/pico_ws/install/error_msg:/home/bhadha/pico_ws/install/controller_msg:/opt/ros/humble LD_LIBRARY_PATH=/home/bhadha/pico_ws/install/error_msg/lib:/home/bhadha/pico_ws/install/controller_msg/lib:${LD_LIBRARY_PATH} PYTHONPATH=/home/bhadha/pico_ws/install/error_msg/local/lib/python3.10/dist-packages:/home/bhadha/pico_ws/install/controller_msg/local/lib/python3.10/dist-packages:${PYTHONPATH} /usr/bin/cmake --build /home/bhadha/pico_ws/build/pid_tune -- -j12 -l12
[1.391s] DEBUG:colcon.colcon_core.event_handler.log_command:Invoking command in '/home/bhadha/pico_ws/build/mav_planning_msgs': AMENT_PREFIX_PATH=/home/bhadha/pico_ws/install/mav_msgs:${AMENT_PREFIX_PATH} CMAKE_PREFIX_PATH=/home/bhadha/pico_ws/install/mav_msgs:/opt/ros/humble LD_LIBRARY_PATH=/home/bhadha/pico_ws/install/mav_msgs/lib:${LD_LIBRARY_PATH} PYTHONPATH=/home/bhadha/pico_ws/install/mav_msgs/local/lib/python3.10/dist-packages:${PYTHONPATH} /usr/bin/cmake --build /home/bhadha/pico_ws/build/mav_planning_msgs -- -j12 -l12
[1.393s] DEBUG:colcon.colcon_core.event_handler.log_command:Invoking command in '/home/bhadha/pico_ws/build/rotors_control': AMENT_PREFIX_PATH=/home/bhadha/pico_ws/install/mav_msgs:${AMENT_PREFIX_PATH} CMAKE_PREFIX_PATH=/home/bhadha/pico_ws/install/mav_msgs:/opt/ros/humble LD_LIBRARY_PATH=/home/bhadha/pico_ws/install/mav_msgs/lib:${LD_LIBRARY_PATH} PYTHONPATH=/home/bhadha/pico_ws/install/mav_msgs/local/lib/python3.10/dist-packages:${PYTHONPATH} /usr/bin/cmake /home/bhadha/pico_ws/src/rotors_simulator/rotors_control -DCMAKE_INSTALL_PREFIX=/home/bhadha/pico_ws/install/rotors_control
[1.397s] DEBUG:colcon.colcon_core.event_handler.log_command:Invoking command in '/home/bhadha/pico_ws/build/rotors_swift_interface': AMENT_PREFIX_PATH=/home/bhadha/pico_ws/install/swift_msgs:/home/bhadha/pico_ws/install/mav_msgs:${AMENT_PREFIX_PATH} CMAKE_PREFIX_PATH=/home/bhadha/pico_ws/install/swift_msgs:/home/bhadha/pico_ws/install/mav_msgs:/opt/ros/humble LD_LIBRARY_PATH=/home/bhadha/pico_ws/install/swift_msgs/lib:/home/bhadha/pico_ws/install/mav_msgs/lib:${LD_LIBRARY_PATH} PYTHONPATH=/home/bhadha/pico_ws/install/swift_msgs/local/lib/python3.10/dist-packages:/home/bhadha/pico_ws/install/mav_msgs/local/lib/python3.10/dist-packages:${PYTHONPATH} /usr/bin/cmake --build /home/bhadha/pico_ws/build/rotors_swift_interface -- -j12 -l12
[1.400s] DEBUG:colcon.colcon_core.event_handler.log_command:Invoking command in '/home/bhadha/pico_ws/build/whycode': AMENT_PREFIX_PATH=/home/bhadha/pico_ws/install/whycode_interfaces:${AMENT_PREFIX_PATH} CMAKE_PREFIX_PATH=/home/bhadha/pico_ws/install/whycode_interfaces:/opt/ros/humble LD_LIBRARY_PATH=/home/bhadha/pico_ws/install/whycode_interfaces/lib:${LD_LIBRARY_PATH} PYTHONPATH=/home/bhadha/pico_ws/install/whycode_interfaces/local/lib/python3.10/dist-packages:${PYTHONPATH} /usr/bin/cmake --build /home/bhadha/pico_ws/build/whycode -- -j12 -l12
[1.404s] DEBUG:colcon.colcon_core.event_handler.log_command:Invoking command in '/home/bhadha/pico_ws/build/swift_pico': AMENT_PREFIX_PATH=/home/bhadha/pico_ws/install/whycode_interfaces:/home/bhadha/pico_ws/install/swift_pico_description:/home/bhadha/pico_ws/install/swift_msgs:/home/bhadha/pico_ws/install/error_msg:/home/bhadha/pico_ws/install/controller_msg:${AMENT_PREFIX_PATH} CMAKE_PREFIX_PATH=/home/bhadha/pico_ws/install/whycode_interfaces:/home/bhadha/pico_ws/install/swift_pico_description:/home/bhadha/pico_ws/install/swift_msgs:/home/bhadha/pico_ws/install/error_msg:/home/bhadha/pico_ws/install/controller_msg:/opt/ros/humble LD_LIBRARY_PATH=/home/bhadha/pico_ws/install/whycode_interfaces/lib:/home/bhadha/pico_ws/install/swift_msgs/lib:/home/bhadha/pico_ws/install/error_msg/lib:/home/bhadha/pico_ws/install/controller_msg/lib:${LD_LIBRARY_PATH} PYTHONPATH=/home/bhadha/pico_ws/install/whycode_interfaces/local/lib/python3.10/dist-packages:/home/bhadha/pico_ws/install/swift_msgs/local/lib/python3.10/dist-packages:/home/bhadha/pico_ws/install/error_msg/local/lib/python3.10/dist-packages:/home/bhadha/pico_ws/install/controller_msg/local/lib/python3.10/dist-packages:${PYTHONPATH} /usr/bin/cmake --build /home/bhadha/pico_ws/build/swift_pico -- -j12 -l12
[1.434s] DEBUG:colcon.colcon_core.event_handler.log_command:Invoked command in '/home/bhadha/pico_ws/build/pid_tune' returned '0': AMENT_PREFIX_PATH=/home/bhadha/pico_ws/install/error_msg:/home/bhadha/pico_ws/install/controller_msg:${AMENT_PREFIX_PATH} CMAKE_PREFIX_PATH=/home/bhadha/pico_ws/install/error_msg:/home/bhadha/pico_ws/install/controller_msg:/opt/ros/humble LD_LIBRARY_PATH=/home/bhadha/pico_ws/install/error_msg/lib:/home/bhadha/pico_ws/install/controller_msg/lib:${LD_LIBRARY_PATH} PYTHONPATH=/home/bhadha/pico_ws/install/error_msg/local/lib/python3.10/dist-packages:/home/bhadha/pico_ws/install/controller_msg/local/lib/python3.10/dist-packages:${PYTHONPATH} /usr/bin/cmake --build /home/bhadha/pico_ws/build/pid_tune -- -j12 -l12
[1.437s] DEBUG:colcon.colcon_core.event_handler.log_command:Invoking command in '/home/bhadha/pico_ws/build/pid_tune': AMENT_PREFIX_PATH=/home/bhadha/pico_ws/install/error_msg:/home/bhadha/pico_ws/install/controller_msg:${AMENT_PREFIX_PATH} CMAKE_PREFIX_PATH=/home/bhadha/pico_ws/install/error_msg:/home/bhadha/pico_ws/install/controller_msg:/opt/ros/humble LD_LIBRARY_PATH=/home/bhadha/pico_ws/install/error_msg/lib:/home/bhadha/pico_ws/install/controller_msg/lib:${LD_LIBRARY_PATH} PYTHONPATH=/home/bhadha/pico_ws/install/error_msg/local/lib/python3.10/dist-packages:/home/bhadha/pico_ws/install/controller_msg/local/lib/python3.10/dist-packages:${PYTHONPATH} /usr/bin/cmake --install /home/bhadha/pico_ws/build/pid_tune
[1.454s] Level 1:colcon.colcon_core.environment:create_environment_scripts_only(pid_tune)
[1.455s] Level 1:colcon.colcon_core.environment:checking '/home/bhadha/pico_ws/install/pid_tune' for CMake module files
[1.456s] DEBUG:colcon.colcon_core.event_handler.log_command:Invoked command in '/home/bhadha/pico_ws/build/pid_tune' returned '0': AMENT_PREFIX_PATH=/home/bhadha/pico_ws/install/error_msg:/home/bhadha/pico_ws/install/controller_msg:${AMENT_PREFIX_PATH} CMAKE_PREFIX_PATH=/home/bhadha/pico_ws/install/error_msg:/home/bhadha/pico_ws/install/controller_msg:/opt/ros/humble LD_LIBRARY_PATH=/home/bhadha/pico_ws/install/error_msg/lib:/home/bhadha/pico_ws/install/controller_msg/lib:${LD_LIBRARY_PATH} PYTHONPATH=/home/bhadha/pico_ws/install/error_msg/local/lib/python3.10/dist-packages:/home/bhadha/pico_ws/install/controller_msg/local/lib/python3.10/dist-packages:${PYTHONPATH} /usr/bin/cmake --install /home/bhadha/pico_ws/build/pid_tune
[1.457s] Level 1:colcon.colcon_core.environment:checking '/home/bhadha/pico_ws/install/pid_tune' for CMake config files
[1.458s] Level 1:colcon.colcon_core.shell:create_environment_hook('pid_tune', 'cmake_prefix_path')
[1.458s] INFO:colcon.colcon_core.shell:Creating environment hook '/home/bhadha/pico_ws/install/pid_tune/share/pid_tune/hook/cmake_prefix_path.ps1'
[1.459s] INFO:colcon.colcon_core.shell:Creating environment descriptor '/home/bhadha/pico_ws/install/pid_tune/share/pid_tune/hook/cmake_prefix_path.dsv'
[1.460s] INFO:colcon.colcon_core.shell:Creating environment hook '/home/bhadha/pico_ws/install/pid_tune/share/pid_tune/hook/cmake_prefix_path.sh'
[1.462s] Level 1:colcon.colcon_core.environment:checking '/home/bhadha/pico_ws/install/pid_tune/lib'
[1.462s] Level 1:colcon.colcon_core.environment:checking '/home/bhadha/pico_ws/install/pid_tune/bin'
[1.462s] Level 1:colcon.colcon_core.environment:checking '/home/bhadha/pico_ws/install/pid_tune/lib/pkgconfig/pid_tune.pc'
[1.463s] Level 1:colcon.colcon_core.environment:checking '/home/bhadha/pico_ws/install/pid_tune/lib/python3.10/site-packages'
[1.464s] Level 1:colcon.colcon_core.environment:checking '/home/bhadha/pico_ws/install/pid_tune/bin'
[1.465s] INFO:colcon.colcon_core.shell:Creating package script '/home/bhadha/pico_ws/install/pid_tune/share/pid_tune/package.ps1'
[1.466s] INFO:colcon.colcon_core.shell:Creating package descriptor '/home/bhadha/pico_ws/install/pid_tune/share/pid_tune/package.dsv'
[1.467s] INFO:colcon.colcon_core.shell:Creating package script '/home/bhadha/pico_ws/install/pid_tune/share/pid_tune/package.sh'
[1.469s] INFO:colcon.colcon_core.shell:Creating package script '/home/bhadha/pico_ws/install/pid_tune/share/pid_tune/package.bash'
[1.470s] INFO:colcon.colcon_core.shell:Creating package script '/home/bhadha/pico_ws/install/pid_tune/share/pid_tune/package.zsh'
[1.471s] Level 1:colcon.colcon_core.environment:create_file_with_runtime_dependencies(/home/bhadha/pico_ws/install/pid_tune/share/colcon-core/packages/pid_tune)
[1.472s] Level 1:colcon.colcon_core.environment:create_environment_scripts_only(pid_tune)
[1.473s] Level 1:colcon.colcon_core.environment:checking '/home/bhadha/pico_ws/install/pid_tune' for CMake module files
[1.474s] Level 1:colcon.colcon_core.environment:checking '/home/bhadha/pico_ws/install/pid_tune' for CMake config files
[1.475s] Level 1:colcon.colcon_core.shell:create_environment_hook('pid_tune', 'cmake_prefix_path')
[1.475s] INFO:colcon.colcon_core.shell:Creating environment hook '/home/bhadha/pico_ws/install/pid_tune/share/pid_tune/hook/cmake_prefix_path.ps1'
[1.476s] INFO:colcon.colcon_core.shell:Creating environment descriptor '/home/bhadha/pico_ws/install/pid_tune/share/pid_tune/hook/cmake_prefix_path.dsv'
[1.477s] INFO:colcon.colcon_core.shell:Creating environment hook '/home/bhadha/pico_ws/install/pid_tune/share/pid_tune/hook/cmake_prefix_path.sh'
[1.478s] Level 1:colcon.colcon_core.environment:checking '/home/bhadha/pico_ws/install/pid_tune/lib'
[1.479s] Level 1:colcon.colcon_core.environment:checking '/home/bhadha/pico_ws/install/pid_tune/bin'
[1.479s] Level 1:colcon.colcon_core.environment:checking '/home/bhadha/pico_ws/install/pid_tune/lib/pkgconfig/pid_tune.pc'
[1.479s] Level 1:colcon.colcon_core.environment:checking '/home/bhadha/pico_ws/install/pid_tune/lib/python3.10/site-packages'
[1.480s] Level 1:colcon.colcon_core.environment:checking '/home/bhadha/pico_ws/install/pid_tune/bin'
[1.481s] INFO:colcon.colcon_core.shell:Creating package script '/home/bhadha/pico_ws/install/pid_tune/share/pid_tune/package.ps1'
[1.483s] INFO:colcon.colcon_core.shell:Creating package descriptor '/home/bhadha/pico_ws/install/pid_tune/share/pid_tune/package.dsv'
[1.484s] INFO:colcon.colcon_core.shell:Creating package script '/home/bhadha/pico_ws/install/pid_tune/share/pid_tune/package.sh'
[1.485s] INFO:colcon.colcon_core.shell:Creating package script '/home/bhadha/pico_ws/install/pid_tune/share/pid_tune/package.bash'
[1.486s] INFO:colcon.colcon_core.shell:Creating package script '/home/bhadha/pico_ws/install/pid_tune/share/pid_tune/package.zsh'
[1.487s] Level 1:colcon.colcon_core.environment:create_file_with_runtime_dependencies(/home/bhadha/pico_ws/install/pid_tune/share/colcon-core/packages/pid_tune)
[1.490s] DEBUG:colcon.colcon_core.event_handler.log_command:Invoked command in '/home/bhadha/pico_ws/build/swift_pico' returned '0': AMENT_PREFIX_PATH=/home/bhadha/pico_ws/install/whycode_interfaces:/home/bhadha/pico_ws/install/swift_pico_description:/home/bhadha/pico_ws/install/swift_msgs:/home/bhadha/pico_ws/install/error_msg:/home/bhadha/pico_ws/install/controller_msg:${AMENT_PREFIX_PATH} CMAKE_PREFIX_PATH=/home/bhadha/pico_ws/install/whycode_interfaces:/home/bhadha/pico_ws/install/swift_pico_description:/home/bhadha/pico_ws/install/swift_msgs:/home/bhadha/pico_ws/install/error_msg:/home/bhadha/pico_ws/install/controller_msg:/opt/ros/humble LD_LIBRARY_PATH=/home/bhadha/pico_ws/install/whycode_interfaces/lib:/home/bhadha/pico_ws/install/swift_msgs/lib:/home/bhadha/pico_ws/install/error_msg/lib:/home/bhadha/pico_ws/install/controller_msg/lib:${LD_LIBRARY_PATH} PYTHONPATH=/home/bhadha/pico_ws/install/whycode_interfaces/local/lib/python3.10/dist-packages:/home/bhadha/pico_ws/install/swift_msgs/local/lib/python3.10/dist-packages:/home/bhadha/pico_ws/install/error_msg/local/lib/python3.10/dist-packages:/home/bhadha/pico_ws/install/controller_msg/local/lib/python3.10/dist-packages:${PYTHONPATH} /usr/bin/cmake --build /home/bhadha/pico_ws/build/swift_pico -- -j12 -l12
[1.494s] DEBUG:colcon.colcon_core.event_handler.log_command:Invoking command in '/home/bhadha/pico_ws/build/swift_pico': AMENT_PREFIX_PATH=/home/bhadha/pico_ws/install/whycode_interfaces:/home/bhadha/pico_ws/install/swift_pico_description:/home/bhadha/pico_ws/install/swift_msgs:/home/bhadha/pico_ws/install/error_msg:/home/bhadha/pico_ws/install/controller_msg:${AMENT_PREFIX_PATH} CMAKE_PREFIX_PATH=/home/bhadha/pico_ws/install/whycode_interfaces:/home/bhadha/pico_ws/install/swift_pico_description:/home/bhadha/pico_ws/install/swift_msgs:/home/bhadha/pico_ws/install/error_msg:/home/bhadha/pico_ws/install/controller_msg:/opt/ros/humble LD_LIBRARY_PATH=/home/bhadha/pico_ws/install/whycode_interfaces/lib:/home/bhadha/pico_ws/install/swift_msgs/lib:/home/bhadha/pico_ws/install/error_msg/lib:/home/bhadha/pico_ws/install/controller_msg/lib:${LD_LIBRARY_PATH} PYTHONPATH=/home/bhadha/pico_ws/install/whycode_interfaces/local/lib/python3.10/dist-packages:/home/bhadha/pico_ws/install/swift_msgs/local/lib/python3.10/dist-packages:/home/bhadha/pico_ws/install/error_msg/local/lib/python3.10/dist-packages:/home/bhadha/pico_ws/install/controller_msg/local/lib/python3.10/dist-packages:${PYTHONPATH} /usr/bin/cmake --install /home/bhadha/pico_ws/build/swift_pico
[1.509s] Level 1:colcon.colcon_core.environment:create_environment_scripts_only(swift_pico)
[1.509s] Level 1:colcon.colcon_core.environment:checking '/home/bhadha/pico_ws/install/swift_pico' for CMake module files
[1.510s] DEBUG:colcon.colcon_core.event_handler.log_command:Invoked command in '/home/bhadha/pico_ws/build/swift_pico' returned '0': AMENT_PREFIX_PATH=/home/bhadha/pico_ws/install/whycode_interfaces:/home/bhadha/pico_ws/install/swift_pico_description:/home/bhadha/pico_ws/install/swift_msgs:/home/bhadha/pico_ws/install/error_msg:/home/bhadha/pico_ws/install/controller_msg:${AMENT_PREFIX_PATH} CMAKE_PREFIX_PATH=/home/bhadha/pico_ws/install/whycode_interfaces:/home/bhadha/pico_ws/install/swift_pico_description:/home/bhadha/pico_ws/install/swift_msgs:/home/bhadha/pico_ws/install/error_msg:/home/bhadha/pico_ws/install/controller_msg:/opt/ros/humble LD_LIBRARY_PATH=/home/bhadha/pico_ws/install/whycode_interfaces/lib:/home/bhadha/pico_ws/install/swift_msgs/lib:/home/bhadha/pico_ws/install/error_msg/lib:/home/bhadha/pico_ws/install/controller_msg/lib:${LD_LIBRARY_PATH} PYTHONPATH=/home/bhadha/pico_ws/install/whycode_interfaces/local/lib/python3.10/dist-packages:/home/bhadha/pico_ws/install/swift_msgs/local/lib/python3.10/dist-packages:/home/bhadha/pico_ws/install/error_msg/local/lib/python3.10/dist-packages:/home/bhadha/pico_ws/install/controller_msg/local/lib/python3.10/dist-packages:${PYTHONPATH} /usr/bin/cmake --install /home/bhadha/pico_ws/build/swift_pico
[1.511s] Level 1:colcon.colcon_core.environment:checking '/home/bhadha/pico_ws/install/swift_pico' for CMake config files
[1.511s] Level 1:colcon.colcon_core.shell:create_environment_hook('swift_pico', 'cmake_prefix_path')
[1.512s] INFO:colcon.colcon_core.shell:Creating environment hook '/home/bhadha/pico_ws/install/swift_pico/share/swift_pico/hook/cmake_prefix_path.ps1'
[1.512s] INFO:colcon.colcon_core.shell:Creating environment descriptor '/home/bhadha/pico_ws/install/swift_pico/share/swift_pico/hook/cmake_prefix_path.dsv'
[1.513s] INFO:colcon.colcon_core.shell:Creating environment hook '/home/bhadha/pico_ws/install/swift_pico/share/swift_pico/hook/cmake_prefix_path.sh'
[1.514s] Level 1:colcon.colcon_core.environment:checking '/home/bhadha/pico_ws/install/swift_pico/lib'
[1.514s] Level 1:colcon.colcon_core.environment:checking '/home/bhadha/pico_ws/install/swift_pico/bin'
[1.514s] Level 1:colcon.colcon_core.environment:checking '/home/bhadha/pico_ws/install/swift_pico/lib/pkgconfig/swift_pico.pc'
[1.514s] Level 1:colcon.colcon_core.environment:checking '/home/bhadha/pico_ws/install/swift_pico/lib/python3.10/site-packages'
[1.515s] Level 1:colcon.colcon_core.environment:checking '/home/bhadha/pico_ws/install/swift_pico/bin'
[1.515s] INFO:colcon.colcon_core.shell:Creating package script '/home/bhadha/pico_ws/install/swift_pico/share/swift_pico/package.ps1'
[1.516s] INFO:colcon.colcon_core.shell:Creating package descriptor '/home/bhadha/pico_ws/install/swift_pico/share/swift_pico/package.dsv'
[1.517s] INFO:colcon.colcon_core.shell:Creating package script '/home/bhadha/pico_ws/install/swift_pico/share/swift_pico/package.sh'
[1.517s] INFO:colcon.colcon_core.shell:Creating package script '/home/bhadha/pico_ws/install/swift_pico/share/swift_pico/package.bash'
[1.518s] INFO:colcon.colcon_core.shell:Creating package script '/home/bhadha/pico_ws/install/swift_pico/share/swift_pico/package.zsh'
[1.518s] Level 1:colcon.colcon_core.environment:create_file_with_runtime_dependencies(/home/bhadha/pico_ws/install/swift_pico/share/colcon-core/packages/swift_pico)
[1.519s] Level 1:colcon.colcon_core.environment:create_environment_scripts_only(swift_pico)
[1.519s] Level 1:colcon.colcon_core.environment:checking '/home/bhadha/pico_ws/install/swift_pico' for CMake module files
[1.520s] Level 1:colcon.colcon_core.environment:checking '/home/bhadha/pico_ws/install/swift_pico' for CMake config files
[1.520s] Level 1:colcon.colcon_core.shell:create_environment_hook('swift_pico', 'cmake_prefix_path')
[1.520s] INFO:colcon.colcon_core.shell:Creating environment hook '/home/bhadha/pico_ws/install/swift_pico/share/swift_pico/hook/cmake_prefix_path.ps1'
[1.521s] INFO:colcon.colcon_core.shell:Creating environment descriptor '/home/bhadha/pico_ws/install/swift_pico/share/swift_pico/hook/cmake_prefix_path.dsv'
[1.521s] INFO:colcon.colcon_core.shell:Creating environment hook '/home/bhadha/pico_ws/install/swift_pico/share/swift_pico/hook/cmake_prefix_path.sh'
[1.522s] Level 1:colcon.colcon_core.environment:checking '/home/bhadha/pico_ws/install/swift_pico/lib'
[1.522s] Level 1:colcon.colcon_core.environment:checking '/home/bhadha/pico_ws/install/swift_pico/bin'
[1.522s] Level 1:colcon.colcon_core.environment:checking '/home/bhadha/pico_ws/install/swift_pico/lib/pkgconfig/swift_pico.pc'
[1.522s] Level 1:colcon.colcon_core.environment:checking '/home/bhadha/pico_ws/install/swift_pico/lib/python3.10/site-packages'
[1.523s] Level 1:colcon.colcon_core.environment:checking '/home/bhadha/pico_ws/install/swift_pico/bin'
[1.523s] INFO:colcon.colcon_core.shell:Creating package script '/home/bhadha/pico_ws/install/swift_pico/share/swift_pico/package.ps1'
[1.524s] INFO:colcon.colcon_core.shell:Creating package descriptor '/home/bhadha/pico_ws/install/swift_pico/share/swift_pico/package.dsv'
[1.525s] INFO:colcon.colcon_core.shell:Creating package script '/home/bhadha/pico_ws/install/swift_pico/share/swift_pico/package.sh'
[1.525s] INFO:colcon.colcon_core.shell:Creating package script '/home/bhadha/pico_ws/install/swift_pico/share/swift_pico/package.bash'
[1.526s] INFO:colcon.colcon_core.shell:Creating package script '/home/bhadha/pico_ws/install/swift_pico/share/swift_pico/package.zsh'
[1.526s] Level 1:colcon.colcon_core.environment:create_file_with_runtime_dependencies(/home/bhadha/pico_ws/install/swift_pico/share/colcon-core/packages/swift_pico)
[1.529s] DEBUG:colcon.colcon_core.event_handler.log_command:Invoked command in '/home/bhadha/pico_ws/build/whycode' returned '0': AMENT_PREFIX_PATH=/home/bhadha/pico_ws/install/whycode_interfaces:${AMENT_PREFIX_PATH} CMAKE_PREFIX_PATH=/home/bhadha/pico_ws/install/whycode_interfaces:/opt/ros/humble LD_LIBRARY_PATH=/home/bhadha/pico_ws/install/whycode_interfaces/lib:${LD_LIBRARY_PATH} PYTHONPATH=/home/bhadha/pico_ws/install/whycode_interfaces/local/lib/python3.10/dist-packages:${PYTHONPATH} /usr/bin/cmake --build /home/bhadha/pico_ws/build/whycode -- -j12 -l12
[1.531s] DEBUG:colcon.colcon_core.event_handler.log_command:Invoking command in '/home/bhadha/pico_ws/build/whycode': AMENT_PREFIX_PATH=/home/bhadha/pico_ws/install/whycode_interfaces:${AMENT_PREFIX_PATH} CMAKE_PREFIX_PATH=/home/bhadha/pico_ws/install/whycode_interfaces:/opt/ros/humble LD_LIBRARY_PATH=/home/bhadha/pico_ws/install/whycode_interfaces/lib:${LD_LIBRARY_PATH} PYTHONPATH=/home/bhadha/pico_ws/install/whycode_interfaces/local/lib/python3.10/dist-packages:${PYTHONPATH} /usr/bin/cmake --install /home/bhadha/pico_ws/build/whycode
[1.548s] Level 1:colcon.colcon_core.environment:create_environment_scripts_only(whycode)
[1.548s] Level 1:colcon.colcon_core.environment:checking '/home/bhadha/pico_ws/install/whycode' for CMake module files
[1.550s] DEBUG:colcon.colcon_core.event_handler.log_command:Invoked command in '/home/bhadha/pico_ws/build/whycode' returned '0': AMENT_PREFIX_PATH=/home/bhadha/pico_ws/install/whycode_interfaces:${AMENT_PREFIX_PATH} CMAKE_PREFIX_PATH=/home/bhadha/pico_ws/install/whycode_interfaces:/opt/ros/humble LD_LIBRARY_PATH=/home/bhadha/pico_ws/install/whycode_interfaces/lib:${LD_LIBRARY_PATH} PYTHONPATH=/home/bhadha/pico_ws/install/whycode_interfaces/local/lib/python3.10/dist-packages:${PYTHONPATH} /usr/bin/cmake --install /home/bhadha/pico_ws/build/whycode
[1.550s] Level 1:colcon.colcon_core.environment:checking '/home/bhadha/pico_ws/install/whycode' for CMake config files
[1.551s] Level 1:colcon.colcon_core.shell:create_environment_hook('whycode', 'cmake_prefix_path')
[1.551s] INFO:colcon.colcon_core.shell:Creating environment hook '/home/bhadha/pico_ws/install/whycode/share/whycode/hook/cmake_prefix_path.ps1'
[1.552s] INFO:colcon.colcon_core.shell:Creating environment descriptor '/home/bhadha/pico_ws/install/whycode/share/whycode/hook/cmake_prefix_path.dsv'
[1.552s] INFO:colcon.colcon_core.shell:Creating environment hook '/home/bhadha/pico_ws/install/whycode/share/whycode/hook/cmake_prefix_path.sh'
[1.553s] Level 1:colcon.colcon_core.environment:checking '/home/bhadha/pico_ws/install/whycode/lib'
[1.554s] Level 1:colcon.colcon_core.environment:checking '/home/bhadha/pico_ws/install/whycode/bin'
[1.554s] Level 1:colcon.colcon_core.environment:checking '/home/bhadha/pico_ws/install/whycode/lib/pkgconfig/whycode.pc'
[1.554s] Level 1:colcon.colcon_core.environment:checking '/home/bhadha/pico_ws/install/whycode/lib/python3.10/site-packages'
[1.555s] Level 1:colcon.colcon_core.environment:checking '/home/bhadha/pico_ws/install/whycode/bin'
[1.556s] INFO:colcon.colcon_core.shell:Creating package script '/home/bhadha/pico_ws/install/whycode/share/whycode/package.ps1'
[1.557s] INFO:colcon.colcon_core.shell:Creating package descriptor '/home/bhadha/pico_ws/install/whycode/share/whycode/package.dsv'
[1.558s] INFO:colcon.colcon_core.shell:Creating package script '/home/bhadha/pico_ws/install/whycode/share/whycode/package.sh'
[1.559s] INFO:colcon.colcon_core.shell:Creating package script '/home/bhadha/pico_ws/install/whycode/share/whycode/package.bash'
[1.559s] INFO:colcon.colcon_core.shell:Creating package script '/home/bhadha/pico_ws/install/whycode/share/whycode/package.zsh'
[1.560s] Level 1:colcon.colcon_core.environment:create_file_with_runtime_dependencies(/home/bhadha/pico_ws/install/whycode/share/colcon-core/packages/whycode)
[1.561s] Level 1:colcon.colcon_core.environment:create_environment_scripts_only(whycode)
[1.561s] Level 1:colcon.colcon_core.environment:checking '/home/bhadha/pico_ws/install/whycode' for CMake module files
[1.562s] Level 1:colcon.colcon_core.environment:checking '/home/bhadha/pico_ws/install/whycode' for CMake config files
[1.563s] Level 1:colcon.colcon_core.shell:create_environment_hook('whycode', 'cmake_prefix_path')
[1.563s] INFO:colcon.colcon_core.shell:Creating environment hook '/home/bhadha/pico_ws/install/whycode/share/whycode/hook/cmake_prefix_path.ps1'
[1.564s] INFO:colcon.colcon_core.shell:Creating environment descriptor '/home/bhadha/pico_ws/install/whycode/share/whycode/hook/cmake_prefix_path.dsv'
[1.565s] INFO:colcon.colcon_core.shell:Creating environment hook '/home/bhadha/pico_ws/install/whycode/share/whycode/hook/cmake_prefix_path.sh'
[1.566s] Level 1:colcon.colcon_core.environment:checking '/home/bhadha/pico_ws/install/whycode/lib'
[1.566s] Level 1:colcon.colcon_core.environment:checking '/home/bhadha/pico_ws/install/whycode/bin'
[1.566s] Level 1:colcon.colcon_core.environment:checking '/home/bhadha/pico_ws/install/whycode/lib/pkgconfig/whycode.pc'
[1.566s] Level 1:colcon.colcon_core.environment:checking '/home/bhadha/pico_ws/install/whycode/lib/python3.10/site-packages'
[1.567s] Level 1:colcon.colcon_core.environment:checking '/home/bhadha/pico_ws/install/whycode/bin'
[1.568s] INFO:colcon.colcon_core.shell:Creating package script '/home/bhadha/pico_ws/install/whycode/share/whycode/package.ps1'
[1.570s] INFO:colcon.colcon_core.shell:Creating package descriptor '/home/bhadha/pico_ws/install/whycode/share/whycode/package.dsv'
[1.571s] INFO:colcon.colcon_core.shell:Creating package script '/home/bhadha/pico_ws/install/whycode/share/whycode/package.sh'
[1.572s] INFO:colcon.colcon_core.shell:Creating package script '/home/bhadha/pico_ws/install/whycode/share/whycode/package.bash'
[1.572s] INFO:colcon.colcon_core.shell:Creating package script '/home/bhadha/pico_ws/install/whycode/share/whycode/package.zsh'
[1.573s] Level 1:colcon.colcon_core.environment:create_file_with_runtime_dependencies(/home/bhadha/pico_ws/install/whycode/share/colcon-core/packages/whycode)
[2.199s] DEBUG:colcon.colcon_core.event_handler.log_command:Invoked command in '/home/bhadha/pico_ws/build/rotors_control' returned '0': AMENT_PREFIX_PATH=/home/bhadha/pico_ws/install/mav_msgs:${AMENT_PREFIX_PATH} CMAKE_PREFIX_PATH=/home/bhadha/pico_ws/install/mav_msgs:/opt/ros/humble LD_LIBRARY_PATH=/home/bhadha/pico_ws/install/mav_msgs/lib:${LD_LIBRARY_PATH} PYTHONPATH=/home/bhadha/pico_ws/install/mav_msgs/local/lib/python3.10/dist-packages:${PYTHONPATH} /usr/bin/cmake /home/bhadha/pico_ws/src/rotors_simulator/rotors_control -DCMAKE_INSTALL_PREFIX=/home/bhadha/pico_ws/install/rotors_control
[2.202s] DEBUG:colcon.colcon_core.event_handler.log_command:Invoking command in '/home/bhadha/pico_ws/build/rotors_control': AMENT_PREFIX_PATH=/home/bhadha/pico_ws/install/mav_msgs:${AMENT_PREFIX_PATH} CMAKE_PREFIX_PATH=/home/bhadha/pico_ws/install/mav_msgs:/opt/ros/humble LD_LIBRARY_PATH=/home/bhadha/pico_ws/install/mav_msgs/lib:${LD_LIBRARY_PATH} PYTHONPATH=/home/bhadha/pico_ws/install/mav_msgs/local/lib/python3.10/dist-packages:${PYTHONPATH} /usr/bin/cmake --build /home/bhadha/pico_ws/build/rotors_control -- -j12 -l12
[16.184s] DEBUG:colcon.colcon_core.event_handler.log_command:Invoked command in '/home/bhadha/pico_ws/build/mav_planning_msgs' returned '0': AMENT_PREFIX_PATH=/home/bhadha/pico_ws/install/mav_msgs:${AMENT_PREFIX_PATH} CMAKE_PREFIX_PATH=/home/bhadha/pico_ws/install/mav_msgs:/opt/ros/humble LD_LIBRARY_PATH=/home/bhadha/pico_ws/install/mav_msgs/lib:${LD_LIBRARY_PATH} PYTHONPATH=/home/bhadha/pico_ws/install/mav_msgs/local/lib/python3.10/dist-packages:${PYTHONPATH} /usr/bin/cmake --build /home/bhadha/pico_ws/build/mav_planning_msgs -- -j12 -l12
[16.185s] DEBUG:colcon.colcon_core.event_handler.log_command:Invoking command in '/home/bhadha/pico_ws/build/mav_planning_msgs': AMENT_PREFIX_PATH=/home/bhadha/pico_ws/install/mav_msgs:${AMENT_PREFIX_PATH} CMAKE_PREFIX_PATH=/home/bhadha/pico_ws/install/mav_msgs:/opt/ros/humble LD_LIBRARY_PATH=/home/bhadha/pico_ws/install/mav_msgs/lib:${LD_LIBRARY_PATH} PYTHONPATH=/home/bhadha/pico_ws/install/mav_msgs/local/lib/python3.10/dist-packages:${PYTHONPATH} /usr/bin/cmake --install /home/bhadha/pico_ws/build/mav_planning_msgs
[16.317s] Level 1:colcon.colcon_core.environment:create_environment_scripts_only(mav_planning_msgs)
[16.317s] DEBUG:colcon.colcon_core.event_handler.log_command:Invoked command in '/home/bhadha/pico_ws/build/mav_planning_msgs' returned '0': AMENT_PREFIX_PATH=/home/bhadha/pico_ws/install/mav_msgs:${AMENT_PREFIX_PATH} CMAKE_PREFIX_PATH=/home/bhadha/pico_ws/install/mav_msgs:/opt/ros/humble LD_LIBRARY_PATH=/home/bhadha/pico_ws/install/mav_msgs/lib:${LD_LIBRARY_PATH} PYTHONPATH=/home/bhadha/pico_ws/install/mav_msgs/local/lib/python3.10/dist-packages:${PYTHONPATH} /usr/bin/cmake --install /home/bhadha/pico_ws/build/mav_planning_msgs
[16.317s] Level 1:colcon.colcon_core.environment:checking '/home/bhadha/pico_ws/install/mav_planning_msgs' for CMake module files
[16.318s] Level 1:colcon.colcon_core.environment:checking '/home/bhadha/pico_ws/install/mav_planning_msgs' for CMake config files
[16.319s] Level 1:colcon.colcon_core.shell:create_environment_hook('mav_planning_msgs', 'cmake_prefix_path')
[16.319s] INFO:colcon.colcon_core.shell:Creating environment hook '/home/bhadha/pico_ws/install/mav_planning_msgs/share/mav_planning_msgs/hook/cmake_prefix_path.ps1'
[16.320s] INFO:colcon.colcon_core.shell:Creating environment descriptor '/home/bhadha/pico_ws/install/mav_planning_msgs/share/mav_planning_msgs/hook/cmake_prefix_path.dsv'
[16.320s] INFO:colcon.colcon_core.shell:Creating environment hook '/home/bhadha/pico_ws/install/mav_planning_msgs/share/mav_planning_msgs/hook/cmake_prefix_path.sh'
[16.321s] Level 1:colcon.colcon_core.environment:checking '/home/bhadha/pico_ws/install/mav_planning_msgs/lib'
[16.321s] Level 1:colcon.colcon_core.shell:create_environment_hook('mav_planning_msgs', 'ld_library_path_lib')
[16.321s] INFO:colcon.colcon_core.shell:Creating environment hook '/home/bhadha/pico_ws/install/mav_planning_msgs/share/mav_planning_msgs/hook/ld_library_path_lib.ps1'
[16.321s] INFO:colcon.colcon_core.shell:Creating environment descriptor '/home/bhadha/pico_ws/install/mav_planning_msgs/share/mav_planning_msgs/hook/ld_library_path_lib.dsv'
[16.322s] INFO:colcon.colcon_core.shell:Creating environment hook '/home/bhadha/pico_ws/install/mav_planning_msgs/share/mav_planning_msgs/hook/ld_library_path_lib.sh'
[16.322s] Level 1:colcon.colcon_core.environment:checking '/home/bhadha/pico_ws/install/mav_planning_msgs/bin'
[16.322s] Level 1:colcon.colcon_core.environment:checking '/home/bhadha/pico_ws/install/mav_planning_msgs/lib/pkgconfig/mav_planning_msgs.pc'
[16.322s] Level 1:colcon.colcon_core.environment:checking '/home/bhadha/pico_ws/install/mav_planning_msgs/lib/python3.10/site-packages'
[16.323s] Level 1:colcon.colcon_core.environment:checking '/home/bhadha/pico_ws/install/mav_planning_msgs/bin'
[16.323s] INFO:colcon.colcon_core.shell:Creating package script '/home/bhadha/pico_ws/install/mav_planning_msgs/share/mav_planning_msgs/package.ps1'
[16.324s] INFO:colcon.colcon_core.shell:Creating package descriptor '/home/bhadha/pico_ws/install/mav_planning_msgs/share/mav_planning_msgs/package.dsv'
[16.324s] INFO:colcon.colcon_core.shell:Creating package script '/home/bhadha/pico_ws/install/mav_planning_msgs/share/mav_planning_msgs/package.sh'
[16.325s] INFO:colcon.colcon_core.shell:Creating package script '/home/bhadha/pico_ws/install/mav_planning_msgs/share/mav_planning_msgs/package.bash'
[16.325s] INFO:colcon.colcon_core.shell:Creating package script '/home/bhadha/pico_ws/install/mav_planning_msgs/share/mav_planning_msgs/package.zsh'
[16.325s] Level 1:colcon.colcon_core.environment:create_file_with_runtime_dependencies(/home/bhadha/pico_ws/install/mav_planning_msgs/share/colcon-core/packages/mav_planning_msgs)
[16.326s] Level 1:colcon.colcon_core.environment:create_environment_scripts_only(mav_planning_msgs)
[16.326s] Level 1:colcon.colcon_core.environment:checking '/home/bhadha/pico_ws/install/mav_planning_msgs' for CMake module files
[16.327s] Level 1:colcon.colcon_core.environment:checking '/home/bhadha/pico_ws/install/mav_planning_msgs' for CMake config files
[16.328s] Level 1:colcon.colcon_core.shell:create_environment_hook('mav_planning_msgs', 'cmake_prefix_path')
[16.328s] INFO:colcon.colcon_core.shell:Creating environment hook '/home/bhadha/pico_ws/install/mav_planning_msgs/share/mav_planning_msgs/hook/cmake_prefix_path.ps1'
[16.328s] INFO:colcon.colcon_core.shell:Creating environment descriptor '/home/bhadha/pico_ws/install/mav_planning_msgs/share/mav_planning_msgs/hook/cmake_prefix_path.dsv'
[16.329s] INFO:colcon.colcon_core.shell:Creating environment hook '/home/bhadha/pico_ws/install/mav_planning_msgs/share/mav_planning_msgs/hook/cmake_prefix_path.sh'
[16.329s] Level 1:colcon.colcon_core.environment:checking '/home/bhadha/pico_ws/install/mav_planning_msgs/lib'
[16.329s] Level 1:colcon.colcon_core.shell:create_environment_hook('mav_planning_msgs', 'ld_library_path_lib')
[16.330s] INFO:colcon.colcon_core.shell:Creating environment hook '/home/bhadha/pico_ws/install/mav_planning_msgs/share/mav_planning_msgs/hook/ld_library_path_lib.ps1'
[16.330s] INFO:colcon.colcon_core.shell:Creating environment descriptor '/home/bhadha/pico_ws/install/mav_planning_msgs/share/mav_planning_msgs/hook/ld_library_path_lib.dsv'
[16.330s] INFO:colcon.colcon_core.shell:Creating environment hook '/home/bhadha/pico_ws/install/mav_planning_msgs/share/mav_planning_msgs/hook/ld_library_path_lib.sh'
[16.331s] Level 1:colcon.colcon_core.environment:checking '/home/bhadha/pico_ws/install/mav_planning_msgs/bin'
[16.331s] Level 1:colcon.colcon_core.environment:checking '/home/bhadha/pico_ws/install/mav_planning_msgs/lib/pkgconfig/mav_planning_msgs.pc'
[16.331s] Level 1:colcon.colcon_core.environment:checking '/home/bhadha/pico_ws/install/mav_planning_msgs/lib/python3.10/site-packages'
[16.331s] Level 1:colcon.colcon_core.environment:checking '/home/bhadha/pico_ws/install/mav_planning_msgs/bin'
[16.332s] INFO:colcon.colcon_core.shell:Creating package script '/home/bhadha/pico_ws/install/mav_planning_msgs/share/mav_planning_msgs/package.ps1'
[16.333s] INFO:colcon.colcon_core.shell:Creating package descriptor '/home/bhadha/pico_ws/install/mav_planning_msgs/share/mav_planning_msgs/package.dsv'
[16.333s] INFO:colcon.colcon_core.shell:Creating package script '/home/bhadha/pico_ws/install/mav_planning_msgs/share/mav_planning_msgs/package.sh'
[16.334s] INFO:colcon.colcon_core.shell:Creating package script '/home/bhadha/pico_ws/install/mav_planning_msgs/share/mav_planning_msgs/package.bash'
[16.334s] INFO:colcon.colcon_core.shell:Creating package script '/home/bhadha/pico_ws/install/mav_planning_msgs/share/mav_planning_msgs/package.zsh'
[16.334s] Level 1:colcon.colcon_core.environment:create_file_with_runtime_dependencies(/home/bhadha/pico_ws/install/mav_planning_msgs/share/colcon-core/packages/mav_planning_msgs)
[16.335s] INFO:colcon.colcon_ros.task.ament_cmake.build:Building ROS package in '/home/bhadha/pico_ws/src/mav_comm/mav_comm' with build type 'ament_cmake'
[16.335s] INFO:colcon.colcon_cmake.task.cmake.build:Building CMake package in '/home/bhadha/pico_ws/src/mav_comm/mav_comm'
[16.335s] INFO:colcon.colcon_core.shell:Skip shell extension 'powershell' for command environment: Not usable outside of PowerShell
[16.335s] DEBUG:colcon.colcon_core.shell:Skip shell extension 'dsv' for command environment
[16.353s] DEBUG:colcon.colcon_core.event_handler.log_command:Invoking command in '/home/bhadha/pico_ws/build/mav_comm': AMENT_PREFIX_PATH=/home/bhadha/pico_ws/install/mav_planning_msgs:/home/bhadha/pico_ws/install/mav_system_msgs:/home/bhadha/pico_ws/install/mav_state_machine_msgs:/home/bhadha/pico_ws/install/mav_msgs:${AMENT_PREFIX_PATH} CMAKE_PREFIX_PATH=/home/bhadha/pico_ws/install/mav_planning_msgs:/home/bhadha/pico_ws/install/mav_system_msgs:/home/bhadha/pico_ws/install/mav_state_machine_msgs:/home/bhadha/pico_ws/install/mav_msgs:/opt/ros/humble LD_LIBRARY_PATH=/home/bhadha/pico_ws/install/mav_planning_msgs/lib:/home/bhadha/pico_ws/install/mav_system_msgs/lib:/home/bhadha/pico_ws/install/mav_state_machine_msgs/lib:/home/bhadha/pico_ws/install/mav_msgs/lib:${LD_LIBRARY_PATH} PYTHONPATH=/home/bhadha/pico_ws/install/mav_planning_msgs/local/lib/python3.10/dist-packages:/home/bhadha/pico_ws/install/mav_msgs/local/lib/python3.10/dist-packages:${PYTHONPATH} /usr/bin/cmake /home/bhadha/pico_ws/src/mav_comm/mav_comm -DCMAKE_INSTALL_PREFIX=/home/bhadha/pico_ws/install/mav_comm
[17.295s] DEBUG:colcon.colcon_core.event_handler.log_command:Invoked command in '/home/bhadha/pico_ws/build/mav_comm' returned '0': AMENT_PREFIX_PATH=/home/bhadha/pico_ws/install/mav_planning_msgs:/home/bhadha/pico_ws/install/mav_system_msgs:/home/bhadha/pico_ws/install/mav_state_machine_msgs:/home/bhadha/pico_ws/install/mav_msgs:${AMENT_PREFIX_PATH} CMAKE_PREFIX_PATH=/home/bhadha/pico_ws/install/mav_planning_msgs:/home/bhadha/pico_ws/install/mav_system_msgs:/home/bhadha/pico_ws/install/mav_state_machine_msgs:/home/bhadha/pico_ws/install/mav_msgs:/opt/ros/humble LD_LIBRARY_PATH=/home/bhadha/pico_ws/install/mav_planning_msgs/lib:/home/bhadha/pico_ws/install/mav_system_msgs/lib:/home/bhadha/pico_ws/install/mav_state_machine_msgs/lib:/home/bhadha/pico_ws/install/mav_msgs/lib:${LD_LIBRARY_PATH} PYTHONPATH=/home/bhadha/pico_ws/install/mav_planning_msgs/local/lib/python3.10/dist-packages:/home/bhadha/pico_ws/install/mav_msgs/local/lib/python3.10/dist-packages:${PYTHONPATH} /usr/bin/cmake /home/bhadha/pico_ws/src/mav_comm/mav_comm -DCMAKE_INSTALL_PREFIX=/home/bhadha/pico_ws/install/mav_comm
[17.297s] DEBUG:colcon.colcon_core.event_handler.log_command:Invoking command in '/home/bhadha/pico_ws/build/mav_comm': AMENT_PREFIX_PATH=/home/bhadha/pico_ws/install/mav_planning_msgs:/home/bhadha/pico_ws/install/mav_system_msgs:/home/bhadha/pico_ws/install/mav_state_machine_msgs:/home/bhadha/pico_ws/install/mav_msgs:${AMENT_PREFIX_PATH} CMAKE_PREFIX_PATH=/home/bhadha/pico_ws/install/mav_planning_msgs:/home/bhadha/pico_ws/install/mav_system_msgs:/home/bhadha/pico_ws/install/mav_state_machine_msgs:/home/bhadha/pico_ws/install/mav_msgs:/opt/ros/humble LD_LIBRARY_PATH=/home/bhadha/pico_ws/install/mav_planning_msgs/lib:/home/bhadha/pico_ws/install/mav_system_msgs/lib:/home/bhadha/pico_ws/install/mav_state_machine_msgs/lib:/home/bhadha/pico_ws/install/mav_msgs/lib:${LD_LIBRARY_PATH} PYTHONPATH=/home/bhadha/pico_ws/install/mav_planning_msgs/local/lib/python3.10/dist-packages:/home/bhadha/pico_ws/install/mav_msgs/local/lib/python3.10/dist-packages:${PYTHONPATH} /usr/bin/cmake --build /home/bhadha/pico_ws/build/mav_comm -- -j12 -l12
[17.341s] DEBUG:colcon.colcon_core.event_handler.log_command:Invoked command in '/home/bhadha/pico_ws/build/mav_comm' returned '0': AMENT_PREFIX_PATH=/home/bhadha/pico_ws/install/mav_planning_msgs:/home/bhadha/pico_ws/install/mav_system_msgs:/home/bhadha/pico_ws/install/mav_state_machine_msgs:/home/bhadha/pico_ws/install/mav_msgs:${AMENT_PREFIX_PATH} CMAKE_PREFIX_PATH=/home/bhadha/pico_ws/install/mav_planning_msgs:/home/bhadha/pico_ws/install/mav_system_msgs:/home/bhadha/pico_ws/install/mav_state_machine_msgs:/home/bhadha/pico_ws/install/mav_msgs:/opt/ros/humble LD_LIBRARY_PATH=/home/bhadha/pico_ws/install/mav_planning_msgs/lib:/home/bhadha/pico_ws/install/mav_system_msgs/lib:/home/bhadha/pico_ws/install/mav_state_machine_msgs/lib:/home/bhadha/pico_ws/install/mav_msgs/lib:${LD_LIBRARY_PATH} PYTHONPATH=/home/bhadha/pico_ws/install/mav_planning_msgs/local/lib/python3.10/dist-packages:/home/bhadha/pico_ws/install/mav_msgs/local/lib/python3.10/dist-packages:${PYTHONPATH} /usr/bin/cmake --build /home/bhadha/pico_ws/build/mav_comm -- -j12 -l12
[17.343s] DEBUG:colcon.colcon_core.event_handler.log_command:Invoking command in '/home/bhadha/pico_ws/build/mav_comm': AMENT_PREFIX_PATH=/home/bhadha/pico_ws/install/mav_planning_msgs:/home/bhadha/pico_ws/install/mav_system_msgs:/home/bhadha/pico_ws/install/mav_state_machine_msgs:/home/bhadha/pico_ws/install/mav_msgs:${AMENT_PREFIX_PATH} CMAKE_PREFIX_PATH=/home/bhadha/pico_ws/install/mav_planning_msgs:/home/bhadha/pico_ws/install/mav_system_msgs:/home/bhadha/pico_ws/install/mav_state_machine_msgs:/home/bhadha/pico_ws/install/mav_msgs:/opt/ros/humble LD_LIBRARY_PATH=/home/bhadha/pico_ws/install/mav_planning_msgs/lib:/home/bhadha/pico_ws/install/mav_system_msgs/lib:/home/bhadha/pico_ws/install/mav_state_machine_msgs/lib:/home/bhadha/pico_ws/install/mav_msgs/lib:${LD_LIBRARY_PATH} PYTHONPATH=/home/bhadha/pico_ws/install/mav_planning_msgs/local/lib/python3.10/dist-packages:/home/bhadha/pico_ws/install/mav_msgs/local/lib/python3.10/dist-packages:${PYTHONPATH} /usr/bin/cmake --install /home/bhadha/pico_ws/build/mav_comm
[17.354s] Level 1:colcon.colcon_core.environment:create_environment_scripts_only(mav_comm)
[17.354s] DEBUG:colcon.colcon_core.event_handler.log_command:Invoked command in '/home/bhadha/pico_ws/build/mav_comm' returned '0': AMENT_PREFIX_PATH=/home/bhadha/pico_ws/install/mav_planning_msgs:/home/bhadha/pico_ws/install/mav_system_msgs:/home/bhadha/pico_ws/install/mav_state_machine_msgs:/home/bhadha/pico_ws/install/mav_msgs:${AMENT_PREFIX_PATH} CMAKE_PREFIX_PATH=/home/bhadha/pico_ws/install/mav_planning_msgs:/home/bhadha/pico_ws/install/mav_system_msgs:/home/bhadha/pico_ws/install/mav_state_machine_msgs:/home/bhadha/pico_ws/install/mav_msgs:/opt/ros/humble LD_LIBRARY_PATH=/home/bhadha/pico_ws/install/mav_planning_msgs/lib:/home/bhadha/pico_ws/install/mav_system_msgs/lib:/home/bhadha/pico_ws/install/mav_state_machine_msgs/lib:/home/bhadha/pico_ws/install/mav_msgs/lib:${LD_LIBRARY_PATH} PYTHONPATH=/home/bhadha/pico_ws/install/mav_planning_msgs/local/lib/python3.10/dist-packages:/home/bhadha/pico_ws/install/mav_msgs/local/lib/python3.10/dist-packages:${PYTHONPATH} /usr/bin/cmake --install /home/bhadha/pico_ws/build/mav_comm
[17.354s] Level 1:colcon.colcon_core.environment:checking '/home/bhadha/pico_ws/install/mav_comm' for CMake module files
[17.355s] Level 1:colcon.colcon_core.environment:checking '/home/bhadha/pico_ws/install/mav_comm' for CMake config files
[17.355s] Level 1:colcon.colcon_core.shell:create_environment_hook('mav_comm', 'cmake_prefix_path')
[17.356s] INFO:colcon.colcon_core.shell:Creating environment hook '/home/bhadha/pico_ws/install/mav_comm/share/mav_comm/hook/cmake_prefix_path.ps1'
[17.356s] INFO:colcon.colcon_core.shell:Creating environment descriptor '/home/bhadha/pico_ws/install/mav_comm/share/mav_comm/hook/cmake_prefix_path.dsv'
[17.357s] INFO:colcon.colcon_core.shell:Creating environment hook '/home/bhadha/pico_ws/install/mav_comm/share/mav_comm/hook/cmake_prefix_path.sh'
[17.358s] Level 1:colcon.colcon_core.environment:checking '/home/bhadha/pico_ws/install/mav_comm/bin'
[17.358s] Level 1:colcon.colcon_core.environment:checking '/home/bhadha/pico_ws/install/mav_comm/lib/pkgconfig/mav_comm.pc'
[17.358s] Level 1:colcon.colcon_core.environment:checking '/home/bhadha/pico_ws/install/mav_comm/lib/python3.10/site-packages'
[17.359s] Level 1:colcon.colcon_core.environment:checking '/home/bhadha/pico_ws/install/mav_comm/bin'
[17.359s] INFO:colcon.colcon_core.shell:Creating package script '/home/bhadha/pico_ws/install/mav_comm/share/mav_comm/package.ps1'
[17.360s] INFO:colcon.colcon_core.shell:Creating package descriptor '/home/bhadha/pico_ws/install/mav_comm/share/mav_comm/package.dsv'
[17.361s] INFO:colcon.colcon_core.shell:Creating package script '/home/bhadha/pico_ws/install/mav_comm/share/mav_comm/package.sh'
[17.361s] INFO:colcon.colcon_core.shell:Creating package script '/home/bhadha/pico_ws/install/mav_comm/share/mav_comm/package.bash'
[17.362s] INFO:colcon.colcon_core.shell:Creating package script '/home/bhadha/pico_ws/install/mav_comm/share/mav_comm/package.zsh'
[17.362s] Level 1:colcon.colcon_core.environment:create_file_with_runtime_dependencies(/home/bhadha/pico_ws/install/mav_comm/share/colcon-core/packages/mav_comm)
[17.363s] Level 1:colcon.colcon_core.environment:create_environment_scripts_only(mav_comm)
[17.363s] Level 1:colcon.colcon_core.environment:checking '/home/bhadha/pico_ws/install/mav_comm' for CMake module files
[17.364s] Level 1:colcon.colcon_core.environment:checking '/home/bhadha/pico_ws/install/mav_comm' for CMake config files
[17.364s] Level 1:colcon.colcon_core.shell:create_environment_hook('mav_comm', 'cmake_prefix_path')
[17.365s] INFO:colcon.colcon_core.shell:Creating environment hook '/home/bhadha/pico_ws/install/mav_comm/share/mav_comm/hook/cmake_prefix_path.ps1'
[17.365s] INFO:colcon.colcon_core.shell:Creating environment descriptor '/home/bhadha/pico_ws/install/mav_comm/share/mav_comm/hook/cmake_prefix_path.dsv'
[17.366s] INFO:colcon.colcon_core.shell:Creating environment hook '/home/bhadha/pico_ws/install/mav_comm/share/mav_comm/hook/cmake_prefix_path.sh'
[17.366s] Level 1:colcon.colcon_core.environment:checking '/home/bhadha/pico_ws/install/mav_comm/bin'
[17.366s] Level 1:colcon.colcon_core.environment:checking '/home/bhadha/pico_ws/install/mav_comm/lib/pkgconfig/mav_comm.pc'
[17.367s] Level 1:colcon.colcon_core.environment:checking '/home/bhadha/pico_ws/install/mav_comm/lib/python3.10/site-packages'
[17.367s] Level 1:colcon.colcon_core.environment:checking '/home/bhadha/pico_ws/install/mav_comm/bin'
[17.368s] INFO:colcon.colcon_core.shell:Creating package script '/home/bhadha/pico_ws/install/mav_comm/share/mav_comm/package.ps1'
[17.369s] INFO:colcon.colcon_core.shell:Creating package descriptor '/home/bhadha/pico_ws/install/mav_comm/share/mav_comm/package.dsv'
[17.370s] INFO:colcon.colcon_core.shell:Creating package script '/home/bhadha/pico_ws/install/mav_comm/share/mav_comm/package.sh'
[17.370s] INFO:colcon.colcon_core.shell:Creating package script '/home/bhadha/pico_ws/install/mav_comm/share/mav_comm/package.bash'
[17.371s] INFO:colcon.colcon_core.shell:Creating package script '/home/bhadha/pico_ws/install/mav_comm/share/mav_comm/package.zsh'
[17.372s] Level 1:colcon.colcon_core.environment:create_file_with_runtime_dependencies(/home/bhadha/pico_ws/install/mav_comm/share/colcon-core/packages/mav_comm)
[18.197s] DEBUG:colcon.colcon_core.event_handler.log_command:Invoked command in '/home/bhadha/pico_ws/build/rotors_swift_interface' returned '0': AMENT_PREFIX_PATH=/home/bhadha/pico_ws/install/swift_msgs:/home/bhadha/pico_ws/install/mav_msgs:${AMENT_PREFIX_PATH} CMAKE_PREFIX_PATH=/home/bhadha/pico_ws/install/swift_msgs:/home/bhadha/pico_ws/install/mav_msgs:/opt/ros/humble LD_LIBRARY_PATH=/home/bhadha/pico_ws/install/swift_msgs/lib:/home/bhadha/pico_ws/install/mav_msgs/lib:${LD_LIBRARY_PATH} PYTHONPATH=/home/bhadha/pico_ws/install/swift_msgs/local/lib/python3.10/dist-packages:/home/bhadha/pico_ws/install/mav_msgs/local/lib/python3.10/dist-packages:${PYTHONPATH} /usr/bin/cmake --build /home/bhadha/pico_ws/build/rotors_swift_interface -- -j12 -l12
[18.198s] DEBUG:colcon.colcon_core.event_handler.log_command:Invoking command in '/home/bhadha/pico_ws/build/rotors_swift_interface': AMENT_PREFIX_PATH=/home/bhadha/pico_ws/install/swift_msgs:/home/bhadha/pico_ws/install/mav_msgs:${AMENT_PREFIX_PATH} CMAKE_PREFIX_PATH=/home/bhadha/pico_ws/install/swift_msgs:/home/bhadha/pico_ws/install/mav_msgs:/opt/ros/humble LD_LIBRARY_PATH=/home/bhadha/pico_ws/install/swift_msgs/lib:/home/bhadha/pico_ws/install/mav_msgs/lib:${LD_LIBRARY_PATH} PYTHONPATH=/home/bhadha/pico_ws/install/swift_msgs/local/lib/python3.10/dist-packages:/home/bhadha/pico_ws/install/mav_msgs/local/lib/python3.10/dist-packages:${PYTHONPATH} /usr/bin/cmake --install /home/bhadha/pico_ws/build/rotors_swift_interface
[18.210s] Level 1:colcon.colcon_core.environment:create_environment_scripts_only(rotors_swift_interface)
[18.211s] Level 1:colcon.colcon_core.environment:checking '/home/bhadha/pico_ws/install/rotors_swift_interface' for CMake module files
[18.211s] DEBUG:colcon.colcon_core.event_handler.log_command:Invoked command in '/home/bhadha/pico_ws/build/rotors_swift_interface' returned '0': AMENT_PREFIX_PATH=/home/bhadha/pico_ws/install/swift_msgs:/home/bhadha/pico_ws/install/mav_msgs:${AMENT_PREFIX_PATH} CMAKE_PREFIX_PATH=/home/bhadha/pico_ws/install/swift_msgs:/home/bhadha/pico_ws/install/mav_msgs:/opt/ros/humble LD_LIBRARY_PATH=/home/bhadha/pico_ws/install/swift_msgs/lib:/home/bhadha/pico_ws/install/mav_msgs/lib:${LD_LIBRARY_PATH} PYTHONPATH=/home/bhadha/pico_ws/install/swift_msgs/local/lib/python3.10/dist-packages:/home/bhadha/pico_ws/install/mav_msgs/local/lib/python3.10/dist-packages:${PYTHONPATH} /usr/bin/cmake --install /home/bhadha/pico_ws/build/rotors_swift_interface
[18.212s] Level 1:colcon.colcon_core.environment:checking '/home/bhadha/pico_ws/install/rotors_swift_interface' for CMake config files
[18.212s] Level 1:colcon.colcon_core.shell:create_environment_hook('rotors_swift_interface', 'cmake_prefix_path')
[18.212s] INFO:colcon.colcon_core.shell:Creating environment hook '/home/bhadha/pico_ws/install/rotors_swift_interface/share/rotors_swift_interface/hook/cmake_prefix_path.ps1'
[18.213s] INFO:colcon.colcon_core.shell:Creating environment descriptor '/home/bhadha/pico_ws/install/rotors_swift_interface/share/rotors_swift_interface/hook/cmake_prefix_path.dsv'
[18.213s] INFO:colcon.colcon_core.shell:Creating environment hook '/home/bhadha/pico_ws/install/rotors_swift_interface/share/rotors_swift_interface/hook/cmake_prefix_path.sh'
[18.214s] Level 1:colcon.colcon_core.environment:checking '/home/bhadha/pico_ws/install/rotors_swift_interface/lib'
[18.214s] Level 1:colcon.colcon_core.environment:checking '/home/bhadha/pico_ws/install/rotors_swift_interface/bin'
[18.214s] Level 1:colcon.colcon_core.environment:checking '/home/bhadha/pico_ws/install/rotors_swift_interface/lib/pkgconfig/rotors_swift_interface.pc'
[18.214s] Level 1:colcon.colcon_core.environment:checking '/home/bhadha/pico_ws/install/rotors_swift_interface/lib/python3.10/site-packages'
[18.214s] Level 1:colcon.colcon_core.environment:checking '/home/bhadha/pico_ws/install/rotors_swift_interface/bin'
[18.214s] INFO:colcon.colcon_core.shell:Creating package script '/home/bhadha/pico_ws/install/rotors_swift_interface/share/rotors_swift_interface/package.ps1'
[18.215s] INFO:colcon.colcon_core.shell:Creating package descriptor '/home/bhadha/pico_ws/install/rotors_swift_interface/share/rotors_swift_interface/package.dsv'
[18.215s] INFO:colcon.colcon_core.shell:Creating package script '/home/bhadha/pico_ws/install/rotors_swift_interface/share/rotors_swift_interface/package.sh'
[18.216s] INFO:colcon.colcon_core.shell:Creating package script '/home/bhadha/pico_ws/install/rotors_swift_interface/share/rotors_swift_interface/package.bash'
[18.216s] INFO:colcon.colcon_core.shell:Creating package script '/home/bhadha/pico_ws/install/rotors_swift_interface/share/rotors_swift_interface/package.zsh'
[18.216s] Level 1:colcon.colcon_core.environment:create_file_with_runtime_dependencies(/home/bhadha/pico_ws/install/rotors_swift_interface/share/colcon-core/packages/rotors_swift_interface)
[18.217s] Level 1:colcon.colcon_core.environment:create_environment_scripts_only(rotors_swift_interface)
[18.217s] Level 1:colcon.colcon_core.environment:checking '/home/bhadha/pico_ws/install/rotors_swift_interface' for CMake module files
[18.217s] Level 1:colcon.colcon_core.environment:checking '/home/bhadha/pico_ws/install/rotors_swift_interface' for CMake config files
[18.218s] Level 1:colcon.colcon_core.shell:create_environment_hook('rotors_swift_interface', 'cmake_prefix_path')
[18.218s] INFO:colcon.colcon_core.shell:Creating environment hook '/home/bhadha/pico_ws/install/rotors_swift_interface/share/rotors_swift_interface/hook/cmake_prefix_path.ps1'
[18.218s] INFO:colcon.colcon_core.shell:Creating environment descriptor '/home/bhadha/pico_ws/install/rotors_swift_interface/share/rotors_swift_interface/hook/cmake_prefix_path.dsv'
[18.218s] INFO:colcon.colcon_core.shell:Creating environment hook '/home/bhadha/pico_ws/install/rotors_swift_interface/share/rotors_swift_interface/hook/cmake_prefix_path.sh'
[18.219s] Level 1:colcon.colcon_core.environment:checking '/home/bhadha/pico_ws/install/rotors_swift_interface/lib'
[18.219s] Level 1:colcon.colcon_core.environment:checking '/home/bhadha/pico_ws/install/rotors_swift_interface/bin'
[18.219s] Level 1:colcon.colcon_core.environment:checking '/home/bhadha/pico_ws/install/rotors_swift_interface/lib/pkgconfig/rotors_swift_interface.pc'
[18.219s] Level 1:colcon.colcon_core.environment:checking '/home/bhadha/pico_ws/install/rotors_swift_interface/lib/python3.10/site-packages'
[18.220s] Level 1:colcon.colcon_core.environment:checking '/home/bhadha/pico_ws/install/rotors_swift_interface/bin'
[18.220s] INFO:colcon.colcon_core.shell:Creating package script '/home/bhadha/pico_ws/install/rotors_swift_interface/share/rotors_swift_interface/package.ps1'
[18.220s] INFO:colcon.colcon_core.shell:Creating package descriptor '/home/bhadha/pico_ws/install/rotors_swift_interface/share/rotors_swift_interface/package.dsv'
[18.221s] INFO:colcon.colcon_core.shell:Creating package script '/home/bhadha/pico_ws/install/rotors_swift_interface/share/rotors_swift_interface/package.sh'
[18.221s] INFO:colcon.colcon_core.shell:Creating package script '/home/bhadha/pico_ws/install/rotors_swift_interface/share/rotors_swift_interface/package.bash'
[18.222s] INFO:colcon.colcon_core.shell:Creating package script '/home/bhadha/pico_ws/install/rotors_swift_interface/share/rotors_swift_interface/package.zsh'
[18.222s] Level 1:colcon.colcon_core.environment:create_file_with_runtime_dependencies(/home/bhadha/pico_ws/install/rotors_swift_interface/share/colcon-core/packages/rotors_swift_interface)
[31.878s] DEBUG:colcon.colcon_core.event_handler.log_command:Invoked command in '/home/bhadha/pico_ws/build/rotors_control' returned '0': AMENT_PREFIX_PATH=/home/bhadha/pico_ws/install/mav_msgs:${AMENT_PREFIX_PATH} CMAKE_PREFIX_PATH=/home/bhadha/pico_ws/install/mav_msgs:/opt/ros/humble LD_LIBRARY_PATH=/home/bhadha/pico_ws/install/mav_msgs/lib:${LD_LIBRARY_PATH} PYTHONPATH=/home/bhadha/pico_ws/install/mav_msgs/local/lib/python3.10/dist-packages:${PYTHONPATH} /usr/bin/cmake --build /home/bhadha/pico_ws/build/rotors_control -- -j12 -l12
[31.879s] DEBUG:colcon.colcon_core.event_handler.log_command:Invoking command in '/home/bhadha/pico_ws/build/rotors_control': AMENT_PREFIX_PATH=/home/bhadha/pico_ws/install/mav_msgs:${AMENT_PREFIX_PATH} CMAKE_PREFIX_PATH=/home/bhadha/pico_ws/install/mav_msgs:/opt/ros/humble LD_LIBRARY_PATH=/home/bhadha/pico_ws/install/mav_msgs/lib:${LD_LIBRARY_PATH} PYTHONPATH=/home/bhadha/pico_ws/install/mav_msgs/local/lib/python3.10/dist-packages:${PYTHONPATH} /usr/bin/cmake --install /home/bhadha/pico_ws/build/rotors_control
[31.897s] Level 1:colcon.colcon_core.environment:create_environment_scripts_only(rotors_control)
[31.897s] DEBUG:colcon.colcon_core.event_handler.log_command:Invoked command in '/home/bhadha/pico_ws/build/rotors_control' returned '0': AMENT_PREFIX_PATH=/home/bhadha/pico_ws/install/mav_msgs:${AMENT_PREFIX_PATH} CMAKE_PREFIX_PATH=/home/bhadha/pico_ws/install/mav_msgs:/opt/ros/humble LD_LIBRARY_PATH=/home/bhadha/pico_ws/install/mav_msgs/lib:${LD_LIBRARY_PATH} PYTHONPATH=/home/bhadha/pico_ws/install/mav_msgs/local/lib/python3.10/dist-packages:${PYTHONPATH} /usr/bin/cmake --install /home/bhadha/pico_ws/build/rotors_control
[31.897s] Level 1:colcon.colcon_core.environment:checking '/home/bhadha/pico_ws/install/rotors_control' for CMake module files
[31.898s] Level 1:colcon.colcon_core.environment:checking '/home/bhadha/pico_ws/install/rotors_control' for CMake config files
[31.898s] Level 1:colcon.colcon_core.shell:create_environment_hook('rotors_control', 'cmake_prefix_path')
[31.898s] INFO:colcon.colcon_core.shell:Creating environment hook '/home/bhadha/pico_ws/install/rotors_control/share/rotors_control/hook/cmake_prefix_path.ps1'
[31.899s] INFO:colcon.colcon_core.shell:Creating environment descriptor '/home/bhadha/pico_ws/install/rotors_control/share/rotors_control/hook/cmake_prefix_path.dsv'
[31.899s] INFO:colcon.colcon_core.shell:Creating environment hook '/home/bhadha/pico_ws/install/rotors_control/share/rotors_control/hook/cmake_prefix_path.sh'
[31.899s] Level 1:colcon.colcon_core.environment:checking '/home/bhadha/pico_ws/install/rotors_control/lib'
[31.899s] Level 1:colcon.colcon_core.environment:checking '/home/bhadha/pico_ws/install/rotors_control/bin'
[31.899s] Level 1:colcon.colcon_core.environment:checking '/home/bhadha/pico_ws/install/rotors_control/lib/pkgconfig/rotors_control.pc'
[31.899s] Level 1:colcon.colcon_core.environment:checking '/home/bhadha/pico_ws/install/rotors_control/lib/python3.10/site-packages'
[31.900s] Level 1:colcon.colcon_core.environment:checking '/home/bhadha/pico_ws/install/rotors_control/bin'
[31.900s] INFO:colcon.colcon_core.shell:Creating package script '/home/bhadha/pico_ws/install/rotors_control/share/rotors_control/package.ps1'
[31.900s] INFO:colcon.colcon_core.shell:Creating package descriptor '/home/bhadha/pico_ws/install/rotors_control/share/rotors_control/package.dsv'
[31.901s] INFO:colcon.colcon_core.shell:Creating package script '/home/bhadha/pico_ws/install/rotors_control/share/rotors_control/package.sh'
[31.901s] INFO:colcon.colcon_core.shell:Creating package script '/home/bhadha/pico_ws/install/rotors_control/share/rotors_control/package.bash'
[31.901s] INFO:colcon.colcon_core.shell:Creating package script '/home/bhadha/pico_ws/install/rotors_control/share/rotors_control/package.zsh'
[31.901s] Level 1:colcon.colcon_core.environment:create_file_with_runtime_dependencies(/home/bhadha/pico_ws/install/rotors_control/share/colcon-core/packages/rotors_control)
[31.902s] Level 1:colcon.colcon_core.environment:create_environment_scripts_only(rotors_control)
[31.902s] Level 1:colcon.colcon_core.environment:checking '/home/bhadha/pico_ws/install/rotors_control' for CMake module files
[31.902s] Level 1:colcon.colcon_core.environment:checking '/home/bhadha/pico_ws/install/rotors_control' for CMake config files
[31.902s] Level 1:colcon.colcon_core.shell:create_environment_hook('rotors_control', 'cmake_prefix_path')
[31.903s] INFO:colcon.colcon_core.shell:Creating environment hook '/home/bhadha/pico_ws/install/rotors_control/share/rotors_control/hook/cmake_prefix_path.ps1'
[31.903s] INFO:colcon.colcon_core.shell:Creating environment descriptor '/home/bhadha/pico_ws/install/rotors_control/share/rotors_control/hook/cmake_prefix_path.dsv'
[31.903s] INFO:colcon.colcon_core.shell:Creating environment hook '/home/bhadha/pico_ws/install/rotors_control/share/rotors_control/hook/cmake_prefix_path.sh'
[31.903s] Level 1:colcon.colcon_core.environment:checking '/home/bhadha/pico_ws/install/rotors_control/lib'
[31.903s] Level 1:colcon.colcon_core.environment:checking '/home/bhadha/pico_ws/install/rotors_control/bin'
[31.904s] Level 1:colcon.colcon_core.environment:checking '/home/bhadha/pico_ws/install/rotors_control/lib/pkgconfig/rotors_control.pc'
[31.904s] Level 1:colcon.colcon_core.environment:checking '/home/bhadha/pico_ws/install/rotors_control/lib/python3.10/site-packages'
[31.904s] Level 1:colcon.colcon_core.environment:checking '/home/bhadha/pico_ws/install/rotors_control/bin'
[31.904s] INFO:colcon.colcon_core.shell:Creating package script '/home/bhadha/pico_ws/install/rotors_control/share/rotors_control/package.ps1'
[31.905s] INFO:colcon.colcon_core.shell:Creating package descriptor '/home/bhadha/pico_ws/install/rotors_control/share/rotors_control/package.dsv'
[31.905s] INFO:colcon.colcon_core.shell:Creating package script '/home/bhadha/pico_ws/install/rotors_control/share/rotors_control/package.sh'
[31.905s] INFO:colcon.colcon_core.shell:Creating package script '/home/bhadha/pico_ws/install/rotors_control/share/rotors_control/package.bash'
[31.905s] INFO:colcon.colcon_core.shell:Creating package script '/home/bhadha/pico_ws/install/rotors_control/share/rotors_control/package.zsh'
[31.906s] Level 1:colcon.colcon_core.environment:create_file_with_runtime_dependencies(/home/bhadha/pico_ws/install/rotors_control/share/colcon-core/packages/rotors_control)
[31.906s] DEBUG:colcon.colcon_parallel_executor.executor.parallel:closing loop
[31.906s] DEBUG:colcon.colcon_parallel_executor.executor.parallel:loop closed
[31.906s] DEBUG:colcon.colcon_parallel_executor.executor.parallel:run_until_complete finished with '0'
[31.906s] DEBUG:colcon.colcon_core.event_reactor:joining thread
[31.911s] INFO:colcon.colcon_core.plugin_system:Skipping extension 'colcon_notification.desktop_notification.terminal_notifier': Not used on non-Darwin systems
[31.912s] INFO:colcon.colcon_core.plugin_system:Skipping extension 'colcon_notification.desktop_notification.win32': Not used on non-Windows systems
[31.912s] INFO:colcon.colcon_notification.desktop_notification:Sending desktop notification using 'notify2'
[31.923s] DEBUG:colcon.colcon_core.event_reactor:joined thread
[31.923s] INFO:colcon.colcon_core.shell:Creating prefix script '/home/bhadha/pico_ws/install/local_setup.ps1'
[31.924s] INFO:colcon.colcon_core.shell:Creating prefix util module '/home/bhadha/pico_ws/install/_local_setup_util_ps1.py'
[31.925s] INFO:colcon.colcon_core.shell:Creating prefix chain script '/home/bhadha/pico_ws/install/setup.ps1'
[31.926s] INFO:colcon.colcon_core.shell:Creating prefix script '/home/bhadha/pico_ws/install/local_setup.sh'
[31.926s] INFO:colcon.colcon_core.shell:Creating prefix util module '/home/bhadha/pico_ws/install/_local_setup_util_sh.py'
[31.927s] INFO:colcon.colcon_core.shell:Creating prefix chain script '/home/bhadha/pico_ws/install/setup.sh'
[31.928s] INFO:colcon.colcon_core.shell:Creating prefix script '/home/bhadha/pico_ws/install/local_setup.bash'
[31.929s] INFO:colcon.colcon_core.shell:Creating prefix chain script '/home/bhadha/pico_ws/install/setup.bash'
[31.930s] INFO:colcon.colcon_core.shell:Creating prefix script '/home/bhadha/pico_ws/install/local_setup.zsh'
[31.930s] INFO:colcon.colcon_core.shell:Creating prefix chain script '/home/bhadha/pico_ws/install/setup.zsh'
