[0.154s] DEBUG:colcon:Command line arguments: ['/usr/bin/colcon', 'build']
[0.154s] DEBUG:colcon:Parsed command line arguments: Namespace(log_base=None, log_level=None, verb_name='build', build_base='build', install_base='install', merge_install=False, symlink_install=False, test_result_base=None, continue_on_error=False, executor='parallel', parallel_workers=12, event_handlers=None, ignore_user_meta=False, metas=['./colcon.meta'], base_paths=['.'], packages_ignore=None, packages_ignore_regex=None, paths=None, packages_up_to=None, packages_up_to_regex=None, packages_above=None, packages_above_and_dependencies=None, packages_above_depth=None, packages_select_by_dep=None, packages_skip_by_dep=None, packages_skip_up_to=None, packages_select_build_failed=False, packages_skip_build_finished=False, packages_select_test_failures=False, packages_skip_test_passed=False, packages_select=None, packages_skip=None, packages_select_regex=None, packages_skip_regex=None, packages_start=None, packages_end=None, allow_overriding=[], cmake_args=None, cmake_target=None, cmake_target_skip_unavailable=False, cmake_clean_cache=False, cmake_clean_first=False, cmake_force_configure=False, ament_cmake_args=None, catkin_cmake_args=None, catkin_skip_building_tests=False, mixin_files=None, mixin=None, verb_parser=<colcon_mixin.mixin.mixin_argument.MixinArgumentDecorator object at 0x78f30f865ab0>, verb_extension=<colcon_core.verb.build.BuildVerb object at 0x78f30f9de770>, main=<bound method BuildVerb.main of <colcon_core.verb.build.BuildVerb object at 0x78f30f9de770>>, mixin_verb=('build',))
[0.315s] Level 1:colcon.colcon_core.package_discovery:discover_packages(colcon_meta) check parameters
[0.315s] Level 1:colcon.colcon_core.package_discovery:discover_packages(recursive) check parameters
[0.315s] Level 1:colcon.colcon_core.package_discovery:discover_packages(ignore) check parameters
[0.315s] Level 1:colcon.colcon_core.package_discovery:discover_packages(path) check parameters
[0.315s] Level 1:colcon.colcon_core.package_discovery:discover_packages(colcon_meta) discover
[0.315s] Level 1:colcon.colcon_core.package_discovery:discover_packages(recursive) discover
[0.315s] INFO:colcon.colcon_core.package_discovery:Crawling recursively for packages in '/home/bhadha/pico_ws'
[0.315s] Level 1:colcon.colcon_core.package_identification:_identify(.) by extensions ['ignore', 'ignore_ament_install']
[0.315s] Level 1:colcon.colcon_core.package_identification:_identify(.) by extension 'ignore'
[0.315s] Level 1:colcon.colcon_core.package_identification:_identify(.) by extension 'ignore_ament_install'
[0.315s] Level 1:colcon.colcon_core.package_identification:_identify(.) by extensions ['colcon_pkg']
[0.315s] Level 1:colcon.colcon_core.package_identification:_identify(.) by extension 'colcon_pkg'
[0.315s] Level 1:colcon.colcon_core.package_identification:_identify(.) by extensions ['colcon_meta']
[0.315s] Level 1:colcon.colcon_core.package_identification:_identify(.) by extension 'colcon_meta'
[0.315s] Level 1:colcon.colcon_core.package_identification:_identify(.) by extensions ['ros']
[0.315s] Level 1:colcon.colcon_core.package_identification:_identify(.) by extension 'ros'
[0.324s] Level 1:colcon.colcon_core.package_identification:_identify(.) by extensions ['cmake', 'python']
[0.324s] Level 1:colcon.colcon_core.package_identification:_identify(.) by extension 'cmake'
[0.324s] Level 1:colcon.colcon_core.package_identification:_identify(.) by extension 'python'
[0.324s] Level 1:colcon.colcon_core.package_identification:_identify(.) by extensions ['python_setup_py']
[0.324s] Level 1:colcon.colcon_core.package_identification:_identify(.) by extension 'python_setup_py'
[0.324s] Level 1:colcon.colcon_core.package_identification:_identify(build) by extensions ['ignore', 'ignore_ament_install']
[0.324s] Level 1:colcon.colcon_core.package_identification:_identify(build) by extension 'ignore'
[0.324s] Level 1:colcon.colcon_core.package_identification:_identify(build) ignored
[0.324s] Level 1:colcon.colcon_core.package_identification:_identify(install) by extensions ['ignore', 'ignore_ament_install']
[0.324s] Level 1:colcon.colcon_core.package_identification:_identify(install) by extension 'ignore'
[0.324s] Level 1:colcon.colcon_core.package_identification:_identify(install) ignored
[0.324s] Level 1:colcon.colcon_core.package_identification:_identify(log) by extensions ['ignore', 'ignore_ament_install']
[0.324s] Level 1:colcon.colcon_core.package_identification:_identify(log) by extension 'ignore'
[0.324s] Level 1:colcon.colcon_core.package_identification:_identify(log) ignored
[0.324s] Level 1:colcon.colcon_core.package_identification:_identify(src) by extensions ['ignore', 'ignore_ament_install']
[0.324s] Level 1:colcon.colcon_core.package_identification:_identify(src) by extension 'ignore'
[0.324s] Level 1:colcon.colcon_core.package_identification:_identify(src) by extension 'ignore_ament_install'
[0.324s] Level 1:colcon.colcon_core.package_identification:_identify(src) by extensions ['colcon_pkg']
[0.324s] Level 1:colcon.colcon_core.package_identification:_identify(src) by extension 'colcon_pkg'
[0.324s] Level 1:colcon.colcon_core.package_identification:_identify(src) by extensions ['colcon_meta']
[0.324s] Level 1:colcon.colcon_core.package_identification:_identify(src) by extension 'colcon_meta'
[0.324s] Level 1:colcon.colcon_core.package_identification:_identify(src) by extensions ['ros']
[0.324s] Level 1:colcon.colcon_core.package_identification:_identify(src) by extension 'ros'
[0.324s] Level 1:colcon.colcon_core.package_identification:_identify(src) by extensions ['cmake', 'python']
[0.324s] Level 1:colcon.colcon_core.package_identification:_identify(src) by extension 'cmake'
[0.324s] Level 1:colcon.colcon_core.package_identification:_identify(src) by extension 'python'
[0.324s] Level 1:colcon.colcon_core.package_identification:_identify(src) by extensions ['python_setup_py']
[0.324s] Level 1:colcon.colcon_core.package_identification:_identify(src) by extension 'python_setup_py'
[0.324s] Level 1:colcon.colcon_core.package_identification:_identify(src/controller_tuner) by extensions ['ignore', 'ignore_ament_install']
[0.325s] Level 1:colcon.colcon_core.package_identification:_identify(src/controller_tuner) by extension 'ignore'
[0.325s] Level 1:colcon.colcon_core.package_identification:_identify(src/controller_tuner) by extension 'ignore_ament_install'
[0.325s] Level 1:colcon.colcon_core.package_identification:_identify(src/controller_tuner) by extensions ['colcon_pkg']
[0.325s] Level 1:colcon.colcon_core.package_identification:_identify(src/controller_tuner) by extension 'colcon_pkg'
[0.325s] Level 1:colcon.colcon_core.package_identification:_identify(src/controller_tuner) by extensions ['colcon_meta']
[0.325s] Level 1:colcon.colcon_core.package_identification:_identify(src/controller_tuner) by extension 'colcon_meta'
[0.325s] Level 1:colcon.colcon_core.package_identification:_identify(src/controller_tuner) by extensions ['ros']
[0.325s] Level 1:colcon.colcon_core.package_identification:_identify(src/controller_tuner) by extension 'ros'
[0.325s] Level 1:colcon.colcon_core.package_identification:_identify(src/controller_tuner) by extensions ['cmake', 'python']
[0.325s] Level 1:colcon.colcon_core.package_identification:_identify(src/controller_tuner) by extension 'cmake'
[0.325s] Level 1:colcon.colcon_core.package_identification:_identify(src/controller_tuner) by extension 'python'
[0.325s] Level 1:colcon.colcon_core.package_identification:_identify(src/controller_tuner) by extensions ['python_setup_py']
[0.325s] Level 1:colcon.colcon_core.package_identification:_identify(src/controller_tuner) by extension 'python_setup_py'
[0.325s] Level 1:colcon.colcon_core.package_identification:_identify(src/controller_tuner/controller_msg) by extensions ['ignore', 'ignore_ament_install']
[0.325s] Level 1:colcon.colcon_core.package_identification:_identify(src/controller_tuner/controller_msg) by extension 'ignore'
[0.325s] Level 1:colcon.colcon_core.package_identification:_identify(src/controller_tuner/controller_msg) by extension 'ignore_ament_install'
[0.325s] Level 1:colcon.colcon_core.package_identification:_identify(src/controller_tuner/controller_msg) by extensions ['colcon_pkg']
[0.325s] Level 1:colcon.colcon_core.package_identification:_identify(src/controller_tuner/controller_msg) by extension 'colcon_pkg'
[0.325s] Level 1:colcon.colcon_core.package_identification:_identify(src/controller_tuner/controller_msg) by extensions ['colcon_meta']
[0.325s] Level 1:colcon.colcon_core.package_identification:_identify(src/controller_tuner/controller_msg) by extension 'colcon_meta'
[0.325s] Level 1:colcon.colcon_core.package_identification:_identify(src/controller_tuner/controller_msg) by extensions ['ros']
[0.325s] Level 1:colcon.colcon_core.package_identification:_identify(src/controller_tuner/controller_msg) by extension 'ros'
[0.327s] DEBUG:colcon.colcon_core.package_identification:Package 'src/controller_tuner/controller_msg' with type 'ros.ament_cmake' and name 'controller_msg'
[0.327s] Level 1:colcon.colcon_core.package_identification:_identify(src/controller_tuner/error_msg) by extensions ['ignore', 'ignore_ament_install']
[0.327s] Level 1:colcon.colcon_core.package_identification:_identify(src/controller_tuner/error_msg) by extension 'ignore'
[0.327s] Level 1:colcon.colcon_core.package_identification:_identify(src/controller_tuner/error_msg) by extension 'ignore_ament_install'
[0.327s] Level 1:colcon.colcon_core.package_identification:_identify(src/controller_tuner/error_msg) by extensions ['colcon_pkg']
[0.327s] Level 1:colcon.colcon_core.package_identification:_identify(src/controller_tuner/error_msg) by extension 'colcon_pkg'
[0.327s] Level 1:colcon.colcon_core.package_identification:_identify(src/controller_tuner/error_msg) by extensions ['colcon_meta']
[0.327s] Level 1:colcon.colcon_core.package_identification:_identify(src/controller_tuner/error_msg) by extension 'colcon_meta'
[0.328s] Level 1:colcon.colcon_core.package_identification:_identify(src/controller_tuner/error_msg) by extensions ['ros']
[0.328s] Level 1:colcon.colcon_core.package_identification:_identify(src/controller_tuner/error_msg) by extension 'ros'
[0.328s] DEBUG:colcon.colcon_core.package_identification:Package 'src/controller_tuner/error_msg' with type 'ros.ament_cmake' and name 'error_msg'
[0.328s] Level 1:colcon.colcon_core.package_identification:_identify(src/controller_tuner/pid_tune) by extensions ['ignore', 'ignore_ament_install']
[0.328s] Level 1:colcon.colcon_core.package_identification:_identify(src/controller_tuner/pid_tune) by extension 'ignore'
[0.328s] Level 1:colcon.colcon_core.package_identification:_identify(src/controller_tuner/pid_tune) by extension 'ignore_ament_install'
[0.328s] Level 1:colcon.colcon_core.package_identification:_identify(src/controller_tuner/pid_tune) by extensions ['colcon_pkg']
[0.328s] Level 1:colcon.colcon_core.package_identification:_identify(src/controller_tuner/pid_tune) by extension 'colcon_pkg'
[0.328s] Level 1:colcon.colcon_core.package_identification:_identify(src/controller_tuner/pid_tune) by extensions ['colcon_meta']
[0.328s] Level 1:colcon.colcon_core.package_identification:_identify(src/controller_tuner/pid_tune) by extension 'colcon_meta'
[0.328s] Level 1:colcon.colcon_core.package_identification:_identify(src/controller_tuner/pid_tune) by extensions ['ros']
[0.328s] Level 1:colcon.colcon_core.package_identification:_identify(src/controller_tuner/pid_tune) by extension 'ros'
[0.329s] DEBUG:colcon.colcon_core.package_identification:Package 'src/controller_tuner/pid_tune' with type 'ros.ament_cmake' and name 'pid_tune'
[0.329s] Level 1:colcon.colcon_core.package_identification:_identify(src/mav_comm) by extensions ['ignore', 'ignore_ament_install']
[0.329s] Level 1:colcon.colcon_core.package_identification:_identify(src/mav_comm) by extension 'ignore'
[0.329s] Level 1:colcon.colcon_core.package_identification:_identify(src/mav_comm) by extension 'ignore_ament_install'
[0.329s] Level 1:colcon.colcon_core.package_identification:_identify(src/mav_comm) by extensions ['colcon_pkg']
[0.329s] Level 1:colcon.colcon_core.package_identification:_identify(src/mav_comm) by extension 'colcon_pkg'
[0.329s] Level 1:colcon.colcon_core.package_identification:_identify(src/mav_comm) by extensions ['colcon_meta']
[0.329s] Level 1:colcon.colcon_core.package_identification:_identify(src/mav_comm) by extension 'colcon_meta'
[0.329s] Level 1:colcon.colcon_core.package_identification:_identify(src/mav_comm) by extensions ['ros']
[0.329s] Level 1:colcon.colcon_core.package_identification:_identify(src/mav_comm) by extension 'ros'
[0.329s] Level 1:colcon.colcon_core.package_identification:_identify(src/mav_comm) by extensions ['cmake', 'python']
[0.329s] Level 1:colcon.colcon_core.package_identification:_identify(src/mav_comm) by extension 'cmake'
[0.329s] Level 1:colcon.colcon_core.package_identification:_identify(src/mav_comm) by extension 'python'
[0.329s] Level 1:colcon.colcon_core.package_identification:_identify(src/mav_comm) by extensions ['python_setup_py']
[0.329s] Level 1:colcon.colcon_core.package_identification:_identify(src/mav_comm) by extension 'python_setup_py'
[0.329s] Level 1:colcon.colcon_core.package_identification:_identify(src/mav_comm/mav_comm) by extensions ['ignore', 'ignore_ament_install']
[0.329s] Level 1:colcon.colcon_core.package_identification:_identify(src/mav_comm/mav_comm) by extension 'ignore'
[0.329s] Level 1:colcon.colcon_core.package_identification:_identify(src/mav_comm/mav_comm) by extension 'ignore_ament_install'
[0.329s] Level 1:colcon.colcon_core.package_identification:_identify(src/mav_comm/mav_comm) by extensions ['colcon_pkg']
[0.329s] Level 1:colcon.colcon_core.package_identification:_identify(src/mav_comm/mav_comm) by extension 'colcon_pkg'
[0.329s] Level 1:colcon.colcon_core.package_identification:_identify(src/mav_comm/mav_comm) by extensions ['colcon_meta']
[0.329s] Level 1:colcon.colcon_core.package_identification:_identify(src/mav_comm/mav_comm) by extension 'colcon_meta'
[0.329s] Level 1:colcon.colcon_core.package_identification:_identify(src/mav_comm/mav_comm) by extensions ['ros']
[0.329s] Level 1:colcon.colcon_core.package_identification:_identify(src/mav_comm/mav_comm) by extension 'ros'
[0.330s] DEBUG:colcon.colcon_core.package_identification:Package 'src/mav_comm/mav_comm' with type 'ros.ament_cmake' and name 'mav_comm'
[0.330s] Level 1:colcon.colcon_core.package_identification:_identify(src/mav_comm/mav_msgs) by extensions ['ignore', 'ignore_ament_install']
[0.330s] Level 1:colcon.colcon_core.package_identification:_identify(src/mav_comm/mav_msgs) by extension 'ignore'
[0.330s] Level 1:colcon.colcon_core.package_identification:_identify(src/mav_comm/mav_msgs) by extension 'ignore_ament_install'
[0.330s] Level 1:colcon.colcon_core.package_identification:_identify(src/mav_comm/mav_msgs) by extensions ['colcon_pkg']
[0.330s] Level 1:colcon.colcon_core.package_identification:_identify(src/mav_comm/mav_msgs) by extension 'colcon_pkg'
[0.330s] Level 1:colcon.colcon_core.package_identification:_identify(src/mav_comm/mav_msgs) by extensions ['colcon_meta']
[0.330s] Level 1:colcon.colcon_core.package_identification:_identify(src/mav_comm/mav_msgs) by extension 'colcon_meta'
[0.330s] Level 1:colcon.colcon_core.package_identification:_identify(src/mav_comm/mav_msgs) by extensions ['ros']
[0.330s] Level 1:colcon.colcon_core.package_identification:_identify(src/mav_comm/mav_msgs) by extension 'ros'
[0.331s] DEBUG:colcon.colcon_core.package_identification:Package 'src/mav_comm/mav_msgs' with type 'ros.ament_cmake' and name 'mav_msgs'
[0.331s] Level 1:colcon.colcon_core.package_identification:_identify(src/mav_comm/mav_planning_msgs) by extensions ['ignore', 'ignore_ament_install']
[0.331s] Level 1:colcon.colcon_core.package_identification:_identify(src/mav_comm/mav_planning_msgs) by extension 'ignore'
[0.331s] Level 1:colcon.colcon_core.package_identification:_identify(src/mav_comm/mav_planning_msgs) by extension 'ignore_ament_install'
[0.331s] Level 1:colcon.colcon_core.package_identification:_identify(src/mav_comm/mav_planning_msgs) by extensions ['colcon_pkg']
[0.331s] Level 1:colcon.colcon_core.package_identification:_identify(src/mav_comm/mav_planning_msgs) by extension 'colcon_pkg'
[0.331s] Level 1:colcon.colcon_core.package_identification:_identify(src/mav_comm/mav_planning_msgs) by extensions ['colcon_meta']
[0.331s] Level 1:colcon.colcon_core.package_identification:_identify(src/mav_comm/mav_planning_msgs) by extension 'colcon_meta'
[0.331s] Level 1:colcon.colcon_core.package_identification:_identify(src/mav_comm/mav_planning_msgs) by extensions ['ros']
[0.331s] Level 1:colcon.colcon_core.package_identification:_identify(src/mav_comm/mav_planning_msgs) by extension 'ros'
[0.332s] DEBUG:colcon.colcon_core.package_identification:Package 'src/mav_comm/mav_planning_msgs' with type 'ros.ament_cmake' and name 'mav_planning_msgs'
[0.332s] Level 1:colcon.colcon_core.package_identification:_identify(src/mav_comm/mav_state_machine_msgs) by extensions ['ignore', 'ignore_ament_install']
[0.332s] Level 1:colcon.colcon_core.package_identification:_identify(src/mav_comm/mav_state_machine_msgs) by extension 'ignore'
[0.332s] Level 1:colcon.colcon_core.package_identification:_identify(src/mav_comm/mav_state_machine_msgs) by extension 'ignore_ament_install'
[0.332s] Level 1:colcon.colcon_core.package_identification:_identify(src/mav_comm/mav_state_machine_msgs) by extensions ['colcon_pkg']
[0.332s] Level 1:colcon.colcon_core.package_identification:_identify(src/mav_comm/mav_state_machine_msgs) by extension 'colcon_pkg'
[0.332s] Level 1:colcon.colcon_core.package_identification:_identify(src/mav_comm/mav_state_machine_msgs) by extensions ['colcon_meta']
[0.332s] Level 1:colcon.colcon_core.package_identification:_identify(src/mav_comm/mav_state_machine_msgs) by extension 'colcon_meta'
[0.332s] Level 1:colcon.colcon_core.package_identification:_identify(src/mav_comm/mav_state_machine_msgs) by extensions ['ros']
[0.332s] Level 1:colcon.colcon_core.package_identification:_identify(src/mav_comm/mav_state_machine_msgs) by extension 'ros'
[0.332s] DEBUG:colcon.colcon_core.package_identification:Package 'src/mav_comm/mav_state_machine_msgs' with type 'ros.ament_cmake' and name 'mav_state_machine_msgs'
[0.332s] Level 1:colcon.colcon_core.package_identification:_identify(src/mav_comm/mav_system_msgs) by extensions ['ignore', 'ignore_ament_install']
[0.332s] Level 1:colcon.colcon_core.package_identification:_identify(src/mav_comm/mav_system_msgs) by extension 'ignore'
[0.332s] Level 1:colcon.colcon_core.package_identification:_identify(src/mav_comm/mav_system_msgs) by extension 'ignore_ament_install'
[0.332s] Level 1:colcon.colcon_core.package_identification:_identify(src/mav_comm/mav_system_msgs) by extensions ['colcon_pkg']
[0.332s] Level 1:colcon.colcon_core.package_identification:_identify(src/mav_comm/mav_system_msgs) by extension 'colcon_pkg'
[0.332s] Level 1:colcon.colcon_core.package_identification:_identify(src/mav_comm/mav_system_msgs) by extensions ['colcon_meta']
[0.333s] Level 1:colcon.colcon_core.package_identification:_identify(src/mav_comm/mav_system_msgs) by extension 'colcon_meta'
[0.333s] Level 1:colcon.colcon_core.package_identification:_identify(src/mav_comm/mav_system_msgs) by extensions ['ros']
[0.333s] Level 1:colcon.colcon_core.package_identification:_identify(src/mav_comm/mav_system_msgs) by extension 'ros'
[0.333s] DEBUG:colcon.colcon_core.package_identification:Package 'src/mav_comm/mav_system_msgs' with type 'ros.ament_cmake' and name 'mav_system_msgs'
[0.333s] Level 1:colcon.colcon_core.package_identification:_identify(src/rotors_simulator) by extensions ['ignore', 'ignore_ament_install']
[0.333s] Level 1:colcon.colcon_core.package_identification:_identify(src/rotors_simulator) by extension 'ignore'
[0.333s] Level 1:colcon.colcon_core.package_identification:_identify(src/rotors_simulator) by extension 'ignore_ament_install'
[0.333s] Level 1:colcon.colcon_core.package_identification:_identify(src/rotors_simulator) by extensions ['colcon_pkg']
[0.333s] Level 1:colcon.colcon_core.package_identification:_identify(src/rotors_simulator) by extension 'colcon_pkg'
[0.333s] Level 1:colcon.colcon_core.package_identification:_identify(src/rotors_simulator) by extensions ['colcon_meta']
[0.333s] Level 1:colcon.colcon_core.package_identification:_identify(src/rotors_simulator) by extension 'colcon_meta'
[0.333s] Level 1:colcon.colcon_core.package_identification:_identify(src/rotors_simulator) by extensions ['ros']
[0.333s] Level 1:colcon.colcon_core.package_identification:_identify(src/rotors_simulator) by extension 'ros'
[0.333s] Level 1:colcon.colcon_core.package_identification:_identify(src/rotors_simulator) by extensions ['cmake', 'python']
[0.333s] Level 1:colcon.colcon_core.package_identification:_identify(src/rotors_simulator) by extension 'cmake'
[0.333s] Level 1:colcon.colcon_core.package_identification:_identify(src/rotors_simulator) by extension 'python'
[0.333s] Level 1:colcon.colcon_core.package_identification:_identify(src/rotors_simulator) by extensions ['python_setup_py']
[0.333s] Level 1:colcon.colcon_core.package_identification:_identify(src/rotors_simulator) by extension 'python_setup_py'
[0.334s] Level 1:colcon.colcon_core.package_identification:_identify(src/rotors_simulator/rotors_control) by extensions ['ignore', 'ignore_ament_install']
[0.334s] Level 1:colcon.colcon_core.package_identification:_identify(src/rotors_simulator/rotors_control) by extension 'ignore'
[0.334s] Level 1:colcon.colcon_core.package_identification:_identify(src/rotors_simulator/rotors_control) by extension 'ignore_ament_install'
[0.334s] Level 1:colcon.colcon_core.package_identification:_identify(src/rotors_simulator/rotors_control) by extensions ['colcon_pkg']
[0.334s] Level 1:colcon.colcon_core.package_identification:_identify(src/rotors_simulator/rotors_control) by extension 'colcon_pkg'
[0.334s] Level 1:colcon.colcon_core.package_identification:_identify(src/rotors_simulator/rotors_control) by extensions ['colcon_meta']
[0.334s] Level 1:colcon.colcon_core.package_identification:_identify(src/rotors_simulator/rotors_control) by extension 'colcon_meta'
[0.334s] Level 1:colcon.colcon_core.package_identification:_identify(src/rotors_simulator/rotors_control) by extensions ['ros']
[0.334s] Level 1:colcon.colcon_core.package_identification:_identify(src/rotors_simulator/rotors_control) by extension 'ros'
[0.334s] DEBUG:colcon.colcon_core.package_identification:Package 'src/rotors_simulator/rotors_control' with type 'ros.ament_cmake' and name 'rotors_control'
[0.334s] Level 1:colcon.colcon_core.package_identification:_identify(src/rotors_simulator/rotors_swift_description) by extensions ['ignore', 'ignore_ament_install']
[0.334s] Level 1:colcon.colcon_core.package_identification:_identify(src/rotors_simulator/rotors_swift_description) by extension 'ignore'
[0.334s] Level 1:colcon.colcon_core.package_identification:_identify(src/rotors_simulator/rotors_swift_description) by extension 'ignore_ament_install'
[0.335s] Level 1:colcon.colcon_core.package_identification:_identify(src/rotors_simulator/rotors_swift_description) by extensions ['colcon_pkg']
[0.335s] Level 1:colcon.colcon_core.package_identification:_identify(src/rotors_simulator/rotors_swift_description) by extension 'colcon_pkg'
[0.335s] Level 1:colcon.colcon_core.package_identification:_identify(src/rotors_simulator/rotors_swift_description) by extensions ['colcon_meta']
[0.335s] Level 1:colcon.colcon_core.package_identification:_identify(src/rotors_simulator/rotors_swift_description) by extension 'colcon_meta'
[0.335s] Level 1:colcon.colcon_core.package_identification:_identify(src/rotors_simulator/rotors_swift_description) by extensions ['ros']
[0.335s] Level 1:colcon.colcon_core.package_identification:_identify(src/rotors_simulator/rotors_swift_description) by extension 'ros'
[0.335s] DEBUG:colcon.colcon_core.package_identification:Package 'src/rotors_simulator/rotors_swift_description' with type 'ros.ament_cmake' and name 'rotors_swift_description'
[0.335s] Level 1:colcon.colcon_core.package_identification:_identify(src/rotors_simulator/rotors_swift_gazebo) by extensions ['ignore', 'ignore_ament_install']
[0.335s] Level 1:colcon.colcon_core.package_identification:_identify(src/rotors_simulator/rotors_swift_gazebo) by extension 'ignore'
[0.335s] Level 1:colcon.colcon_core.package_identification:_identify(src/rotors_simulator/rotors_swift_gazebo) by extension 'ignore_ament_install'
[0.335s] Level 1:colcon.colcon_core.package_identification:_identify(src/rotors_simulator/rotors_swift_gazebo) by extensions ['colcon_pkg']
[0.335s] Level 1:colcon.colcon_core.package_identification:_identify(src/rotors_simulator/rotors_swift_gazebo) by extension 'colcon_pkg'
[0.335s] Level 1:colcon.colcon_core.package_identification:_identify(src/rotors_simulator/rotors_swift_gazebo) by extensions ['colcon_meta']
[0.335s] Level 1:colcon.colcon_core.package_identification:_identify(src/rotors_simulator/rotors_swift_gazebo) by extension 'colcon_meta'
[0.335s] Level 1:colcon.colcon_core.package_identification:_identify(src/rotors_simulator/rotors_swift_gazebo) by extensions ['ros']
[0.335s] Level 1:colcon.colcon_core.package_identification:_identify(src/rotors_simulator/rotors_swift_gazebo) by extension 'ros'
[0.336s] DEBUG:colcon.colcon_core.package_identification:Package 'src/rotors_simulator/rotors_swift_gazebo' with type 'ros.ament_cmake' and name 'rotors_swift_gazebo'
[0.336s] Level 1:colcon.colcon_core.package_identification:_identify(src/rotors_simulator/rotors_swift_interface) by extensions ['ignore', 'ignore_ament_install']
[0.336s] Level 1:colcon.colcon_core.package_identification:_identify(src/rotors_simulator/rotors_swift_interface) by extension 'ignore'
[0.336s] Level 1:colcon.colcon_core.package_identification:_identify(src/rotors_simulator/rotors_swift_interface) by extension 'ignore_ament_install'
[0.336s] Level 1:colcon.colcon_core.package_identification:_identify(src/rotors_simulator/rotors_swift_interface) by extensions ['colcon_pkg']
[0.336s] Level 1:colcon.colcon_core.package_identification:_identify(src/rotors_simulator/rotors_swift_interface) by extension 'colcon_pkg'
[0.336s] Level 1:colcon.colcon_core.package_identification:_identify(src/rotors_simulator/rotors_swift_interface) by extensions ['colcon_meta']
[0.336s] Level 1:colcon.colcon_core.package_identification:_identify(src/rotors_simulator/rotors_swift_interface) by extension 'colcon_meta'
[0.336s] Level 1:colcon.colcon_core.package_identification:_identify(src/rotors_simulator/rotors_swift_interface) by extensions ['ros']
[0.336s] Level 1:colcon.colcon_core.package_identification:_identify(src/rotors_simulator/rotors_swift_interface) by extension 'ros'
[0.336s] DEBUG:colcon.colcon_core.package_identification:Package 'src/rotors_simulator/rotors_swift_interface' with type 'ros.ament_cmake' and name 'rotors_swift_interface'
[0.336s] Level 1:colcon.colcon_core.package_identification:_identify(src/rotors_simulator/swift_msgs) by extensions ['ignore', 'ignore_ament_install']
[0.336s] Level 1:colcon.colcon_core.package_identification:_identify(src/rotors_simulator/swift_msgs) by extension 'ignore'
[0.336s] Level 1:colcon.colcon_core.package_identification:_identify(src/rotors_simulator/swift_msgs) by extension 'ignore_ament_install'
[0.336s] Level 1:colcon.colcon_core.package_identification:_identify(src/rotors_simulator/swift_msgs) by extensions ['colcon_pkg']
[0.336s] Level 1:colcon.colcon_core.package_identification:_identify(src/rotors_simulator/swift_msgs) by extension 'colcon_pkg'
[0.336s] Level 1:colcon.colcon_core.package_identification:_identify(src/rotors_simulator/swift_msgs) by extensions ['colcon_meta']
[0.336s] Level 1:colcon.colcon_core.package_identification:_identify(src/rotors_simulator/swift_msgs) by extension 'colcon_meta'
[0.337s] Level 1:colcon.colcon_core.package_identification:_identify(src/rotors_simulator/swift_msgs) by extensions ['ros']
[0.337s] Level 1:colcon.colcon_core.package_identification:_identify(src/rotors_simulator/swift_msgs) by extension 'ros'
[0.337s] DEBUG:colcon.colcon_core.package_identification:Package 'src/rotors_simulator/swift_msgs' with type 'ros.ament_cmake' and name 'swift_msgs'
[0.337s] Level 1:colcon.colcon_core.package_identification:_identify(src/swift_pico) by extensions ['ignore', 'ignore_ament_install']
[0.337s] Level 1:colcon.colcon_core.package_identification:_identify(src/swift_pico) by extension 'ignore'
[0.337s] Level 1:colcon.colcon_core.package_identification:_identify(src/swift_pico) by extension 'ignore_ament_install'
[0.337s] Level 1:colcon.colcon_core.package_identification:_identify(src/swift_pico) by extensions ['colcon_pkg']
[0.337s] Level 1:colcon.colcon_core.package_identification:_identify(src/swift_pico) by extension 'colcon_pkg'
[0.337s] Level 1:colcon.colcon_core.package_identification:_identify(src/swift_pico) by extensions ['colcon_meta']
[0.337s] Level 1:colcon.colcon_core.package_identification:_identify(src/swift_pico) by extension 'colcon_meta'
[0.337s] Level 1:colcon.colcon_core.package_identification:_identify(src/swift_pico) by extensions ['ros']
[0.337s] Level 1:colcon.colcon_core.package_identification:_identify(src/swift_pico) by extension 'ros'
[0.338s] DEBUG:colcon.colcon_core.package_identification:Package 'src/swift_pico' with type 'ros.ament_cmake' and name 'swift_pico'
[0.338s] Level 1:colcon.colcon_core.package_identification:_identify(src/swift_pico_description) by extensions ['ignore', 'ignore_ament_install']
[0.338s] Level 1:colcon.colcon_core.package_identification:_identify(src/swift_pico_description) by extension 'ignore'
[0.338s] Level 1:colcon.colcon_core.package_identification:_identify(src/swift_pico_description) by extension 'ignore_ament_install'
[0.338s] Level 1:colcon.colcon_core.package_identification:_identify(src/swift_pico_description) by extensions ['colcon_pkg']
[0.338s] Level 1:colcon.colcon_core.package_identification:_identify(src/swift_pico_description) by extension 'colcon_pkg'
[0.338s] Level 1:colcon.colcon_core.package_identification:_identify(src/swift_pico_description) by extensions ['colcon_meta']
[0.338s] Level 1:colcon.colcon_core.package_identification:_identify(src/swift_pico_description) by extension 'colcon_meta'
[0.338s] Level 1:colcon.colcon_core.package_identification:_identify(src/swift_pico_description) by extensions ['ros']
[0.338s] Level 1:colcon.colcon_core.package_identification:_identify(src/swift_pico_description) by extension 'ros'
[0.339s] DEBUG:colcon.colcon_core.package_identification:Package 'src/swift_pico_description' with type 'ros.ament_cmake' and name 'swift_pico_description'
[0.339s] Level 1:colcon.colcon_core.package_identification:_identify(src/whycode-ros2) by extensions ['ignore', 'ignore_ament_install']
[0.339s] Level 1:colcon.colcon_core.package_identification:_identify(src/whycode-ros2) by extension 'ignore'
[0.339s] Level 1:colcon.colcon_core.package_identification:_identify(src/whycode-ros2) by extension 'ignore_ament_install'
[0.339s] Level 1:colcon.colcon_core.package_identification:_identify(src/whycode-ros2) by extensions ['colcon_pkg']
[0.339s] Level 1:colcon.colcon_core.package_identification:_identify(src/whycode-ros2) by extension 'colcon_pkg'
[0.339s] Level 1:colcon.colcon_core.package_identification:_identify(src/whycode-ros2) by extensions ['colcon_meta']
[0.339s] Level 1:colcon.colcon_core.package_identification:_identify(src/whycode-ros2) by extension 'colcon_meta'
[0.339s] Level 1:colcon.colcon_core.package_identification:_identify(src/whycode-ros2) by extensions ['ros']
[0.339s] Level 1:colcon.colcon_core.package_identification:_identify(src/whycode-ros2) by extension 'ros'
[0.339s] Level 1:colcon.colcon_core.package_identification:_identify(src/whycode-ros2) by extensions ['cmake', 'python']
[0.339s] Level 1:colcon.colcon_core.package_identification:_identify(src/whycode-ros2) by extension 'cmake'
[0.339s] Level 1:colcon.colcon_core.package_identification:_identify(src/whycode-ros2) by extension 'python'
[0.339s] Level 1:colcon.colcon_core.package_identification:_identify(src/whycode-ros2) by extensions ['python_setup_py']
[0.339s] Level 1:colcon.colcon_core.package_identification:_identify(src/whycode-ros2) by extension 'python_setup_py'
[0.339s] Level 1:colcon.colcon_core.package_identification:_identify(src/whycode-ros2/whycode-ros2) by extensions ['ignore', 'ignore_ament_install']
[0.339s] Level 1:colcon.colcon_core.package_identification:_identify(src/whycode-ros2/whycode-ros2) by extension 'ignore'
[0.339s] Level 1:colcon.colcon_core.package_identification:_identify(src/whycode-ros2/whycode-ros2) by extension 'ignore_ament_install'
[0.339s] Level 1:colcon.colcon_core.package_identification:_identify(src/whycode-ros2/whycode-ros2) by extensions ['colcon_pkg']
[0.339s] Level 1:colcon.colcon_core.package_identification:_identify(src/whycode-ros2/whycode-ros2) by extension 'colcon_pkg'
[0.339s] Level 1:colcon.colcon_core.package_identification:_identify(src/whycode-ros2/whycode-ros2) by extensions ['colcon_meta']
[0.339s] Level 1:colcon.colcon_core.package_identification:_identify(src/whycode-ros2/whycode-ros2) by extension 'colcon_meta'
[0.339s] Level 1:colcon.colcon_core.package_identification:_identify(src/whycode-ros2/whycode-ros2) by extensions ['ros']
[0.339s] Level 1:colcon.colcon_core.package_identification:_identify(src/whycode-ros2/whycode-ros2) by extension 'ros'
[0.341s] DEBUG:colcon.colcon_core.package_identification:Package 'src/whycode-ros2/whycode-ros2' with type 'ros.ament_cmake' and name 'whycode'
[0.341s] Level 1:colcon.colcon_core.package_identification:_identify(src/whycode-ros2/whycode-ros2-interfaces) by extensions ['ignore', 'ignore_ament_install']
[0.341s] Level 1:colcon.colcon_core.package_identification:_identify(src/whycode-ros2/whycode-ros2-interfaces) by extension 'ignore'
[0.341s] Level 1:colcon.colcon_core.package_identification:_identify(src/whycode-ros2/whycode-ros2-interfaces) by extension 'ignore_ament_install'
[0.341s] Level 1:colcon.colcon_core.package_identification:_identify(src/whycode-ros2/whycode-ros2-interfaces) by extensions ['colcon_pkg']
[0.341s] Level 1:colcon.colcon_core.package_identification:_identify(src/whycode-ros2/whycode-ros2-interfaces) by extension 'colcon_pkg'
[0.341s] Level 1:colcon.colcon_core.package_identification:_identify(src/whycode-ros2/whycode-ros2-interfaces) by extensions ['colcon_meta']
[0.341s] Level 1:colcon.colcon_core.package_identification:_identify(src/whycode-ros2/whycode-ros2-interfaces) by extension 'colcon_meta'
[0.341s] Level 1:colcon.colcon_core.package_identification:_identify(src/whycode-ros2/whycode-ros2-interfaces) by extensions ['ros']
[0.341s] Level 1:colcon.colcon_core.package_identification:_identify(src/whycode-ros2/whycode-ros2-interfaces) by extension 'ros'
[0.342s] DEBUG:colcon.colcon_core.package_identification:Package 'src/whycode-ros2/whycode-ros2-interfaces' with type 'ros.ament_cmake' and name 'whycode_interfaces'
[0.342s] Level 1:colcon.colcon_core.package_discovery:discover_packages(recursive) using defaults
[0.342s] Level 1:colcon.colcon_core.package_discovery:discover_packages(ignore) discover
[0.342s] Level 1:colcon.colcon_core.package_discovery:discover_packages(ignore) using defaults
[0.342s] Level 1:colcon.colcon_core.package_discovery:discover_packages(path) discover
[0.342s] Level 1:colcon.colcon_core.package_discovery:discover_packages(path) using defaults
[0.372s] Level 1:colcon.colcon_core.package_discovery:discover_packages(prefix_path) check parameters
[0.372s] Level 1:colcon.colcon_core.package_discovery:discover_packages(prefix_path) discover
[0.374s] DEBUG:colcon.colcon_installed_package_information.package_discovery:Found 273 installed packages in /opt/ros/humble
[0.375s] Level 1:colcon.colcon_core.package_discovery:discover_packages(prefix_path) using defaults
[0.400s] Level 5:colcon.colcon_core.verb:set package 'controller_msg' build argument 'cmake_args' from command line to 'None'
[0.400s] Level 5:colcon.colcon_core.verb:set package 'controller_msg' build argument 'cmake_target' from command line to 'None'
[0.400s] Level 5:colcon.colcon_core.verb:set package 'controller_msg' build argument 'cmake_target_skip_unavailable' from command line to 'False'
[0.400s] Level 5:colcon.colcon_core.verb:set package 'controller_msg' build argument 'cmake_clean_cache' from command line to 'False'
[0.400s] Level 5:colcon.colcon_core.verb:set package 'controller_msg' build argument 'cmake_clean_first' from command line to 'False'
[0.400s] Level 5:colcon.colcon_core.verb:set package 'controller_msg' build argument 'cmake_force_configure' from command line to 'False'
[0.400s] Level 5:colcon.colcon_core.verb:set package 'controller_msg' build argument 'ament_cmake_args' from command line to 'None'
[0.400s] Level 5:colcon.colcon_core.verb:set package 'controller_msg' build argument 'catkin_cmake_args' from command line to 'None'
[0.400s] Level 5:colcon.colcon_core.verb:set package 'controller_msg' build argument 'catkin_skip_building_tests' from command line to 'False'
[0.400s] DEBUG:colcon.colcon_core.verb:Building package 'controller_msg' with the following arguments: {'ament_cmake_args': None, 'build_base': '/home/bhadha/pico_ws/build/controller_msg', 'catkin_cmake_args': None, 'catkin_skip_building_tests': False, 'cmake_args': None, 'cmake_clean_cache': False, 'cmake_clean_first': False, 'cmake_force_configure': False, 'cmake_target': None, 'cmake_target_skip_unavailable': False, 'install_base': '/home/bhadha/pico_ws/install/controller_msg', 'merge_install': False, 'path': '/home/bhadha/pico_ws/src/controller_tuner/controller_msg', 'symlink_install': False, 'test_result_base': None}
[0.400s] Level 5:colcon.colcon_core.verb:set package 'error_msg' build argument 'cmake_args' from command line to 'None'
[0.400s] Level 5:colcon.colcon_core.verb:set package 'error_msg' build argument 'cmake_target' from command line to 'None'
[0.400s] Level 5:colcon.colcon_core.verb:set package 'error_msg' build argument 'cmake_target_skip_unavailable' from command line to 'False'
[0.400s] Level 5:colcon.colcon_core.verb:set package 'error_msg' build argument 'cmake_clean_cache' from command line to 'False'
[0.400s] Level 5:colcon.colcon_core.verb:set package 'error_msg' build argument 'cmake_clean_first' from command line to 'False'
[0.400s] Level 5:colcon.colcon_core.verb:set package 'error_msg' build argument 'cmake_force_configure' from command line to 'False'
[0.400s] Level 5:colcon.colcon_core.verb:set package 'error_msg' build argument 'ament_cmake_args' from command line to 'None'
[0.400s] Level 5:colcon.colcon_core.verb:set package 'error_msg' build argument 'catkin_cmake_args' from command line to 'None'
[0.400s] Level 5:colcon.colcon_core.verb:set package 'error_msg' build argument 'catkin_skip_building_tests' from command line to 'False'
[0.400s] DEBUG:colcon.colcon_core.verb:Building package 'error_msg' with the following arguments: {'ament_cmake_args': None, 'build_base': '/home/bhadha/pico_ws/build/error_msg', 'catkin_cmake_args': None, 'catkin_skip_building_tests': False, 'cmake_args': None, 'cmake_clean_cache': False, 'cmake_clean_first': False, 'cmake_force_configure': False, 'cmake_target': None, 'cmake_target_skip_unavailable': False, 'install_base': '/home/bhadha/pico_ws/install/error_msg', 'merge_install': False, 'path': '/home/bhadha/pico_ws/src/controller_tuner/error_msg', 'symlink_install': False, 'test_result_base': None}
[0.400s] Level 5:colcon.colcon_core.verb:set package 'mav_msgs' build argument 'cmake_args' from command line to 'None'
[0.400s] Level 5:colcon.colcon_core.verb:set package 'mav_msgs' build argument 'cmake_target' from command line to 'None'
[0.400s] Level 5:colcon.colcon_core.verb:set package 'mav_msgs' build argument 'cmake_target_skip_unavailable' from command line to 'False'
[0.400s] Level 5:colcon.colcon_core.verb:set package 'mav_msgs' build argument 'cmake_clean_cache' from command line to 'False'
[0.400s] Level 5:colcon.colcon_core.verb:set package 'mav_msgs' build argument 'cmake_clean_first' from command line to 'False'
[0.400s] Level 5:colcon.colcon_core.verb:set package 'mav_msgs' build argument 'cmake_force_configure' from command line to 'False'
[0.400s] Level 5:colcon.colcon_core.verb:set package 'mav_msgs' build argument 'ament_cmake_args' from command line to 'None'
[0.400s] Level 5:colcon.colcon_core.verb:set package 'mav_msgs' build argument 'catkin_cmake_args' from command line to 'None'
[0.400s] Level 5:colcon.colcon_core.verb:set package 'mav_msgs' build argument 'catkin_skip_building_tests' from command line to 'False'
[0.400s] DEBUG:colcon.colcon_core.verb:Building package 'mav_msgs' with the following arguments: {'ament_cmake_args': None, 'build_base': '/home/bhadha/pico_ws/build/mav_msgs', 'catkin_cmake_args': None, 'catkin_skip_building_tests': False, 'cmake_args': None, 'cmake_clean_cache': False, 'cmake_clean_first': False, 'cmake_force_configure': False, 'cmake_target': None, 'cmake_target_skip_unavailable': False, 'install_base': '/home/bhadha/pico_ws/install/mav_msgs', 'merge_install': False, 'path': '/home/bhadha/pico_ws/src/mav_comm/mav_msgs', 'symlink_install': False, 'test_result_base': None}
[0.401s] Level 5:colcon.colcon_core.verb:set package 'mav_state_machine_msgs' build argument 'cmake_args' from command line to 'None'
[0.401s] Level 5:colcon.colcon_core.verb:set package 'mav_state_machine_msgs' build argument 'cmake_target' from command line to 'None'
[0.401s] Level 5:colcon.colcon_core.verb:set package 'mav_state_machine_msgs' build argument 'cmake_target_skip_unavailable' from command line to 'False'
[0.401s] Level 5:colcon.colcon_core.verb:set package 'mav_state_machine_msgs' build argument 'cmake_clean_cache' from command line to 'False'
[0.401s] Level 5:colcon.colcon_core.verb:set package 'mav_state_machine_msgs' build argument 'cmake_clean_first' from command line to 'False'
[0.401s] Level 5:colcon.colcon_core.verb:set package 'mav_state_machine_msgs' build argument 'cmake_force_configure' from command line to 'False'
[0.401s] Level 5:colcon.colcon_core.verb:set package 'mav_state_machine_msgs' build argument 'ament_cmake_args' from command line to 'None'
[0.401s] Level 5:colcon.colcon_core.verb:set package 'mav_state_machine_msgs' build argument 'catkin_cmake_args' from command line to 'None'
[0.401s] Level 5:colcon.colcon_core.verb:set package 'mav_state_machine_msgs' build argument 'catkin_skip_building_tests' from command line to 'False'
[0.401s] DEBUG:colcon.colcon_core.verb:Building package 'mav_state_machine_msgs' with the following arguments: {'ament_cmake_args': None, 'build_base': '/home/bhadha/pico_ws/build/mav_state_machine_msgs', 'catkin_cmake_args': None, 'catkin_skip_building_tests': False, 'cmake_args': None, 'cmake_clean_cache': False, 'cmake_clean_first': False, 'cmake_force_configure': False, 'cmake_target': None, 'cmake_target_skip_unavailable': False, 'install_base': '/home/bhadha/pico_ws/install/mav_state_machine_msgs', 'merge_install': False, 'path': '/home/bhadha/pico_ws/src/mav_comm/mav_state_machine_msgs', 'symlink_install': False, 'test_result_base': None}
[0.401s] Level 5:colcon.colcon_core.verb:set package 'mav_system_msgs' build argument 'cmake_args' from command line to 'None'
[0.401s] Level 5:colcon.colcon_core.verb:set package 'mav_system_msgs' build argument 'cmake_target' from command line to 'None'
[0.401s] Level 5:colcon.colcon_core.verb:set package 'mav_system_msgs' build argument 'cmake_target_skip_unavailable' from command line to 'False'
[0.401s] Level 5:colcon.colcon_core.verb:set package 'mav_system_msgs' build argument 'cmake_clean_cache' from command line to 'False'
[0.401s] Level 5:colcon.colcon_core.verb:set package 'mav_system_msgs' build argument 'cmake_clean_first' from command line to 'False'
[0.401s] Level 5:colcon.colcon_core.verb:set package 'mav_system_msgs' build argument 'cmake_force_configure' from command line to 'False'
[0.401s] Level 5:colcon.colcon_core.verb:set package 'mav_system_msgs' build argument 'ament_cmake_args' from command line to 'None'
[0.401s] Level 5:colcon.colcon_core.verb:set package 'mav_system_msgs' build argument 'catkin_cmake_args' from command line to 'None'
[0.401s] Level 5:colcon.colcon_core.verb:set package 'mav_system_msgs' build argument 'catkin_skip_building_tests' from command line to 'False'
[0.401s] DEBUG:colcon.colcon_core.verb:Building package 'mav_system_msgs' with the following arguments: {'ament_cmake_args': None, 'build_base': '/home/bhadha/pico_ws/build/mav_system_msgs', 'catkin_cmake_args': None, 'catkin_skip_building_tests': False, 'cmake_args': None, 'cmake_clean_cache': False, 'cmake_clean_first': False, 'cmake_force_configure': False, 'cmake_target': None, 'cmake_target_skip_unavailable': False, 'install_base': '/home/bhadha/pico_ws/install/mav_system_msgs', 'merge_install': False, 'path': '/home/bhadha/pico_ws/src/mav_comm/mav_system_msgs', 'symlink_install': False, 'test_result_base': None}
[0.402s] Level 5:colcon.colcon_core.verb:set package 'rotors_swift_description' build argument 'cmake_args' from command line to 'None'
[0.402s] Level 5:colcon.colcon_core.verb:set package 'rotors_swift_description' build argument 'cmake_target' from command line to 'None'
[0.402s] Level 5:colcon.colcon_core.verb:set package 'rotors_swift_description' build argument 'cmake_target_skip_unavailable' from command line to 'False'
[0.402s] Level 5:colcon.colcon_core.verb:set package 'rotors_swift_description' build argument 'cmake_clean_cache' from command line to 'False'
[0.402s] Level 5:colcon.colcon_core.verb:set package 'rotors_swift_description' build argument 'cmake_clean_first' from command line to 'False'
[0.402s] Level 5:colcon.colcon_core.verb:set package 'rotors_swift_description' build argument 'cmake_force_configure' from command line to 'False'
[0.402s] Level 5:colcon.colcon_core.verb:set package 'rotors_swift_description' build argument 'ament_cmake_args' from command line to 'None'
[0.402s] Level 5:colcon.colcon_core.verb:set package 'rotors_swift_description' build argument 'catkin_cmake_args' from command line to 'None'
[0.402s] Level 5:colcon.colcon_core.verb:set package 'rotors_swift_description' build argument 'catkin_skip_building_tests' from command line to 'False'
[0.402s] DEBUG:colcon.colcon_core.verb:Building package 'rotors_swift_description' with the following arguments: {'ament_cmake_args': None, 'build_base': '/home/bhadha/pico_ws/build/rotors_swift_description', 'catkin_cmake_args': None, 'catkin_skip_building_tests': False, 'cmake_args': None, 'cmake_clean_cache': False, 'cmake_clean_first': False, 'cmake_force_configure': False, 'cmake_target': None, 'cmake_target_skip_unavailable': False, 'install_base': '/home/bhadha/pico_ws/install/rotors_swift_description', 'merge_install': False, 'path': '/home/bhadha/pico_ws/src/rotors_simulator/rotors_swift_description', 'symlink_install': False, 'test_result_base': None}
[0.402s] Level 5:colcon.colcon_core.verb:set package 'swift_msgs' build argument 'cmake_args' from command line to 'None'
[0.402s] Level 5:colcon.colcon_core.verb:set package 'swift_msgs' build argument 'cmake_target' from command line to 'None'
[0.402s] Level 5:colcon.colcon_core.verb:set package 'swift_msgs' build argument 'cmake_target_skip_unavailable' from command line to 'False'
[0.402s] Level 5:colcon.colcon_core.verb:set package 'swift_msgs' build argument 'cmake_clean_cache' from command line to 'False'
[0.402s] Level 5:colcon.colcon_core.verb:set package 'swift_msgs' build argument 'cmake_clean_first' from command line to 'False'
[0.402s] Level 5:colcon.colcon_core.verb:set package 'swift_msgs' build argument 'cmake_force_configure' from command line to 'False'
[0.402s] Level 5:colcon.colcon_core.verb:set package 'swift_msgs' build argument 'ament_cmake_args' from command line to 'None'
[0.402s] Level 5:colcon.colcon_core.verb:set package 'swift_msgs' build argument 'catkin_cmake_args' from command line to 'None'
[0.402s] Level 5:colcon.colcon_core.verb:set package 'swift_msgs' build argument 'catkin_skip_building_tests' from command line to 'False'
[0.402s] DEBUG:colcon.colcon_core.verb:Building package 'swift_msgs' with the following arguments: {'ament_cmake_args': None, 'build_base': '/home/bhadha/pico_ws/build/swift_msgs', 'catkin_cmake_args': None, 'catkin_skip_building_tests': False, 'cmake_args': None, 'cmake_clean_cache': False, 'cmake_clean_first': False, 'cmake_force_configure': False, 'cmake_target': None, 'cmake_target_skip_unavailable': False, 'install_base': '/home/bhadha/pico_ws/install/swift_msgs', 'merge_install': False, 'path': '/home/bhadha/pico_ws/src/rotors_simulator/swift_msgs', 'symlink_install': False, 'test_result_base': None}
[0.402s] Level 5:colcon.colcon_core.verb:set package 'swift_pico_description' build argument 'cmake_args' from command line to 'None'
[0.402s] Level 5:colcon.colcon_core.verb:set package 'swift_pico_description' build argument 'cmake_target' from command line to 'None'
[0.402s] Level 5:colcon.colcon_core.verb:set package 'swift_pico_description' build argument 'cmake_target_skip_unavailable' from command line to 'False'
[0.402s] Level 5:colcon.colcon_core.verb:set package 'swift_pico_description' build argument 'cmake_clean_cache' from command line to 'False'
[0.402s] Level 5:colcon.colcon_core.verb:set package 'swift_pico_description' build argument 'cmake_clean_first' from command line to 'False'
[0.402s] Level 5:colcon.colcon_core.verb:set package 'swift_pico_description' build argument 'cmake_force_configure' from command line to 'False'
[0.402s] Level 5:colcon.colcon_core.verb:set package 'swift_pico_description' build argument 'ament_cmake_args' from command line to 'None'
[0.403s] Level 5:colcon.colcon_core.verb:set package 'swift_pico_description' build argument 'catkin_cmake_args' from command line to 'None'
[0.403s] Level 5:colcon.colcon_core.verb:set package 'swift_pico_description' build argument 'catkin_skip_building_tests' from command line to 'False'
[0.403s] DEBUG:colcon.colcon_core.verb:Building package 'swift_pico_description' with the following arguments: {'ament_cmake_args': None, 'build_base': '/home/bhadha/pico_ws/build/swift_pico_description', 'catkin_cmake_args': None, 'catkin_skip_building_tests': False, 'cmake_args': None, 'cmake_clean_cache': False, 'cmake_clean_first': False, 'cmake_force_configure': False, 'cmake_target': None, 'cmake_target_skip_unavailable': False, 'install_base': '/home/bhadha/pico_ws/install/swift_pico_description', 'merge_install': False, 'path': '/home/bhadha/pico_ws/src/swift_pico_description', 'symlink_install': False, 'test_result_base': None}
[0.403s] Level 5:colcon.colcon_core.verb:set package 'whycode_interfaces' build argument 'cmake_args' from command line to 'None'
[0.403s] Level 5:colcon.colcon_core.verb:set package 'whycode_interfaces' build argument 'cmake_target' from command line to 'None'
[0.403s] Level 5:colcon.colcon_core.verb:set package 'whycode_interfaces' build argument 'cmake_target_skip_unavailable' from command line to 'False'
[0.403s] Level 5:colcon.colcon_core.verb:set package 'whycode_interfaces' build argument 'cmake_clean_cache' from command line to 'False'
[0.403s] Level 5:colcon.colcon_core.verb:set package 'whycode_interfaces' build argument 'cmake_clean_first' from command line to 'False'
[0.403s] Level 5:colcon.colcon_core.verb:set package 'whycode_interfaces' build argument 'cmake_force_configure' from command line to 'False'
[0.403s] Level 5:colcon.colcon_core.verb:set package 'whycode_interfaces' build argument 'ament_cmake_args' from command line to 'None'
[0.403s] Level 5:colcon.colcon_core.verb:set package 'whycode_interfaces' build argument 'catkin_cmake_args' from command line to 'None'
[0.403s] Level 5:colcon.colcon_core.verb:set package 'whycode_interfaces' build argument 'catkin_skip_building_tests' from command line to 'False'
[0.403s] DEBUG:colcon.colcon_core.verb:Building package 'whycode_interfaces' with the following arguments: {'ament_cmake_args': None, 'build_base': '/home/bhadha/pico_ws/build/whycode_interfaces', 'catkin_cmake_args': None, 'catkin_skip_building_tests': False, 'cmake_args': None, 'cmake_clean_cache': False, 'cmake_clean_first': False, 'cmake_force_configure': False, 'cmake_target': None, 'cmake_target_skip_unavailable': False, 'install_base': '/home/bhadha/pico_ws/install/whycode_interfaces', 'merge_install': False, 'path': '/home/bhadha/pico_ws/src/whycode-ros2/whycode-ros2-interfaces', 'symlink_install': False, 'test_result_base': None}
[0.403s] Level 5:colcon.colcon_core.verb:set package 'mav_planning_msgs' build argument 'cmake_args' from command line to 'None'
[0.403s] Level 5:colcon.colcon_core.verb:set package 'mav_planning_msgs' build argument 'cmake_target' from command line to 'None'
[0.403s] Level 5:colcon.colcon_core.verb:set package 'mav_planning_msgs' build argument 'cmake_target_skip_unavailable' from command line to 'False'
[0.403s] Level 5:colcon.colcon_core.verb:set package 'mav_planning_msgs' build argument 'cmake_clean_cache' from command line to 'False'
[0.403s] Level 5:colcon.colcon_core.verb:set package 'mav_planning_msgs' build argument 'cmake_clean_first' from command line to 'False'
[0.403s] Level 5:colcon.colcon_core.verb:set package 'mav_planning_msgs' build argument 'cmake_force_configure' from command line to 'False'
[0.403s] Level 5:colcon.colcon_core.verb:set package 'mav_planning_msgs' build argument 'ament_cmake_args' from command line to 'None'
[0.403s] Level 5:colcon.colcon_core.verb:set package 'mav_planning_msgs' build argument 'catkin_cmake_args' from command line to 'None'
[0.403s] Level 5:colcon.colcon_core.verb:set package 'mav_planning_msgs' build argument 'catkin_skip_building_tests' from command line to 'False'
[0.403s] DEBUG:colcon.colcon_core.verb:Building package 'mav_planning_msgs' with the following arguments: {'ament_cmake_args': None, 'build_base': '/home/bhadha/pico_ws/build/mav_planning_msgs', 'catkin_cmake_args': None, 'catkin_skip_building_tests': False, 'cmake_args': None, 'cmake_clean_cache': False, 'cmake_clean_first': False, 'cmake_force_configure': False, 'cmake_target': None, 'cmake_target_skip_unavailable': False, 'install_base': '/home/bhadha/pico_ws/install/mav_planning_msgs', 'merge_install': False, 'path': '/home/bhadha/pico_ws/src/mav_comm/mav_planning_msgs', 'symlink_install': False, 'test_result_base': None}
[0.403s] Level 5:colcon.colcon_core.verb:set package 'pid_tune' build argument 'cmake_args' from command line to 'None'
[0.403s] Level 5:colcon.colcon_core.verb:set package 'pid_tune' build argument 'cmake_target' from command line to 'None'
[0.403s] Level 5:colcon.colcon_core.verb:set package 'pid_tune' build argument 'cmake_target_skip_unavailable' from command line to 'False'
[0.403s] Level 5:colcon.colcon_core.verb:set package 'pid_tune' build argument 'cmake_clean_cache' from command line to 'False'
[0.403s] Level 5:colcon.colcon_core.verb:set package 'pid_tune' build argument 'cmake_clean_first' from command line to 'False'
[0.404s] Level 5:colcon.colcon_core.verb:set package 'pid_tune' build argument 'cmake_force_configure' from command line to 'False'
[0.404s] Level 5:colcon.colcon_core.verb:set package 'pid_tune' build argument 'ament_cmake_args' from command line to 'None'
[0.404s] Level 5:colcon.colcon_core.verb:set package 'pid_tune' build argument 'catkin_cmake_args' from command line to 'None'
[0.404s] Level 5:colcon.colcon_core.verb:set package 'pid_tune' build argument 'catkin_skip_building_tests' from command line to 'False'
[0.404s] DEBUG:colcon.colcon_core.verb:Building package 'pid_tune' with the following arguments: {'ament_cmake_args': None, 'build_base': '/home/bhadha/pico_ws/build/pid_tune', 'catkin_cmake_args': None, 'catkin_skip_building_tests': False, 'cmake_args': None, 'cmake_clean_cache': False, 'cmake_clean_first': False, 'cmake_force_configure': False, 'cmake_target': None, 'cmake_target_skip_unavailable': False, 'install_base': '/home/bhadha/pico_ws/install/pid_tune', 'merge_install': False, 'path': '/home/bhadha/pico_ws/src/controller_tuner/pid_tune', 'symlink_install': False, 'test_result_base': None}
[0.404s] Level 5:colcon.colcon_core.verb:set package 'rotors_control' build argument 'cmake_args' from command line to 'None'
[0.404s] Level 5:colcon.colcon_core.verb:set package 'rotors_control' build argument 'cmake_target' from command line to 'None'
[0.404s] Level 5:colcon.colcon_core.verb:set package 'rotors_control' build argument 'cmake_target_skip_unavailable' from command line to 'False'
[0.404s] Level 5:colcon.colcon_core.verb:set package 'rotors_control' build argument 'cmake_clean_cache' from command line to 'False'
[0.404s] Level 5:colcon.colcon_core.verb:set package 'rotors_control' build argument 'cmake_clean_first' from command line to 'False'
[0.404s] Level 5:colcon.colcon_core.verb:set package 'rotors_control' build argument 'cmake_force_configure' from command line to 'False'
[0.404s] Level 5:colcon.colcon_core.verb:set package 'rotors_control' build argument 'ament_cmake_args' from command line to 'None'
[0.404s] Level 5:colcon.colcon_core.verb:set package 'rotors_control' build argument 'catkin_cmake_args' from command line to 'None'
[0.404s] Level 5:colcon.colcon_core.verb:set package 'rotors_control' build argument 'catkin_skip_building_tests' from command line to 'False'
[0.404s] DEBUG:colcon.colcon_core.verb:Building package 'rotors_control' with the following arguments: {'ament_cmake_args': None, 'build_base': '/home/bhadha/pico_ws/build/rotors_control', 'catkin_cmake_args': None, 'catkin_skip_building_tests': False, 'cmake_args': None, 'cmake_clean_cache': False, 'cmake_clean_first': False, 'cmake_force_configure': False, 'cmake_target': None, 'cmake_target_skip_unavailable': False, 'install_base': '/home/bhadha/pico_ws/install/rotors_control', 'merge_install': False, 'path': '/home/bhadha/pico_ws/src/rotors_simulator/rotors_control', 'symlink_install': False, 'test_result_base': None}
[0.404s] Level 5:colcon.colcon_core.verb:set package 'rotors_swift_gazebo' build argument 'cmake_args' from command line to 'None'
[0.404s] Level 5:colcon.colcon_core.verb:set package 'rotors_swift_gazebo' build argument 'cmake_target' from command line to 'None'
[0.404s] Level 5:colcon.colcon_core.verb:set package 'rotors_swift_gazebo' build argument 'cmake_target_skip_unavailable' from command line to 'False'
[0.404s] Level 5:colcon.colcon_core.verb:set package 'rotors_swift_gazebo' build argument 'cmake_clean_cache' from command line to 'False'
[0.404s] Level 5:colcon.colcon_core.verb:set package 'rotors_swift_gazebo' build argument 'cmake_clean_first' from command line to 'False'
[0.404s] Level 5:colcon.colcon_core.verb:set package 'rotors_swift_gazebo' build argument 'cmake_force_configure' from command line to 'False'
[0.404s] Level 5:colcon.colcon_core.verb:set package 'rotors_swift_gazebo' build argument 'ament_cmake_args' from command line to 'None'
[0.404s] Level 5:colcon.colcon_core.verb:set package 'rotors_swift_gazebo' build argument 'catkin_cmake_args' from command line to 'None'
[0.404s] Level 5:colcon.colcon_core.verb:set package 'rotors_swift_gazebo' build argument 'catkin_skip_building_tests' from command line to 'False'
[0.404s] DEBUG:colcon.colcon_core.verb:Building package 'rotors_swift_gazebo' with the following arguments: {'ament_cmake_args': None, 'build_base': '/home/bhadha/pico_ws/build/rotors_swift_gazebo', 'catkin_cmake_args': None, 'catkin_skip_building_tests': False, 'cmake_args': None, 'cmake_clean_cache': False, 'cmake_clean_first': False, 'cmake_force_configure': False, 'cmake_target': None, 'cmake_target_skip_unavailable': False, 'install_base': '/home/bhadha/pico_ws/install/rotors_swift_gazebo', 'merge_install': False, 'path': '/home/bhadha/pico_ws/src/rotors_simulator/rotors_swift_gazebo', 'symlink_install': False, 'test_result_base': None}
[0.404s] Level 5:colcon.colcon_core.verb:set package 'rotors_swift_interface' build argument 'cmake_args' from command line to 'None'
[0.404s] Level 5:colcon.colcon_core.verb:set package 'rotors_swift_interface' build argument 'cmake_target' from command line to 'None'
[0.404s] Level 5:colcon.colcon_core.verb:set package 'rotors_swift_interface' build argument 'cmake_target_skip_unavailable' from command line to 'False'
[0.404s] Level 5:colcon.colcon_core.verb:set package 'rotors_swift_interface' build argument 'cmake_clean_cache' from command line to 'False'
[0.404s] Level 5:colcon.colcon_core.verb:set package 'rotors_swift_interface' build argument 'cmake_clean_first' from command line to 'False'
[0.404s] Level 5:colcon.colcon_core.verb:set package 'rotors_swift_interface' build argument 'cmake_force_configure' from command line to 'False'
[0.404s] Level 5:colcon.colcon_core.verb:set package 'rotors_swift_interface' build argument 'ament_cmake_args' from command line to 'None'
[0.404s] Level 5:colcon.colcon_core.verb:set package 'rotors_swift_interface' build argument 'catkin_cmake_args' from command line to 'None'
[0.404s] Level 5:colcon.colcon_core.verb:set package 'rotors_swift_interface' build argument 'catkin_skip_building_tests' from command line to 'False'
[0.404s] DEBUG:colcon.colcon_core.verb:Building package 'rotors_swift_interface' with the following arguments: {'ament_cmake_args': None, 'build_base': '/home/bhadha/pico_ws/build/rotors_swift_interface', 'catkin_cmake_args': None, 'catkin_skip_building_tests': False, 'cmake_args': None, 'cmake_clean_cache': False, 'cmake_clean_first': False, 'cmake_force_configure': False, 'cmake_target': None, 'cmake_target_skip_unavailable': False, 'install_base': '/home/bhadha/pico_ws/install/rotors_swift_interface', 'merge_install': False, 'path': '/home/bhadha/pico_ws/src/rotors_simulator/rotors_swift_interface', 'symlink_install': False, 'test_result_base': None}
[0.405s] Level 5:colcon.colcon_core.verb:set package 'swift_pico' build argument 'cmake_args' from command line to 'None'
[0.405s] Level 5:colcon.colcon_core.verb:set package 'swift_pico' build argument 'cmake_target' from command line to 'None'
[0.405s] Level 5:colcon.colcon_core.verb:set package 'swift_pico' build argument 'cmake_target_skip_unavailable' from command line to 'False'
[0.405s] Level 5:colcon.colcon_core.verb:set package 'swift_pico' build argument 'cmake_clean_cache' from command line to 'False'
[0.405s] Level 5:colcon.colcon_core.verb:set package 'swift_pico' build argument 'cmake_clean_first' from command line to 'False'
[0.405s] Level 5:colcon.colcon_core.verb:set package 'swift_pico' build argument 'cmake_force_configure' from command line to 'False'
[0.405s] Level 5:colcon.colcon_core.verb:set package 'swift_pico' build argument 'ament_cmake_args' from command line to 'None'
[0.405s] Level 5:colcon.colcon_core.verb:set package 'swift_pico' build argument 'catkin_cmake_args' from command line to 'None'
[0.405s] Level 5:colcon.colcon_core.verb:set package 'swift_pico' build argument 'catkin_skip_building_tests' from command line to 'False'
[0.405s] DEBUG:colcon.colcon_core.verb:Building package 'swift_pico' with the following arguments: {'ament_cmake_args': None, 'build_base': '/home/bhadha/pico_ws/build/swift_pico', 'catkin_cmake_args': None, 'catkin_skip_building_tests': False, 'cmake_args': None, 'cmake_clean_cache': False, 'cmake_clean_first': False, 'cmake_force_configure': False, 'cmake_target': None, 'cmake_target_skip_unavailable': False, 'install_base': '/home/bhadha/pico_ws/install/swift_pico', 'merge_install': False, 'path': '/home/bhadha/pico_ws/src/swift_pico', 'symlink_install': False, 'test_result_base': None}
[0.405s] Level 5:colcon.colcon_core.verb:set package 'whycode' build argument 'cmake_args' from command line to 'None'
[0.405s] Level 5:colcon.colcon_core.verb:set package 'whycode' build argument 'cmake_target' from command line to 'None'
[0.405s] Level 5:colcon.colcon_core.verb:set package 'whycode' build argument 'cmake_target_skip_unavailable' from command line to 'False'
[0.405s] Level 5:colcon.colcon_core.verb:set package 'whycode' build argument 'cmake_clean_cache' from command line to 'False'
[0.405s] Level 5:colcon.colcon_core.verb:set package 'whycode' build argument 'cmake_clean_first' from command line to 'False'
[0.405s] Level 5:colcon.colcon_core.verb:set package 'whycode' build argument 'cmake_force_configure' from command line to 'False'
[0.405s] Level 5:colcon.colcon_core.verb:set package 'whycode' build argument 'ament_cmake_args' from command line to 'None'
[0.405s] Level 5:colcon.colcon_core.verb:set package 'whycode' build argument 'catkin_cmake_args' from command line to 'None'
[0.405s] Level 5:colcon.colcon_core.verb:set package 'whycode' build argument 'catkin_skip_building_tests' from command line to 'False'
[0.405s] DEBUG:colcon.colcon_core.verb:Building package 'whycode' with the following arguments: {'ament_cmake_args': None, 'build_base': '/home/bhadha/pico_ws/build/whycode', 'catkin_cmake_args': None, 'catkin_skip_building_tests': False, 'cmake_args': None, 'cmake_clean_cache': False, 'cmake_clean_first': False, 'cmake_force_configure': False, 'cmake_target': None, 'cmake_target_skip_unavailable': False, 'install_base': '/home/bhadha/pico_ws/install/whycode', 'merge_install': False, 'path': '/home/bhadha/pico_ws/src/whycode-ros2/whycode-ros2', 'symlink_install': False, 'test_result_base': None}
[0.405s] Level 5:colcon.colcon_core.verb:set package 'mav_comm' build argument 'cmake_args' from command line to 'None'
[0.405s] Level 5:colcon.colcon_core.verb:set package 'mav_comm' build argument 'cmake_target' from command line to 'None'
[0.405s] Level 5:colcon.colcon_core.verb:set package 'mav_comm' build argument 'cmake_target_skip_unavailable' from command line to 'False'
[0.405s] Level 5:colcon.colcon_core.verb:set package 'mav_comm' build argument 'cmake_clean_cache' from command line to 'False'
[0.405s] Level 5:colcon.colcon_core.verb:set package 'mav_comm' build argument 'cmake_clean_first' from command line to 'False'
[0.405s] Level 5:colcon.colcon_core.verb:set package 'mav_comm' build argument 'cmake_force_configure' from command line to 'False'
[0.405s] Level 5:colcon.colcon_core.verb:set package 'mav_comm' build argument 'ament_cmake_args' from command line to 'None'
[0.405s] Level 5:colcon.colcon_core.verb:set package 'mav_comm' build argument 'catkin_cmake_args' from command line to 'None'
[0.405s] Level 5:colcon.colcon_core.verb:set package 'mav_comm' build argument 'catkin_skip_building_tests' from command line to 'False'
[0.406s] DEBUG:colcon.colcon_core.verb:Building package 'mav_comm' with the following arguments: {'ament_cmake_args': None, 'build_base': '/home/bhadha/pico_ws/build/mav_comm', 'catkin_cmake_args': None, 'catkin_skip_building_tests': False, 'cmake_args': None, 'cmake_clean_cache': False, 'cmake_clean_first': False, 'cmake_force_configure': False, 'cmake_target': None, 'cmake_target_skip_unavailable': False, 'install_base': '/home/bhadha/pico_ws/install/mav_comm', 'merge_install': False, 'path': '/home/bhadha/pico_ws/src/mav_comm/mav_comm', 'symlink_install': False, 'test_result_base': None}
[0.406s] INFO:colcon.colcon_core.executor:Executing jobs using 'parallel' executor
[0.407s] DEBUG:colcon.colcon_parallel_executor.executor.parallel:run_until_complete
[0.407s] INFO:colcon.colcon_ros.task.ament_cmake.build:Building ROS package in '/home/bhadha/pico_ws/src/mav_comm/mav_msgs' with build type 'ament_cmake'
[0.407s] INFO:colcon.colcon_cmake.task.cmake.build:Building CMake package in '/home/bhadha/pico_ws/src/mav_comm/mav_msgs'
[0.411s] INFO:colcon.colcon_core.plugin_system:Skipping extension 'colcon_core.shell.bat': Not used on non-Windows systems
[0.411s] INFO:colcon.colcon_core.shell:Skip shell extension 'powershell' for command environment: Not usable outside of PowerShell
[0.411s] DEBUG:colcon.colcon_core.shell:Skip shell extension 'dsv' for command environment
[0.413s] INFO:colcon.colcon_ros.task.ament_cmake.build:Building ROS package in '/home/bhadha/pico_ws/src/controller_tuner/controller_msg' with build type 'ament_cmake'
[0.414s] INFO:colcon.colcon_cmake.task.cmake.build:Building CMake package in '/home/bhadha/pico_ws/src/controller_tuner/controller_msg'
[0.414s] INFO:colcon.colcon_core.shell:Skip shell extension 'powershell' for command environment: Not usable outside of PowerShell
[0.414s] DEBUG:colcon.colcon_core.shell:Skip shell extension 'dsv' for command environment
[0.416s] INFO:colcon.colcon_ros.task.ament_cmake.build:Building ROS package in '/home/bhadha/pico_ws/src/controller_tuner/error_msg' with build type 'ament_cmake'
[0.416s] INFO:colcon.colcon_cmake.task.cmake.build:Building CMake package in '/home/bhadha/pico_ws/src/controller_tuner/error_msg'
[0.416s] INFO:colcon.colcon_core.shell:Skip shell extension 'powershell' for command environment: Not usable outside of PowerShell
[0.416s] DEBUG:colcon.colcon_core.shell:Skip shell extension 'dsv' for command environment
[0.419s] INFO:colcon.colcon_ros.task.ament_cmake.build:Building ROS package in '/home/bhadha/pico_ws/src/rotors_simulator/swift_msgs' with build type 'ament_cmake'
[0.419s] INFO:colcon.colcon_cmake.task.cmake.build:Building CMake package in '/home/bhadha/pico_ws/src/rotors_simulator/swift_msgs'
[0.419s] INFO:colcon.colcon_core.shell:Skip shell extension 'powershell' for command environment: Not usable outside of PowerShell
[0.419s] DEBUG:colcon.colcon_core.shell:Skip shell extension 'dsv' for command environment
[0.422s] INFO:colcon.colcon_ros.task.ament_cmake.build:Building ROS package in '/home/bhadha/pico_ws/src/whycode-ros2/whycode-ros2-interfaces' with build type 'ament_cmake'
[0.422s] INFO:colcon.colcon_cmake.task.cmake.build:Building CMake package in '/home/bhadha/pico_ws/src/whycode-ros2/whycode-ros2-interfaces'
[0.422s] INFO:colcon.colcon_core.shell:Skip shell extension 'powershell' for command environment: Not usable outside of PowerShell
[0.422s] DEBUG:colcon.colcon_core.shell:Skip shell extension 'dsv' for command environment
[0.424s] INFO:colcon.colcon_ros.task.ament_cmake.build:Building ROS package in '/home/bhadha/pico_ws/src/mav_comm/mav_state_machine_msgs' with build type 'ament_cmake'
[0.424s] INFO:colcon.colcon_cmake.task.cmake.build:Building CMake package in '/home/bhadha/pico_ws/src/mav_comm/mav_state_machine_msgs'
[0.425s] INFO:colcon.colcon_core.shell:Skip shell extension 'powershell' for command environment: Not usable outside of PowerShell
[0.425s] DEBUG:colcon.colcon_core.shell:Skip shell extension 'dsv' for command environment
[0.427s] INFO:colcon.colcon_ros.task.ament_cmake.build:Building ROS package in '/home/bhadha/pico_ws/src/mav_comm/mav_system_msgs' with build type 'ament_cmake'
[0.427s] INFO:colcon.colcon_cmake.task.cmake.build:Building CMake package in '/home/bhadha/pico_ws/src/mav_comm/mav_system_msgs'
[0.427s] INFO:colcon.colcon_core.shell:Skip shell extension 'powershell' for command environment: Not usable outside of PowerShell
[0.427s] DEBUG:colcon.colcon_core.shell:Skip shell extension 'dsv' for command environment
[0.429s] INFO:colcon.colcon_ros.task.ament_cmake.build:Building ROS package in '/home/bhadha/pico_ws/src/rotors_simulator/rotors_swift_description' with build type 'ament_cmake'
[0.430s] INFO:colcon.colcon_cmake.task.cmake.build:Building CMake package in '/home/bhadha/pico_ws/src/rotors_simulator/rotors_swift_description'
[0.430s] INFO:colcon.colcon_core.shell:Skip shell extension 'powershell' for command environment: Not usable outside of PowerShell
[0.430s] DEBUG:colcon.colcon_core.shell:Skip shell extension 'dsv' for command environment
[0.432s] INFO:colcon.colcon_ros.task.ament_cmake.build:Building ROS package in '/home/bhadha/pico_ws/src/swift_pico_description' with build type 'ament_cmake'
[0.432s] INFO:colcon.colcon_cmake.task.cmake.build:Building CMake package in '/home/bhadha/pico_ws/src/swift_pico_description'
[0.432s] INFO:colcon.colcon_core.shell:Skip shell extension 'powershell' for command environment: Not usable outside of PowerShell
[0.432s] DEBUG:colcon.colcon_core.shell:Skip shell extension 'dsv' for command environment
[0.438s] DEBUG:colcon.colcon_core.event_handler.log_command:Invoking command in '/home/bhadha/pico_ws/build/mav_msgs': CMAKE_PREFIX_PATH=/opt/ros/humble /usr/bin/cmake /home/bhadha/pico_ws/src/mav_comm/mav_msgs -DCMAKE_INSTALL_PREFIX=/home/bhadha/pico_ws/install/mav_msgs
[0.443s] DEBUG:colcon.colcon_core.event_handler.log_command:Invoking command in '/home/bhadha/pico_ws/build/controller_msg': CMAKE_PREFIX_PATH=/opt/ros/humble /usr/bin/cmake /home/bhadha/pico_ws/src/controller_tuner/controller_msg -DCMAKE_INSTALL_PREFIX=/home/bhadha/pico_ws/install/controller_msg
[0.445s] DEBUG:colcon.colcon_core.event_handler.log_command:Invoking command in '/home/bhadha/pico_ws/build/error_msg': CMAKE_PREFIX_PATH=/opt/ros/humble /usr/bin/cmake /home/bhadha/pico_ws/src/controller_tuner/error_msg -DCMAKE_INSTALL_PREFIX=/home/bhadha/pico_ws/install/error_msg
[0.446s] DEBUG:colcon.colcon_core.event_handler.log_command:Invoking command in '/home/bhadha/pico_ws/build/swift_msgs': CMAKE_PREFIX_PATH=/opt/ros/humble /usr/bin/cmake /home/bhadha/pico_ws/src/rotors_simulator/swift_msgs -DCMAKE_INSTALL_PREFIX=/home/bhadha/pico_ws/install/swift_msgs
[0.449s] DEBUG:colcon.colcon_core.event_handler.log_command:Invoking command in '/home/bhadha/pico_ws/build/whycode_interfaces': CMAKE_PREFIX_PATH=/opt/ros/humble /usr/bin/cmake /home/bhadha/pico_ws/src/whycode-ros2/whycode-ros2-interfaces -DCMAKE_INSTALL_PREFIX=/home/bhadha/pico_ws/install/whycode_interfaces
[0.451s] DEBUG:colcon.colcon_core.event_handler.log_command:Invoking command in '/home/bhadha/pico_ws/build/mav_state_machine_msgs': CMAKE_PREFIX_PATH=/opt/ros/humble /usr/bin/cmake /home/bhadha/pico_ws/src/mav_comm/mav_state_machine_msgs -DCMAKE_INSTALL_PREFIX=/home/bhadha/pico_ws/install/mav_state_machine_msgs
[0.453s] DEBUG:colcon.colcon_core.event_handler.log_command:Invoking command in '/home/bhadha/pico_ws/build/mav_system_msgs': CMAKE_PREFIX_PATH=/opt/ros/humble /usr/bin/cmake /home/bhadha/pico_ws/src/mav_comm/mav_system_msgs -DCMAKE_INSTALL_PREFIX=/home/bhadha/pico_ws/install/mav_system_msgs
[0.456s] DEBUG:colcon.colcon_core.event_handler.log_command:Invoking command in '/home/bhadha/pico_ws/build/rotors_swift_description': CMAKE_PREFIX_PATH=/opt/ros/humble /usr/bin/cmake /home/bhadha/pico_ws/src/rotors_simulator/rotors_swift_description -DCMAKE_INSTALL_PREFIX=/home/bhadha/pico_ws/install/rotors_swift_description
[0.464s] DEBUG:colcon.colcon_core.event_handler.log_command:Invoking command in '/home/bhadha/pico_ws/build/swift_pico_description': CMAKE_PREFIX_PATH=/opt/ros/humble /usr/bin/cmake /home/bhadha/pico_ws/src/swift_pico_description -DCMAKE_INSTALL_PREFIX=/home/bhadha/pico_ws/install/swift_pico_description
[1.709s] DEBUG:colcon.colcon_core.event_handler.log_command:Invoked command in '/home/bhadha/pico_ws/build/rotors_swift_description' returned '0': CMAKE_PREFIX_PATH=/opt/ros/humble /usr/bin/cmake /home/bhadha/pico_ws/src/rotors_simulator/rotors_swift_description -DCMAKE_INSTALL_PREFIX=/home/bhadha/pico_ws/install/rotors_swift_description
[1.715s] DEBUG:colcon.colcon_core.event_handler.log_command:Invoking command in '/home/bhadha/pico_ws/build/rotors_swift_description': CMAKE_PREFIX_PATH=/opt/ros/humble /usr/bin/cmake --build /home/bhadha/pico_ws/build/rotors_swift_description -- -j12 -l12
[1.754s] DEBUG:colcon.colcon_core.event_handler.log_command:Invoked command in '/home/bhadha/pico_ws/build/swift_pico_description' returned '0': CMAKE_PREFIX_PATH=/opt/ros/humble /usr/bin/cmake /home/bhadha/pico_ws/src/swift_pico_description -DCMAKE_INSTALL_PREFIX=/home/bhadha/pico_ws/install/swift_pico_description
[1.757s] DEBUG:colcon.colcon_core.event_handler.log_command:Invoking command in '/home/bhadha/pico_ws/build/swift_pico_description': CMAKE_PREFIX_PATH=/opt/ros/humble /usr/bin/cmake --build /home/bhadha/pico_ws/build/swift_pico_description -- -j12 -l12
[1.788s] DEBUG:colcon.colcon_core.event_handler.log_command:Invoked command in '/home/bhadha/pico_ws/build/rotors_swift_description' returned '0': CMAKE_PREFIX_PATH=/opt/ros/humble /usr/bin/cmake --build /home/bhadha/pico_ws/build/rotors_swift_description -- -j12 -l12
[1.803s] DEBUG:colcon.colcon_core.event_handler.log_command:Invoking command in '/home/bhadha/pico_ws/build/rotors_swift_description': CMAKE_PREFIX_PATH=/opt/ros/humble /usr/bin/cmake --install /home/bhadha/pico_ws/build/rotors_swift_description
[1.825s] DEBUG:colcon.colcon_core.event_handler.log_command:Invoked command in '/home/bhadha/pico_ws/build/swift_pico_description' returned '0': CMAKE_PREFIX_PATH=/opt/ros/humble /usr/bin/cmake --build /home/bhadha/pico_ws/build/swift_pico_description -- -j12 -l12
[1.829s] DEBUG:colcon.colcon_core.event_handler.log_command:Invoking command in '/home/bhadha/pico_ws/build/swift_pico_description': CMAKE_PREFIX_PATH=/opt/ros/humble /usr/bin/cmake --install /home/bhadha/pico_ws/build/swift_pico_description
[1.942s] Level 1:colcon.colcon_core.environment:create_environment_scripts_only(rotors_swift_description)
[1.944s] DEBUG:colcon.colcon_core.event_handler.log_command:Invoked command in '/home/bhadha/pico_ws/build/rotors_swift_description' returned '0': CMAKE_PREFIX_PATH=/opt/ros/humble /usr/bin/cmake --install /home/bhadha/pico_ws/build/rotors_swift_description
[1.956s] Level 1:colcon.colcon_core.environment:checking '/home/bhadha/pico_ws/install/rotors_swift_description' for CMake module files
[1.957s] Level 1:colcon.colcon_core.environment:checking '/home/bhadha/pico_ws/install/rotors_swift_description' for CMake config files
[1.957s] Level 1:colcon.colcon_core.shell:create_environment_hook('rotors_swift_description', 'cmake_prefix_path')
[1.958s] INFO:colcon.colcon_core.shell:Creating environment hook '/home/bhadha/pico_ws/install/rotors_swift_description/share/rotors_swift_description/hook/cmake_prefix_path.ps1'
[1.959s] INFO:colcon.colcon_core.shell:Creating environment descriptor '/home/bhadha/pico_ws/install/rotors_swift_description/share/rotors_swift_description/hook/cmake_prefix_path.dsv'
[1.960s] INFO:colcon.colcon_core.shell:Creating environment hook '/home/bhadha/pico_ws/install/rotors_swift_description/share/rotors_swift_description/hook/cmake_prefix_path.sh'
[1.962s] Level 1:colcon.colcon_core.environment:checking '/home/bhadha/pico_ws/install/rotors_swift_description/bin'
[1.963s] Level 1:colcon.colcon_core.environment:checking '/home/bhadha/pico_ws/install/rotors_swift_description/lib/pkgconfig/rotors_swift_description.pc'
[1.963s] Level 1:colcon.colcon_core.environment:checking '/home/bhadha/pico_ws/install/rotors_swift_description/lib/python3.10/site-packages'
[1.964s] Level 1:colcon.colcon_core.environment:checking '/home/bhadha/pico_ws/install/rotors_swift_description/bin'
[1.965s] INFO:colcon.colcon_core.shell:Creating package script '/home/bhadha/pico_ws/install/rotors_swift_description/share/rotors_swift_description/package.ps1'
[1.968s] INFO:colcon.colcon_core.shell:Creating package descriptor '/home/bhadha/pico_ws/install/rotors_swift_description/share/rotors_swift_description/package.dsv'
[1.970s] INFO:colcon.colcon_core.shell:Creating package script '/home/bhadha/pico_ws/install/rotors_swift_description/share/rotors_swift_description/package.sh'
[1.972s] INFO:colcon.colcon_core.shell:Creating package script '/home/bhadha/pico_ws/install/rotors_swift_description/share/rotors_swift_description/package.bash'
[1.974s] INFO:colcon.colcon_core.shell:Creating package script '/home/bhadha/pico_ws/install/rotors_swift_description/share/rotors_swift_description/package.zsh'
[1.978s] Level 1:colcon.colcon_core.environment:create_file_with_runtime_dependencies(/home/bhadha/pico_ws/install/rotors_swift_description/share/colcon-core/packages/rotors_swift_description)
[1.980s] Level 1:colcon.colcon_core.environment:create_environment_scripts_only(rotors_swift_description)
[1.981s] Level 1:colcon.colcon_core.environment:checking '/home/bhadha/pico_ws/install/rotors_swift_description' for CMake module files
[1.982s] Level 1:colcon.colcon_core.environment:checking '/home/bhadha/pico_ws/install/rotors_swift_description' for CMake config files
[1.982s] Level 1:colcon.colcon_core.shell:create_environment_hook('rotors_swift_description', 'cmake_prefix_path')
[1.983s] INFO:colcon.colcon_core.shell:Creating environment hook '/home/bhadha/pico_ws/install/rotors_swift_description/share/rotors_swift_description/hook/cmake_prefix_path.ps1'
[1.983s] INFO:colcon.colcon_core.shell:Creating environment descriptor '/home/bhadha/pico_ws/install/rotors_swift_description/share/rotors_swift_description/hook/cmake_prefix_path.dsv'
[1.984s] INFO:colcon.colcon_core.shell:Creating environment hook '/home/bhadha/pico_ws/install/rotors_swift_description/share/rotors_swift_description/hook/cmake_prefix_path.sh'
[1.985s] Level 1:colcon.colcon_core.environment:checking '/home/bhadha/pico_ws/install/rotors_swift_description/bin'
[1.985s] Level 1:colcon.colcon_core.environment:checking '/home/bhadha/pico_ws/install/rotors_swift_description/lib/pkgconfig/rotors_swift_description.pc'
[1.985s] Level 1:colcon.colcon_core.environment:checking '/home/bhadha/pico_ws/install/rotors_swift_description/lib/python3.10/site-packages'
[1.986s] Level 1:colcon.colcon_core.environment:checking '/home/bhadha/pico_ws/install/rotors_swift_description/bin'
[1.986s] INFO:colcon.colcon_core.shell:Creating package script '/home/bhadha/pico_ws/install/rotors_swift_description/share/rotors_swift_description/package.ps1'
[1.989s] INFO:colcon.colcon_core.shell:Creating package descriptor '/home/bhadha/pico_ws/install/rotors_swift_description/share/rotors_swift_description/package.dsv'
[1.990s] INFO:colcon.colcon_core.shell:Creating package script '/home/bhadha/pico_ws/install/rotors_swift_description/share/rotors_swift_description/package.sh'
[1.991s] INFO:colcon.colcon_core.shell:Creating package script '/home/bhadha/pico_ws/install/rotors_swift_description/share/rotors_swift_description/package.bash'
[1.992s] INFO:colcon.colcon_core.shell:Creating package script '/home/bhadha/pico_ws/install/rotors_swift_description/share/rotors_swift_description/package.zsh'
[1.993s] Level 1:colcon.colcon_core.environment:create_file_with_runtime_dependencies(/home/bhadha/pico_ws/install/rotors_swift_description/share/colcon-core/packages/rotors_swift_description)
[1.994s] INFO:colcon.colcon_ros.task.ament_cmake.build:Building ROS package in '/home/bhadha/pico_ws/src/rotors_simulator/rotors_swift_gazebo' with build type 'ament_cmake'
[1.994s] INFO:colcon.colcon_cmake.task.cmake.build:Building CMake package in '/home/bhadha/pico_ws/src/rotors_simulator/rotors_swift_gazebo'
[1.995s] INFO:colcon.colcon_core.shell:Skip shell extension 'powershell' for command environment: Not usable outside of PowerShell
[1.995s] DEBUG:colcon.colcon_core.shell:Skip shell extension 'dsv' for command environment
[2.002s] Level 1:colcon.colcon_core.environment:create_environment_scripts_only(swift_pico_description)
[2.003s] Level 1:colcon.colcon_core.environment:checking '/home/bhadha/pico_ws/install/swift_pico_description' for CMake module files
[2.004s] DEBUG:colcon.colcon_core.event_handler.log_command:Invoked command in '/home/bhadha/pico_ws/build/swift_pico_description' returned '0': CMAKE_PREFIX_PATH=/opt/ros/humble /usr/bin/cmake --install /home/bhadha/pico_ws/build/swift_pico_description
[2.005s] Level 1:colcon.colcon_core.environment:checking '/home/bhadha/pico_ws/install/swift_pico_description' for CMake config files
[2.005s] Level 1:colcon.colcon_core.shell:create_environment_hook('swift_pico_description', 'cmake_prefix_path')
[2.006s] INFO:colcon.colcon_core.shell:Creating environment hook '/home/bhadha/pico_ws/install/swift_pico_description/share/swift_pico_description/hook/cmake_prefix_path.ps1'
[2.007s] INFO:colcon.colcon_core.shell:Creating environment descriptor '/home/bhadha/pico_ws/install/swift_pico_description/share/swift_pico_description/hook/cmake_prefix_path.dsv'
[2.008s] INFO:colcon.colcon_core.shell:Creating environment hook '/home/bhadha/pico_ws/install/swift_pico_description/share/swift_pico_description/hook/cmake_prefix_path.sh'
[2.009s] Level 1:colcon.colcon_core.environment:checking '/home/bhadha/pico_ws/install/swift_pico_description/bin'
[2.010s] Level 1:colcon.colcon_core.environment:checking '/home/bhadha/pico_ws/install/swift_pico_description/lib/pkgconfig/swift_pico_description.pc'
[2.011s] Level 1:colcon.colcon_core.environment:checking '/home/bhadha/pico_ws/install/swift_pico_description/lib/python3.10/site-packages'
[2.012s] Level 1:colcon.colcon_core.environment:checking '/home/bhadha/pico_ws/install/swift_pico_description/bin'
[2.012s] INFO:colcon.colcon_core.shell:Creating package script '/home/bhadha/pico_ws/install/swift_pico_description/share/swift_pico_description/package.ps1'
[2.014s] INFO:colcon.colcon_core.shell:Creating package descriptor '/home/bhadha/pico_ws/install/swift_pico_description/share/swift_pico_description/package.dsv'
[2.015s] INFO:colcon.colcon_core.shell:Creating package script '/home/bhadha/pico_ws/install/swift_pico_description/share/swift_pico_description/package.sh'
[2.016s] INFO:colcon.colcon_core.shell:Creating package script '/home/bhadha/pico_ws/install/swift_pico_description/share/swift_pico_description/package.bash'
[2.017s] INFO:colcon.colcon_core.shell:Creating package script '/home/bhadha/pico_ws/install/swift_pico_description/share/swift_pico_description/package.zsh'
[2.017s] Level 1:colcon.colcon_core.environment:create_file_with_runtime_dependencies(/home/bhadha/pico_ws/install/swift_pico_description/share/colcon-core/packages/swift_pico_description)
[2.019s] Level 1:colcon.colcon_core.environment:create_environment_scripts_only(swift_pico_description)
[2.019s] Level 1:colcon.colcon_core.environment:checking '/home/bhadha/pico_ws/install/swift_pico_description' for CMake module files
[2.020s] Level 1:colcon.colcon_core.environment:checking '/home/bhadha/pico_ws/install/swift_pico_description' for CMake config files
[2.021s] Level 1:colcon.colcon_core.shell:create_environment_hook('swift_pico_description', 'cmake_prefix_path')
[2.021s] INFO:colcon.colcon_core.shell:Creating environment hook '/home/bhadha/pico_ws/install/swift_pico_description/share/swift_pico_description/hook/cmake_prefix_path.ps1'
[2.022s] INFO:colcon.colcon_core.shell:Creating environment descriptor '/home/bhadha/pico_ws/install/swift_pico_description/share/swift_pico_description/hook/cmake_prefix_path.dsv'
[2.023s] INFO:colcon.colcon_core.shell:Creating environment hook '/home/bhadha/pico_ws/install/swift_pico_description/share/swift_pico_description/hook/cmake_prefix_path.sh'
[2.024s] Level 1:colcon.colcon_core.environment:checking '/home/bhadha/pico_ws/install/swift_pico_description/bin'
[2.025s] Level 1:colcon.colcon_core.environment:checking '/home/bhadha/pico_ws/install/swift_pico_description/lib/pkgconfig/swift_pico_description.pc'
[2.025s] Level 1:colcon.colcon_core.environment:checking '/home/bhadha/pico_ws/install/swift_pico_description/lib/python3.10/site-packages'
[2.026s] Level 1:colcon.colcon_core.environment:checking '/home/bhadha/pico_ws/install/swift_pico_description/bin'
[2.027s] INFO:colcon.colcon_core.shell:Creating package script '/home/bhadha/pico_ws/install/swift_pico_description/share/swift_pico_description/package.ps1'
[2.029s] INFO:colcon.colcon_core.shell:Creating package descriptor '/home/bhadha/pico_ws/install/swift_pico_description/share/swift_pico_description/package.dsv'
[2.030s] INFO:colcon.colcon_core.shell:Creating package script '/home/bhadha/pico_ws/install/swift_pico_description/share/swift_pico_description/package.sh'
[2.031s] INFO:colcon.colcon_core.shell:Creating package script '/home/bhadha/pico_ws/install/swift_pico_description/share/swift_pico_description/package.bash'
[2.032s] INFO:colcon.colcon_core.shell:Creating package script '/home/bhadha/pico_ws/install/swift_pico_description/share/swift_pico_description/package.zsh'
[2.033s] Level 1:colcon.colcon_core.environment:create_file_with_runtime_dependencies(/home/bhadha/pico_ws/install/swift_pico_description/share/colcon-core/packages/swift_pico_description)
[2.041s] DEBUG:colcon.colcon_core.event_handler.log_command:Invoking command in '/home/bhadha/pico_ws/build/rotors_swift_gazebo': AMENT_PREFIX_PATH=/home/bhadha/pico_ws/install/rotors_swift_description:${AMENT_PREFIX_PATH} CMAKE_PREFIX_PATH=/home/bhadha/pico_ws/install/rotors_swift_description:/opt/ros/humble /usr/bin/cmake /home/bhadha/pico_ws/src/rotors_simulator/rotors_swift_gazebo -DCMAKE_INSTALL_PREFIX=/home/bhadha/pico_ws/install/rotors_swift_gazebo
[3.330s] DEBUG:colcon.colcon_core.event_handler.log_command:Invoked command in '/home/bhadha/pico_ws/build/rotors_swift_gazebo' returned '0': AMENT_PREFIX_PATH=/home/bhadha/pico_ws/install/rotors_swift_description:${AMENT_PREFIX_PATH} CMAKE_PREFIX_PATH=/home/bhadha/pico_ws/install/rotors_swift_description:/opt/ros/humble /usr/bin/cmake /home/bhadha/pico_ws/src/rotors_simulator/rotors_swift_gazebo -DCMAKE_INSTALL_PREFIX=/home/bhadha/pico_ws/install/rotors_swift_gazebo
[3.333s] DEBUG:colcon.colcon_core.event_handler.log_command:Invoking command in '/home/bhadha/pico_ws/build/rotors_swift_gazebo': AMENT_PREFIX_PATH=/home/bhadha/pico_ws/install/rotors_swift_description:${AMENT_PREFIX_PATH} CMAKE_PREFIX_PATH=/home/bhadha/pico_ws/install/rotors_swift_description:/opt/ros/humble /usr/bin/cmake --build /home/bhadha/pico_ws/build/rotors_swift_gazebo -- -j12 -l12
[3.400s] DEBUG:colcon.colcon_core.event_handler.log_command:Invoked command in '/home/bhadha/pico_ws/build/rotors_swift_gazebo' returned '0': AMENT_PREFIX_PATH=/home/bhadha/pico_ws/install/rotors_swift_description:${AMENT_PREFIX_PATH} CMAKE_PREFIX_PATH=/home/bhadha/pico_ws/install/rotors_swift_description:/opt/ros/humble /usr/bin/cmake --build /home/bhadha/pico_ws/build/rotors_swift_gazebo -- -j12 -l12
[3.404s] DEBUG:colcon.colcon_core.event_handler.log_command:Invoking command in '/home/bhadha/pico_ws/build/rotors_swift_gazebo': AMENT_PREFIX_PATH=/home/bhadha/pico_ws/install/rotors_swift_description:${AMENT_PREFIX_PATH} CMAKE_PREFIX_PATH=/home/bhadha/pico_ws/install/rotors_swift_description:/opt/ros/humble /usr/bin/cmake --install /home/bhadha/pico_ws/build/rotors_swift_gazebo
[3.431s] Level 1:colcon.colcon_core.environment:create_environment_scripts_only(rotors_swift_gazebo)
[3.432s] Level 1:colcon.colcon_core.environment:checking '/home/bhadha/pico_ws/install/rotors_swift_gazebo' for CMake module files
[3.434s] DEBUG:colcon.colcon_core.event_handler.log_command:Invoked command in '/home/bhadha/pico_ws/build/rotors_swift_gazebo' returned '0': AMENT_PREFIX_PATH=/home/bhadha/pico_ws/install/rotors_swift_description:${AMENT_PREFIX_PATH} CMAKE_PREFIX_PATH=/home/bhadha/pico_ws/install/rotors_swift_description:/opt/ros/humble /usr/bin/cmake --install /home/bhadha/pico_ws/build/rotors_swift_gazebo
[3.435s] Level 1:colcon.colcon_core.environment:checking '/home/bhadha/pico_ws/install/rotors_swift_gazebo' for CMake config files
[3.435s] Level 1:colcon.colcon_core.shell:create_environment_hook('rotors_swift_gazebo', 'cmake_prefix_path')
[3.436s] INFO:colcon.colcon_core.shell:Creating environment hook '/home/bhadha/pico_ws/install/rotors_swift_gazebo/share/rotors_swift_gazebo/hook/cmake_prefix_path.ps1'
[3.437s] INFO:colcon.colcon_core.shell:Creating environment descriptor '/home/bhadha/pico_ws/install/rotors_swift_gazebo/share/rotors_swift_gazebo/hook/cmake_prefix_path.dsv'
[3.438s] INFO:colcon.colcon_core.shell:Creating environment hook '/home/bhadha/pico_ws/install/rotors_swift_gazebo/share/rotors_swift_gazebo/hook/cmake_prefix_path.sh'
[3.439s] Level 1:colcon.colcon_core.environment:checking '/home/bhadha/pico_ws/install/rotors_swift_gazebo/bin'
[3.440s] Level 1:colcon.colcon_core.environment:checking '/home/bhadha/pico_ws/install/rotors_swift_gazebo/lib/pkgconfig/rotors_swift_gazebo.pc'
[3.440s] Level 1:colcon.colcon_core.environment:checking '/home/bhadha/pico_ws/install/rotors_swift_gazebo/lib/python3.10/site-packages'
[3.441s] Level 1:colcon.colcon_core.environment:checking '/home/bhadha/pico_ws/install/rotors_swift_gazebo/bin'
[3.442s] INFO:colcon.colcon_core.shell:Creating package script '/home/bhadha/pico_ws/install/rotors_swift_gazebo/share/rotors_swift_gazebo/package.ps1'
[3.444s] INFO:colcon.colcon_core.shell:Creating package descriptor '/home/bhadha/pico_ws/install/rotors_swift_gazebo/share/rotors_swift_gazebo/package.dsv'
[3.445s] INFO:colcon.colcon_core.shell:Creating package script '/home/bhadha/pico_ws/install/rotors_swift_gazebo/share/rotors_swift_gazebo/package.sh'
[3.446s] INFO:colcon.colcon_core.shell:Creating package script '/home/bhadha/pico_ws/install/rotors_swift_gazebo/share/rotors_swift_gazebo/package.bash'
[3.447s] INFO:colcon.colcon_core.shell:Creating package script '/home/bhadha/pico_ws/install/rotors_swift_gazebo/share/rotors_swift_gazebo/package.zsh'
[3.448s] Level 1:colcon.colcon_core.environment:create_file_with_runtime_dependencies(/home/bhadha/pico_ws/install/rotors_swift_gazebo/share/colcon-core/packages/rotors_swift_gazebo)
[3.450s] Level 1:colcon.colcon_core.environment:create_environment_scripts_only(rotors_swift_gazebo)
[3.451s] Level 1:colcon.colcon_core.environment:checking '/home/bhadha/pico_ws/install/rotors_swift_gazebo' for CMake module files
[3.452s] Level 1:colcon.colcon_core.environment:checking '/home/bhadha/pico_ws/install/rotors_swift_gazebo' for CMake config files
[3.453s] Level 1:colcon.colcon_core.shell:create_environment_hook('rotors_swift_gazebo', 'cmake_prefix_path')
[3.453s] INFO:colcon.colcon_core.shell:Creating environment hook '/home/bhadha/pico_ws/install/rotors_swift_gazebo/share/rotors_swift_gazebo/hook/cmake_prefix_path.ps1'
[3.455s] INFO:colcon.colcon_core.shell:Creating environment descriptor '/home/bhadha/pico_ws/install/rotors_swift_gazebo/share/rotors_swift_gazebo/hook/cmake_prefix_path.dsv'
[3.456s] INFO:colcon.colcon_core.shell:Creating environment hook '/home/bhadha/pico_ws/install/rotors_swift_gazebo/share/rotors_swift_gazebo/hook/cmake_prefix_path.sh'
[3.457s] Level 1:colcon.colcon_core.environment:checking '/home/bhadha/pico_ws/install/rotors_swift_gazebo/bin'
[3.458s] Level 1:colcon.colcon_core.environment:checking '/home/bhadha/pico_ws/install/rotors_swift_gazebo/lib/pkgconfig/rotors_swift_gazebo.pc'
[3.458s] Level 1:colcon.colcon_core.environment:checking '/home/bhadha/pico_ws/install/rotors_swift_gazebo/lib/python3.10/site-packages'
[3.459s] Level 1:colcon.colcon_core.environment:checking '/home/bhadha/pico_ws/install/rotors_swift_gazebo/bin'
[3.460s] INFO:colcon.colcon_core.shell:Creating package script '/home/bhadha/pico_ws/install/rotors_swift_gazebo/share/rotors_swift_gazebo/package.ps1'
[3.462s] INFO:colcon.colcon_core.shell:Creating package descriptor '/home/bhadha/pico_ws/install/rotors_swift_gazebo/share/rotors_swift_gazebo/package.dsv'
[3.464s] INFO:colcon.colcon_core.shell:Creating package script '/home/bhadha/pico_ws/install/rotors_swift_gazebo/share/rotors_swift_gazebo/package.sh'
[3.465s] INFO:colcon.colcon_core.shell:Creating package script '/home/bhadha/pico_ws/install/rotors_swift_gazebo/share/rotors_swift_gazebo/package.bash'
[3.466s] INFO:colcon.colcon_core.shell:Creating package script '/home/bhadha/pico_ws/install/rotors_swift_gazebo/share/rotors_swift_gazebo/package.zsh'
[3.467s] Level 1:colcon.colcon_core.environment:create_file_with_runtime_dependencies(/home/bhadha/pico_ws/install/rotors_swift_gazebo/share/colcon-core/packages/rotors_swift_gazebo)
[3.724s] DEBUG:colcon.colcon_core.event_handler.log_command:Invoked command in '/home/bhadha/pico_ws/build/mav_system_msgs' returned '0': CMAKE_PREFIX_PATH=/opt/ros/humble /usr/bin/cmake /home/bhadha/pico_ws/src/mav_comm/mav_system_msgs -DCMAKE_INSTALL_PREFIX=/home/bhadha/pico_ws/install/mav_system_msgs
[3.728s] DEBUG:colcon.colcon_core.event_handler.log_command:Invoking command in '/home/bhadha/pico_ws/build/mav_system_msgs': CMAKE_PREFIX_PATH=/opt/ros/humble /usr/bin/cmake --build /home/bhadha/pico_ws/build/mav_system_msgs -- -j12 -l12
[3.750s] DEBUG:colcon.colcon_core.event_handler.log_command:Invoked command in '/home/bhadha/pico_ws/build/swift_msgs' returned '0': CMAKE_PREFIX_PATH=/opt/ros/humble /usr/bin/cmake /home/bhadha/pico_ws/src/rotors_simulator/swift_msgs -DCMAKE_INSTALL_PREFIX=/home/bhadha/pico_ws/install/swift_msgs
[3.754s] DEBUG:colcon.colcon_core.event_handler.log_command:Invoking command in '/home/bhadha/pico_ws/build/swift_msgs': CMAKE_PREFIX_PATH=/opt/ros/humble /usr/bin/cmake --build /home/bhadha/pico_ws/build/swift_msgs -- -j12 -l12
[3.770s] DEBUG:colcon.colcon_core.event_handler.log_command:Invoked command in '/home/bhadha/pico_ws/build/mav_state_machine_msgs' returned '0': CMAKE_PREFIX_PATH=/opt/ros/humble /usr/bin/cmake /home/bhadha/pico_ws/src/mav_comm/mav_state_machine_msgs -DCMAKE_INSTALL_PREFIX=/home/bhadha/pico_ws/install/mav_state_machine_msgs
[3.774s] DEBUG:colcon.colcon_core.event_handler.log_command:Invoking command in '/home/bhadha/pico_ws/build/mav_state_machine_msgs': CMAKE_PREFIX_PATH=/opt/ros/humble /usr/bin/cmake --build /home/bhadha/pico_ws/build/mav_state_machine_msgs -- -j12 -l12
[4.283s] DEBUG:colcon.colcon_core.event_handler.log_command:Invoked command in '/home/bhadha/pico_ws/build/controller_msg' returned '0': CMAKE_PREFIX_PATH=/opt/ros/humble /usr/bin/cmake /home/bhadha/pico_ws/src/controller_tuner/controller_msg -DCMAKE_INSTALL_PREFIX=/home/bhadha/pico_ws/install/controller_msg
[4.290s] DEBUG:colcon.colcon_core.event_handler.log_command:Invoking command in '/home/bhadha/pico_ws/build/controller_msg': CMAKE_PREFIX_PATH=/opt/ros/humble /usr/bin/cmake --build /home/bhadha/pico_ws/build/controller_msg -- -j12 -l12
[4.741s] DEBUG:colcon.colcon_core.event_handler.log_command:Invoked command in '/home/bhadha/pico_ws/build/error_msg' returned '0': CMAKE_PREFIX_PATH=/opt/ros/humble /usr/bin/cmake /home/bhadha/pico_ws/src/controller_tuner/error_msg -DCMAKE_INSTALL_PREFIX=/home/bhadha/pico_ws/install/error_msg
[4.749s] DEBUG:colcon.colcon_core.event_handler.log_command:Invoking command in '/home/bhadha/pico_ws/build/error_msg': CMAKE_PREFIX_PATH=/opt/ros/humble /usr/bin/cmake --build /home/bhadha/pico_ws/build/error_msg -- -j12 -l12
[6.328s] DEBUG:colcon.colcon_core.event_handler.log_command:Invoked command in '/home/bhadha/pico_ws/build/whycode_interfaces' returned '0': CMAKE_PREFIX_PATH=/opt/ros/humble /usr/bin/cmake /home/bhadha/pico_ws/src/whycode-ros2/whycode-ros2-interfaces -DCMAKE_INSTALL_PREFIX=/home/bhadha/pico_ws/install/whycode_interfaces
[6.329s] DEBUG:colcon.colcon_core.event_handler.log_command:Invoking command in '/home/bhadha/pico_ws/build/whycode_interfaces': CMAKE_PREFIX_PATH=/opt/ros/humble /usr/bin/cmake --build /home/bhadha/pico_ws/build/whycode_interfaces -- -j12 -l12
[11.438s] DEBUG:colcon.colcon_core.event_handler.log_command:Invoked command in '/home/bhadha/pico_ws/build/mav_msgs' returned '0': CMAKE_PREFIX_PATH=/opt/ros/humble /usr/bin/cmake /home/bhadha/pico_ws/src/mav_comm/mav_msgs -DCMAKE_INSTALL_PREFIX=/home/bhadha/pico_ws/install/mav_msgs
[11.439s] DEBUG:colcon.colcon_core.event_handler.log_command:Invoking command in '/home/bhadha/pico_ws/build/mav_msgs': CMAKE_PREFIX_PATH=/opt/ros/humble /usr/bin/cmake --build /home/bhadha/pico_ws/build/mav_msgs -- -j12 -l12
[14.308s] DEBUG:colcon.colcon_core.event_handler.log_command:Invoked command in '/home/bhadha/pico_ws/build/mav_state_machine_msgs' returned '0': CMAKE_PREFIX_PATH=/opt/ros/humble /usr/bin/cmake --build /home/bhadha/pico_ws/build/mav_state_machine_msgs -- -j12 -l12
[14.320s] DEBUG:colcon.colcon_core.event_handler.log_command:Invoking command in '/home/bhadha/pico_ws/build/mav_state_machine_msgs': CMAKE_PREFIX_PATH=/opt/ros/humble /usr/bin/cmake --install /home/bhadha/pico_ws/build/mav_state_machine_msgs
[14.459s] Level 1:colcon.colcon_core.environment:create_environment_scripts_only(mav_state_machine_msgs)
[14.463s] Level 1:colcon.colcon_core.environment:checking '/home/bhadha/pico_ws/install/mav_state_machine_msgs' for CMake module files
[14.460s] DEBUG:colcon.colcon_core.event_handler.log_command:Invoked command in '/home/bhadha/pico_ws/build/mav_state_machine_msgs' returned '0': CMAKE_PREFIX_PATH=/opt/ros/humble /usr/bin/cmake --install /home/bhadha/pico_ws/build/mav_state_machine_msgs
[14.465s] Level 1:colcon.colcon_core.environment:checking '/home/bhadha/pico_ws/install/mav_state_machine_msgs' for CMake config files
[14.471s] Level 1:colcon.colcon_core.shell:create_environment_hook('mav_state_machine_msgs', 'cmake_prefix_path')
[14.472s] INFO:colcon.colcon_core.shell:Creating environment hook '/home/bhadha/pico_ws/install/mav_state_machine_msgs/share/mav_state_machine_msgs/hook/cmake_prefix_path.ps1'
[14.473s] INFO:colcon.colcon_core.shell:Creating environment descriptor '/home/bhadha/pico_ws/install/mav_state_machine_msgs/share/mav_state_machine_msgs/hook/cmake_prefix_path.dsv'
[14.478s] INFO:colcon.colcon_core.shell:Creating environment hook '/home/bhadha/pico_ws/install/mav_state_machine_msgs/share/mav_state_machine_msgs/hook/cmake_prefix_path.sh'
[14.479s] Level 1:colcon.colcon_core.environment:checking '/home/bhadha/pico_ws/install/mav_state_machine_msgs/lib'
[14.486s] Level 1:colcon.colcon_core.shell:create_environment_hook('mav_state_machine_msgs', 'ld_library_path_lib')
[14.487s] INFO:colcon.colcon_core.shell:Creating environment hook '/home/bhadha/pico_ws/install/mav_state_machine_msgs/share/mav_state_machine_msgs/hook/ld_library_path_lib.ps1'
[14.494s] INFO:colcon.colcon_core.shell:Creating environment descriptor '/home/bhadha/pico_ws/install/mav_state_machine_msgs/share/mav_state_machine_msgs/hook/ld_library_path_lib.dsv'
[14.495s] INFO:colcon.colcon_core.shell:Creating environment hook '/home/bhadha/pico_ws/install/mav_state_machine_msgs/share/mav_state_machine_msgs/hook/ld_library_path_lib.sh'
[14.500s] Level 1:colcon.colcon_core.environment:checking '/home/bhadha/pico_ws/install/mav_state_machine_msgs/bin'
[14.500s] Level 1:colcon.colcon_core.environment:checking '/home/bhadha/pico_ws/install/mav_state_machine_msgs/lib/pkgconfig/mav_state_machine_msgs.pc'
[14.501s] Level 1:colcon.colcon_core.environment:checking '/home/bhadha/pico_ws/install/mav_state_machine_msgs/lib/python3.10/site-packages'
[14.503s] Level 1:colcon.colcon_core.environment:checking '/home/bhadha/pico_ws/install/mav_state_machine_msgs/bin'
[14.507s] INFO:colcon.colcon_core.shell:Creating package script '/home/bhadha/pico_ws/install/mav_state_machine_msgs/share/mav_state_machine_msgs/package.ps1'
[14.512s] INFO:colcon.colcon_core.shell:Creating package descriptor '/home/bhadha/pico_ws/install/mav_state_machine_msgs/share/mav_state_machine_msgs/package.dsv'
[14.514s] INFO:colcon.colcon_core.shell:Creating package script '/home/bhadha/pico_ws/install/mav_state_machine_msgs/share/mav_state_machine_msgs/package.sh'
[14.519s] INFO:colcon.colcon_core.shell:Creating package script '/home/bhadha/pico_ws/install/mav_state_machine_msgs/share/mav_state_machine_msgs/package.bash'
[14.520s] INFO:colcon.colcon_core.shell:Creating package script '/home/bhadha/pico_ws/install/mav_state_machine_msgs/share/mav_state_machine_msgs/package.zsh'
[14.524s] Level 1:colcon.colcon_core.environment:create_file_with_runtime_dependencies(/home/bhadha/pico_ws/install/mav_state_machine_msgs/share/colcon-core/packages/mav_state_machine_msgs)
[14.527s] Level 1:colcon.colcon_core.environment:create_environment_scripts_only(mav_state_machine_msgs)
[14.531s] Level 1:colcon.colcon_core.environment:checking '/home/bhadha/pico_ws/install/mav_state_machine_msgs' for CMake module files
[14.535s] Level 1:colcon.colcon_core.environment:checking '/home/bhadha/pico_ws/install/mav_state_machine_msgs' for CMake config files
[14.536s] Level 1:colcon.colcon_core.shell:create_environment_hook('mav_state_machine_msgs', 'cmake_prefix_path')
[14.540s] INFO:colcon.colcon_core.shell:Creating environment hook '/home/bhadha/pico_ws/install/mav_state_machine_msgs/share/mav_state_machine_msgs/hook/cmake_prefix_path.ps1'
[14.542s] INFO:colcon.colcon_core.shell:Creating environment descriptor '/home/bhadha/pico_ws/install/mav_state_machine_msgs/share/mav_state_machine_msgs/hook/cmake_prefix_path.dsv'
[14.543s] INFO:colcon.colcon_core.shell:Creating environment hook '/home/bhadha/pico_ws/install/mav_state_machine_msgs/share/mav_state_machine_msgs/hook/cmake_prefix_path.sh'
[14.548s] Level 1:colcon.colcon_core.environment:checking '/home/bhadha/pico_ws/install/mav_state_machine_msgs/lib'
[14.548s] Level 1:colcon.colcon_core.shell:create_environment_hook('mav_state_machine_msgs', 'ld_library_path_lib')
[14.549s] INFO:colcon.colcon_core.shell:Creating environment hook '/home/bhadha/pico_ws/install/mav_state_machine_msgs/share/mav_state_machine_msgs/hook/ld_library_path_lib.ps1'
[14.554s] INFO:colcon.colcon_core.shell:Creating environment descriptor '/home/bhadha/pico_ws/install/mav_state_machine_msgs/share/mav_state_machine_msgs/hook/ld_library_path_lib.dsv'
[14.555s] INFO:colcon.colcon_core.shell:Creating environment hook '/home/bhadha/pico_ws/install/mav_state_machine_msgs/share/mav_state_machine_msgs/hook/ld_library_path_lib.sh'
[14.560s] Level 1:colcon.colcon_core.environment:checking '/home/bhadha/pico_ws/install/mav_state_machine_msgs/bin'
[14.560s] Level 1:colcon.colcon_core.environment:checking '/home/bhadha/pico_ws/install/mav_state_machine_msgs/lib/pkgconfig/mav_state_machine_msgs.pc'
[14.561s] Level 1:colcon.colcon_core.environment:checking '/home/bhadha/pico_ws/install/mav_state_machine_msgs/lib/python3.10/site-packages'
[14.563s] Level 1:colcon.colcon_core.environment:checking '/home/bhadha/pico_ws/install/mav_state_machine_msgs/bin'
[14.565s] INFO:colcon.colcon_core.shell:Creating package script '/home/bhadha/pico_ws/install/mav_state_machine_msgs/share/mav_state_machine_msgs/package.ps1'
[14.568s] INFO:colcon.colcon_core.shell:Creating package descriptor '/home/bhadha/pico_ws/install/mav_state_machine_msgs/share/mav_state_machine_msgs/package.dsv'
[14.569s] INFO:colcon.colcon_core.shell:Creating package script '/home/bhadha/pico_ws/install/mav_state_machine_msgs/share/mav_state_machine_msgs/package.sh'
[14.571s] INFO:colcon.colcon_core.shell:Creating package script '/home/bhadha/pico_ws/install/mav_state_machine_msgs/share/mav_state_machine_msgs/package.bash'
[14.573s] INFO:colcon.colcon_core.shell:Creating package script '/home/bhadha/pico_ws/install/mav_state_machine_msgs/share/mav_state_machine_msgs/package.zsh'
[14.574s] Level 1:colcon.colcon_core.environment:create_file_with_runtime_dependencies(/home/bhadha/pico_ws/install/mav_state_machine_msgs/share/colcon-core/packages/mav_state_machine_msgs)
[15.070s] DEBUG:colcon.colcon_core.event_handler.log_command:Invoked command in '/home/bhadha/pico_ws/build/mav_system_msgs' returned '0': CMAKE_PREFIX_PATH=/opt/ros/humble /usr/bin/cmake --build /home/bhadha/pico_ws/build/mav_system_msgs -- -j12 -l12
[15.073s] DEBUG:colcon.colcon_core.event_handler.log_command:Invoking command in '/home/bhadha/pico_ws/build/mav_system_msgs': CMAKE_PREFIX_PATH=/opt/ros/humble /usr/bin/cmake --install /home/bhadha/pico_ws/build/mav_system_msgs
[15.127s] Level 1:colcon.colcon_core.environment:create_environment_scripts_only(mav_system_msgs)
[15.128s] Level 1:colcon.colcon_core.environment:checking '/home/bhadha/pico_ws/install/mav_system_msgs' for CMake module files
[15.133s] Level 1:colcon.colcon_core.environment:checking '/home/bhadha/pico_ws/install/mav_system_msgs' for CMake config files
[15.133s] Level 1:colcon.colcon_core.shell:create_environment_hook('mav_system_msgs', 'cmake_prefix_path')
[15.134s] INFO:colcon.colcon_core.shell:Creating environment hook '/home/bhadha/pico_ws/install/mav_system_msgs/share/mav_system_msgs/hook/cmake_prefix_path.ps1'
[15.136s] INFO:colcon.colcon_core.shell:Creating environment descriptor '/home/bhadha/pico_ws/install/mav_system_msgs/share/mav_system_msgs/hook/cmake_prefix_path.dsv'
[15.141s] INFO:colcon.colcon_core.shell:Creating environment hook '/home/bhadha/pico_ws/install/mav_system_msgs/share/mav_system_msgs/hook/cmake_prefix_path.sh'
[15.143s] Level 1:colcon.colcon_core.environment:checking '/home/bhadha/pico_ws/install/mav_system_msgs/lib'
[15.146s] Level 1:colcon.colcon_core.shell:create_environment_hook('mav_system_msgs', 'ld_library_path_lib')
[15.147s] INFO:colcon.colcon_core.shell:Creating environment hook '/home/bhadha/pico_ws/install/mav_system_msgs/share/mav_system_msgs/hook/ld_library_path_lib.ps1'
[15.148s] INFO:colcon.colcon_core.shell:Creating environment descriptor '/home/bhadha/pico_ws/install/mav_system_msgs/share/mav_system_msgs/hook/ld_library_path_lib.dsv'
[15.149s] INFO:colcon.colcon_core.shell:Creating environment hook '/home/bhadha/pico_ws/install/mav_system_msgs/share/mav_system_msgs/hook/ld_library_path_lib.sh'
[15.151s] Level 1:colcon.colcon_core.environment:checking '/home/bhadha/pico_ws/install/mav_system_msgs/bin'
[15.154s] Level 1:colcon.colcon_core.environment:checking '/home/bhadha/pico_ws/install/mav_system_msgs/lib/pkgconfig/mav_system_msgs.pc'
[15.156s] Level 1:colcon.colcon_core.environment:checking '/home/bhadha/pico_ws/install/mav_system_msgs/lib/python3.10/site-packages'
[15.157s] DEBUG:colcon.colcon_core.event_handler.log_command:Invoked command in '/home/bhadha/pico_ws/build/mav_system_msgs' returned '0': CMAKE_PREFIX_PATH=/opt/ros/humble /usr/bin/cmake --install /home/bhadha/pico_ws/build/mav_system_msgs
[15.158s] Level 1:colcon.colcon_core.environment:checking '/home/bhadha/pico_ws/install/mav_system_msgs/bin'
[15.160s] INFO:colcon.colcon_core.shell:Creating package script '/home/bhadha/pico_ws/install/mav_system_msgs/share/mav_system_msgs/package.ps1'
[15.162s] INFO:colcon.colcon_core.shell:Creating package descriptor '/home/bhadha/pico_ws/install/mav_system_msgs/share/mav_system_msgs/package.dsv'
[15.164s] INFO:colcon.colcon_core.shell:Creating package script '/home/bhadha/pico_ws/install/mav_system_msgs/share/mav_system_msgs/package.sh'
[15.165s] INFO:colcon.colcon_core.shell:Creating package script '/home/bhadha/pico_ws/install/mav_system_msgs/share/mav_system_msgs/package.bash'
[15.166s] INFO:colcon.colcon_core.shell:Creating package script '/home/bhadha/pico_ws/install/mav_system_msgs/share/mav_system_msgs/package.zsh'
[15.167s] Level 1:colcon.colcon_core.environment:create_file_with_runtime_dependencies(/home/bhadha/pico_ws/install/mav_system_msgs/share/colcon-core/packages/mav_system_msgs)
[15.169s] Level 1:colcon.colcon_core.environment:create_environment_scripts_only(mav_system_msgs)
[15.170s] Level 1:colcon.colcon_core.environment:checking '/home/bhadha/pico_ws/install/mav_system_msgs' for CMake module files
[15.172s] Level 1:colcon.colcon_core.environment:checking '/home/bhadha/pico_ws/install/mav_system_msgs' for CMake config files
[15.173s] Level 1:colcon.colcon_core.shell:create_environment_hook('mav_system_msgs', 'cmake_prefix_path')
[15.173s] INFO:colcon.colcon_core.shell:Creating environment hook '/home/bhadha/pico_ws/install/mav_system_msgs/share/mav_system_msgs/hook/cmake_prefix_path.ps1'
[15.175s] INFO:colcon.colcon_core.shell:Creating environment descriptor '/home/bhadha/pico_ws/install/mav_system_msgs/share/mav_system_msgs/hook/cmake_prefix_path.dsv'
[15.176s] INFO:colcon.colcon_core.shell:Creating environment hook '/home/bhadha/pico_ws/install/mav_system_msgs/share/mav_system_msgs/hook/cmake_prefix_path.sh'
[15.178s] Level 1:colcon.colcon_core.environment:checking '/home/bhadha/pico_ws/install/mav_system_msgs/lib'
[15.178s] Level 1:colcon.colcon_core.shell:create_environment_hook('mav_system_msgs', 'ld_library_path_lib')
[15.179s] INFO:colcon.colcon_core.shell:Creating environment hook '/home/bhadha/pico_ws/install/mav_system_msgs/share/mav_system_msgs/hook/ld_library_path_lib.ps1'
[15.180s] INFO:colcon.colcon_core.shell:Creating environment descriptor '/home/bhadha/pico_ws/install/mav_system_msgs/share/mav_system_msgs/hook/ld_library_path_lib.dsv'
[15.181s] INFO:colcon.colcon_core.shell:Creating environment hook '/home/bhadha/pico_ws/install/mav_system_msgs/share/mav_system_msgs/hook/ld_library_path_lib.sh'
[15.182s] Level 1:colcon.colcon_core.environment:checking '/home/bhadha/pico_ws/install/mav_system_msgs/bin'
[15.182s] Level 1:colcon.colcon_core.environment:checking '/home/bhadha/pico_ws/install/mav_system_msgs/lib/pkgconfig/mav_system_msgs.pc'
[15.183s] Level 1:colcon.colcon_core.environment:checking '/home/bhadha/pico_ws/install/mav_system_msgs/lib/python3.10/site-packages'
[15.185s] Level 1:colcon.colcon_core.environment:checking '/home/bhadha/pico_ws/install/mav_system_msgs/bin'
[15.186s] INFO:colcon.colcon_core.shell:Creating package script '/home/bhadha/pico_ws/install/mav_system_msgs/share/mav_system_msgs/package.ps1'
[15.189s] INFO:colcon.colcon_core.shell:Creating package descriptor '/home/bhadha/pico_ws/install/mav_system_msgs/share/mav_system_msgs/package.dsv'
[15.191s] INFO:colcon.colcon_core.shell:Creating package script '/home/bhadha/pico_ws/install/mav_system_msgs/share/mav_system_msgs/package.sh'
[15.192s] INFO:colcon.colcon_core.shell:Creating package script '/home/bhadha/pico_ws/install/mav_system_msgs/share/mav_system_msgs/package.bash'
[15.193s] INFO:colcon.colcon_core.shell:Creating package script '/home/bhadha/pico_ws/install/mav_system_msgs/share/mav_system_msgs/package.zsh'
[15.195s] Level 1:colcon.colcon_core.environment:create_file_with_runtime_dependencies(/home/bhadha/pico_ws/install/mav_system_msgs/share/colcon-core/packages/mav_system_msgs)
[16.202s] DEBUG:colcon.colcon_core.event_handler.log_command:Invoked command in '/home/bhadha/pico_ws/build/swift_msgs' returned '0': CMAKE_PREFIX_PATH=/opt/ros/humble /usr/bin/cmake --build /home/bhadha/pico_ws/build/swift_msgs -- -j12 -l12
[16.210s] DEBUG:colcon.colcon_core.event_handler.log_command:Invoking command in '/home/bhadha/pico_ws/build/swift_msgs': CMAKE_PREFIX_PATH=/opt/ros/humble /usr/bin/cmake --install /home/bhadha/pico_ws/build/swift_msgs
[16.287s] DEBUG:colcon.colcon_core.event_handler.log_command:Invoked command in '/home/bhadha/pico_ws/build/controller_msg' returned '0': CMAKE_PREFIX_PATH=/opt/ros/humble /usr/bin/cmake --build /home/bhadha/pico_ws/build/controller_msg -- -j12 -l12
[16.301s] DEBUG:colcon.colcon_core.event_handler.log_command:Invoking command in '/home/bhadha/pico_ws/build/controller_msg': CMAKE_PREFIX_PATH=/opt/ros/humble /usr/bin/cmake --install /home/bhadha/pico_ws/build/controller_msg
[16.534s] Level 1:colcon.colcon_core.environment:create_environment_scripts_only(swift_msgs)
[16.535s] Level 1:colcon.colcon_core.environment:checking '/home/bhadha/pico_ws/install/swift_msgs' for CMake module files
[16.541s] Level 1:colcon.colcon_core.environment:checking '/home/bhadha/pico_ws/install/swift_msgs' for CMake config files
[16.543s] DEBUG:colcon.colcon_core.event_handler.log_command:Invoked command in '/home/bhadha/pico_ws/build/swift_msgs' returned '0': CMAKE_PREFIX_PATH=/opt/ros/humble /usr/bin/cmake --install /home/bhadha/pico_ws/build/swift_msgs
[16.551s] Level 1:colcon.colcon_core.shell:create_environment_hook('swift_msgs', 'cmake_prefix_path')
[16.552s] INFO:colcon.colcon_core.shell:Creating environment hook '/home/bhadha/pico_ws/install/swift_msgs/share/swift_msgs/hook/cmake_prefix_path.ps1'
[16.555s] INFO:colcon.colcon_core.shell:Creating environment descriptor '/home/bhadha/pico_ws/install/swift_msgs/share/swift_msgs/hook/cmake_prefix_path.dsv'
[16.557s] INFO:colcon.colcon_core.shell:Creating environment hook '/home/bhadha/pico_ws/install/swift_msgs/share/swift_msgs/hook/cmake_prefix_path.sh'
[16.559s] Level 1:colcon.colcon_core.environment:checking '/home/bhadha/pico_ws/install/swift_msgs/lib'
[16.560s] Level 1:colcon.colcon_core.shell:create_environment_hook('swift_msgs', 'ld_library_path_lib')
[16.561s] INFO:colcon.colcon_core.shell:Creating environment hook '/home/bhadha/pico_ws/install/swift_msgs/share/swift_msgs/hook/ld_library_path_lib.ps1'
[16.563s] INFO:colcon.colcon_core.shell:Creating environment descriptor '/home/bhadha/pico_ws/install/swift_msgs/share/swift_msgs/hook/ld_library_path_lib.dsv'
[16.563s] INFO:colcon.colcon_core.shell:Creating environment hook '/home/bhadha/pico_ws/install/swift_msgs/share/swift_msgs/hook/ld_library_path_lib.sh'
[16.564s] Level 1:colcon.colcon_core.environment:checking '/home/bhadha/pico_ws/install/swift_msgs/bin'
[16.564s] Level 1:colcon.colcon_core.environment:checking '/home/bhadha/pico_ws/install/swift_msgs/lib/pkgconfig/swift_msgs.pc'
[16.564s] Level 1:colcon.colcon_core.environment:checking '/home/bhadha/pico_ws/install/swift_msgs/lib/python3.10/site-packages'
[16.565s] Level 1:colcon.colcon_core.environment:checking '/home/bhadha/pico_ws/install/swift_msgs/bin'
[16.566s] INFO:colcon.colcon_core.shell:Creating package script '/home/bhadha/pico_ws/install/swift_msgs/share/swift_msgs/package.ps1'
[16.567s] INFO:colcon.colcon_core.shell:Creating package descriptor '/home/bhadha/pico_ws/install/swift_msgs/share/swift_msgs/package.dsv'
[16.569s] INFO:colcon.colcon_core.shell:Creating package script '/home/bhadha/pico_ws/install/swift_msgs/share/swift_msgs/package.sh'
[16.570s] INFO:colcon.colcon_core.shell:Creating package script '/home/bhadha/pico_ws/install/swift_msgs/share/swift_msgs/package.bash'
[16.571s] INFO:colcon.colcon_core.shell:Creating package script '/home/bhadha/pico_ws/install/swift_msgs/share/swift_msgs/package.zsh'
[16.571s] Level 1:colcon.colcon_core.environment:create_file_with_runtime_dependencies(/home/bhadha/pico_ws/install/swift_msgs/share/colcon-core/packages/swift_msgs)
[16.573s] Level 1:colcon.colcon_core.environment:create_environment_scripts_only(swift_msgs)
[16.574s] Level 1:colcon.colcon_core.environment:checking '/home/bhadha/pico_ws/install/swift_msgs' for CMake module files
[16.577s] Level 1:colcon.colcon_core.environment:checking '/home/bhadha/pico_ws/install/swift_msgs' for CMake config files
[16.579s] Level 1:colcon.colcon_core.shell:create_environment_hook('swift_msgs', 'cmake_prefix_path')
[16.579s] INFO:colcon.colcon_core.shell:Creating environment hook '/home/bhadha/pico_ws/install/swift_msgs/share/swift_msgs/hook/cmake_prefix_path.ps1'
[16.581s] INFO:colcon.colcon_core.shell:Creating environment descriptor '/home/bhadha/pico_ws/install/swift_msgs/share/swift_msgs/hook/cmake_prefix_path.dsv'
[16.582s] INFO:colcon.colcon_core.shell:Creating environment hook '/home/bhadha/pico_ws/install/swift_msgs/share/swift_msgs/hook/cmake_prefix_path.sh'
[16.585s] Level 1:colcon.colcon_core.environment:checking '/home/bhadha/pico_ws/install/swift_msgs/lib'
[16.585s] Level 1:colcon.colcon_core.shell:create_environment_hook('swift_msgs', 'ld_library_path_lib')
[16.586s] INFO:colcon.colcon_core.shell:Creating environment hook '/home/bhadha/pico_ws/install/swift_msgs/share/swift_msgs/hook/ld_library_path_lib.ps1'
[16.587s] INFO:colcon.colcon_core.shell:Creating environment descriptor '/home/bhadha/pico_ws/install/swift_msgs/share/swift_msgs/hook/ld_library_path_lib.dsv'
[16.588s] INFO:colcon.colcon_core.shell:Creating environment hook '/home/bhadha/pico_ws/install/swift_msgs/share/swift_msgs/hook/ld_library_path_lib.sh'
[16.590s] Level 1:colcon.colcon_core.environment:checking '/home/bhadha/pico_ws/install/swift_msgs/bin'
[16.590s] Level 1:colcon.colcon_core.environment:checking '/home/bhadha/pico_ws/install/swift_msgs/lib/pkgconfig/swift_msgs.pc'
[16.591s] Level 1:colcon.colcon_core.environment:checking '/home/bhadha/pico_ws/install/swift_msgs/lib/python3.10/site-packages'
[16.592s] Level 1:colcon.colcon_core.environment:checking '/home/bhadha/pico_ws/install/swift_msgs/bin'
[16.593s] INFO:colcon.colcon_core.shell:Creating package script '/home/bhadha/pico_ws/install/swift_msgs/share/swift_msgs/package.ps1'
[16.596s] INFO:colcon.colcon_core.shell:Creating package descriptor '/home/bhadha/pico_ws/install/swift_msgs/share/swift_msgs/package.dsv'
[16.597s] INFO:colcon.colcon_core.shell:Creating package script '/home/bhadha/pico_ws/install/swift_msgs/share/swift_msgs/package.sh'
[16.599s] INFO:colcon.colcon_core.shell:Creating package script '/home/bhadha/pico_ws/install/swift_msgs/share/swift_msgs/package.bash'
[16.601s] INFO:colcon.colcon_core.shell:Creating package script '/home/bhadha/pico_ws/install/swift_msgs/share/swift_msgs/package.zsh'
[16.602s] Level 1:colcon.colcon_core.environment:create_file_with_runtime_dependencies(/home/bhadha/pico_ws/install/swift_msgs/share/colcon-core/packages/swift_msgs)
[16.610s] Level 1:colcon.colcon_core.environment:create_environment_scripts_only(controller_msg)
[16.611s] Level 1:colcon.colcon_core.environment:checking '/home/bhadha/pico_ws/install/controller_msg' for CMake module files
[16.612s] DEBUG:colcon.colcon_core.event_handler.log_command:Invoked command in '/home/bhadha/pico_ws/build/controller_msg' returned '0': CMAKE_PREFIX_PATH=/opt/ros/humble /usr/bin/cmake --install /home/bhadha/pico_ws/build/controller_msg
[16.614s] Level 1:colcon.colcon_core.environment:checking '/home/bhadha/pico_ws/install/controller_msg' for CMake config files
[16.615s] Level 1:colcon.colcon_core.shell:create_environment_hook('controller_msg', 'cmake_prefix_path')
[16.616s] INFO:colcon.colcon_core.shell:Creating environment hook '/home/bhadha/pico_ws/install/controller_msg/share/controller_msg/hook/cmake_prefix_path.ps1'
[16.617s] INFO:colcon.colcon_core.shell:Creating environment descriptor '/home/bhadha/pico_ws/install/controller_msg/share/controller_msg/hook/cmake_prefix_path.dsv'
[16.620s] INFO:colcon.colcon_core.shell:Creating environment hook '/home/bhadha/pico_ws/install/controller_msg/share/controller_msg/hook/cmake_prefix_path.sh'
[16.622s] Level 1:colcon.colcon_core.environment:checking '/home/bhadha/pico_ws/install/controller_msg/lib'
[16.622s] Level 1:colcon.colcon_core.shell:create_environment_hook('controller_msg', 'ld_library_path_lib')
[16.623s] INFO:colcon.colcon_core.shell:Creating environment hook '/home/bhadha/pico_ws/install/controller_msg/share/controller_msg/hook/ld_library_path_lib.ps1'
[16.626s] INFO:colcon.colcon_core.shell:Creating environment descriptor '/home/bhadha/pico_ws/install/controller_msg/share/controller_msg/hook/ld_library_path_lib.dsv'
[16.627s] INFO:colcon.colcon_core.shell:Creating environment hook '/home/bhadha/pico_ws/install/controller_msg/share/controller_msg/hook/ld_library_path_lib.sh'
[16.628s] Level 1:colcon.colcon_core.environment:checking '/home/bhadha/pico_ws/install/controller_msg/bin'
[16.628s] Level 1:colcon.colcon_core.environment:checking '/home/bhadha/pico_ws/install/controller_msg/lib/pkgconfig/controller_msg.pc'
[16.629s] Level 1:colcon.colcon_core.environment:checking '/home/bhadha/pico_ws/install/controller_msg/lib/python3.10/site-packages'
[16.630s] Level 1:colcon.colcon_core.environment:checking '/home/bhadha/pico_ws/install/controller_msg/bin'
[16.632s] INFO:colcon.colcon_core.shell:Creating package script '/home/bhadha/pico_ws/install/controller_msg/share/controller_msg/package.ps1'
[16.634s] INFO:colcon.colcon_core.shell:Creating package descriptor '/home/bhadha/pico_ws/install/controller_msg/share/controller_msg/package.dsv'
[16.635s] INFO:colcon.colcon_core.shell:Creating package script '/home/bhadha/pico_ws/install/controller_msg/share/controller_msg/package.sh'
[16.637s] INFO:colcon.colcon_core.shell:Creating package script '/home/bhadha/pico_ws/install/controller_msg/share/controller_msg/package.bash'
[16.638s] INFO:colcon.colcon_core.shell:Creating package script '/home/bhadha/pico_ws/install/controller_msg/share/controller_msg/package.zsh'
[16.639s] Level 1:colcon.colcon_core.environment:create_file_with_runtime_dependencies(/home/bhadha/pico_ws/install/controller_msg/share/colcon-core/packages/controller_msg)
[16.642s] Level 1:colcon.colcon_core.environment:create_environment_scripts_only(controller_msg)
[16.643s] Level 1:colcon.colcon_core.environment:checking '/home/bhadha/pico_ws/install/controller_msg' for CMake module files
[16.645s] Level 1:colcon.colcon_core.environment:checking '/home/bhadha/pico_ws/install/controller_msg' for CMake config files
[16.647s] Level 1:colcon.colcon_core.shell:create_environment_hook('controller_msg', 'cmake_prefix_path')
[16.648s] INFO:colcon.colcon_core.shell:Creating environment hook '/home/bhadha/pico_ws/install/controller_msg/share/controller_msg/hook/cmake_prefix_path.ps1'
[16.650s] INFO:colcon.colcon_core.shell:Creating environment descriptor '/home/bhadha/pico_ws/install/controller_msg/share/controller_msg/hook/cmake_prefix_path.dsv'
[16.651s] INFO:colcon.colcon_core.shell:Creating environment hook '/home/bhadha/pico_ws/install/controller_msg/share/controller_msg/hook/cmake_prefix_path.sh'
[16.653s] Level 1:colcon.colcon_core.environment:checking '/home/bhadha/pico_ws/install/controller_msg/lib'
[16.653s] Level 1:colcon.colcon_core.shell:create_environment_hook('controller_msg', 'ld_library_path_lib')
[16.654s] INFO:colcon.colcon_core.shell:Creating environment hook '/home/bhadha/pico_ws/install/controller_msg/share/controller_msg/hook/ld_library_path_lib.ps1'
[16.656s] INFO:colcon.colcon_core.shell:Creating environment descriptor '/home/bhadha/pico_ws/install/controller_msg/share/controller_msg/hook/ld_library_path_lib.dsv'
[16.657s] INFO:colcon.colcon_core.shell:Creating environment hook '/home/bhadha/pico_ws/install/controller_msg/share/controller_msg/hook/ld_library_path_lib.sh'
[16.658s] Level 1:colcon.colcon_core.environment:checking '/home/bhadha/pico_ws/install/controller_msg/bin'
[16.659s] Level 1:colcon.colcon_core.environment:checking '/home/bhadha/pico_ws/install/controller_msg/lib/pkgconfig/controller_msg.pc'
[16.659s] Level 1:colcon.colcon_core.environment:checking '/home/bhadha/pico_ws/install/controller_msg/lib/python3.10/site-packages'
[16.661s] Level 1:colcon.colcon_core.environment:checking '/home/bhadha/pico_ws/install/controller_msg/bin'
[16.662s] INFO:colcon.colcon_core.shell:Creating package script '/home/bhadha/pico_ws/install/controller_msg/share/controller_msg/package.ps1'
[16.665s] INFO:colcon.colcon_core.shell:Creating package descriptor '/home/bhadha/pico_ws/install/controller_msg/share/controller_msg/package.dsv'
[16.667s] INFO:colcon.colcon_core.shell:Creating package script '/home/bhadha/pico_ws/install/controller_msg/share/controller_msg/package.sh'
[16.669s] INFO:colcon.colcon_core.shell:Creating package script '/home/bhadha/pico_ws/install/controller_msg/share/controller_msg/package.bash'
[16.671s] INFO:colcon.colcon_core.shell:Creating package script '/home/bhadha/pico_ws/install/controller_msg/share/controller_msg/package.zsh'
[16.673s] Level 1:colcon.colcon_core.environment:create_file_with_runtime_dependencies(/home/bhadha/pico_ws/install/controller_msg/share/colcon-core/packages/controller_msg)
[16.828s] DEBUG:colcon.colcon_core.event_handler.log_command:Invoked command in '/home/bhadha/pico_ws/build/error_msg' returned '0': CMAKE_PREFIX_PATH=/opt/ros/humble /usr/bin/cmake --build /home/bhadha/pico_ws/build/error_msg -- -j12 -l12
[16.831s] DEBUG:colcon.colcon_core.event_handler.log_command:Invoking command in '/home/bhadha/pico_ws/build/error_msg': CMAKE_PREFIX_PATH=/opt/ros/humble /usr/bin/cmake --install /home/bhadha/pico_ws/build/error_msg
[16.978s] Level 1:colcon.colcon_core.environment:create_environment_scripts_only(error_msg)
[16.978s] Level 1:colcon.colcon_core.environment:checking '/home/bhadha/pico_ws/install/error_msg' for CMake module files
[16.979s] DEBUG:colcon.colcon_core.event_handler.log_command:Invoked command in '/home/bhadha/pico_ws/build/error_msg' returned '0': CMAKE_PREFIX_PATH=/opt/ros/humble /usr/bin/cmake --install /home/bhadha/pico_ws/build/error_msg
[16.980s] Level 1:colcon.colcon_core.environment:checking '/home/bhadha/pico_ws/install/error_msg' for CMake config files
[16.981s] Level 1:colcon.colcon_core.shell:create_environment_hook('error_msg', 'cmake_prefix_path')
[16.981s] INFO:colcon.colcon_core.shell:Creating environment hook '/home/bhadha/pico_ws/install/error_msg/share/error_msg/hook/cmake_prefix_path.ps1'
[16.982s] INFO:colcon.colcon_core.shell:Creating environment descriptor '/home/bhadha/pico_ws/install/error_msg/share/error_msg/hook/cmake_prefix_path.dsv'
[16.983s] INFO:colcon.colcon_core.shell:Creating environment hook '/home/bhadha/pico_ws/install/error_msg/share/error_msg/hook/cmake_prefix_path.sh'
[16.984s] Level 1:colcon.colcon_core.environment:checking '/home/bhadha/pico_ws/install/error_msg/lib'
[16.984s] Level 1:colcon.colcon_core.shell:create_environment_hook('error_msg', 'ld_library_path_lib')
[16.985s] INFO:colcon.colcon_core.shell:Creating environment hook '/home/bhadha/pico_ws/install/error_msg/share/error_msg/hook/ld_library_path_lib.ps1'
[16.985s] INFO:colcon.colcon_core.shell:Creating environment descriptor '/home/bhadha/pico_ws/install/error_msg/share/error_msg/hook/ld_library_path_lib.dsv'
[16.986s] INFO:colcon.colcon_core.shell:Creating environment hook '/home/bhadha/pico_ws/install/error_msg/share/error_msg/hook/ld_library_path_lib.sh'
[16.987s] Level 1:colcon.colcon_core.environment:checking '/home/bhadha/pico_ws/install/error_msg/bin'
[16.987s] Level 1:colcon.colcon_core.environment:checking '/home/bhadha/pico_ws/install/error_msg/lib/pkgconfig/error_msg.pc'
[16.987s] Level 1:colcon.colcon_core.environment:checking '/home/bhadha/pico_ws/install/error_msg/lib/python3.10/site-packages'
[16.988s] Level 1:colcon.colcon_core.environment:checking '/home/bhadha/pico_ws/install/error_msg/bin'
[16.988s] INFO:colcon.colcon_core.shell:Creating package script '/home/bhadha/pico_ws/install/error_msg/share/error_msg/package.ps1'
[16.990s] INFO:colcon.colcon_core.shell:Creating package descriptor '/home/bhadha/pico_ws/install/error_msg/share/error_msg/package.dsv'
[16.991s] INFO:colcon.colcon_core.shell:Creating package script '/home/bhadha/pico_ws/install/error_msg/share/error_msg/package.sh'
[16.991s] INFO:colcon.colcon_core.shell:Creating package script '/home/bhadha/pico_ws/install/error_msg/share/error_msg/package.bash'
[16.992s] INFO:colcon.colcon_core.shell:Creating package script '/home/bhadha/pico_ws/install/error_msg/share/error_msg/package.zsh'
[16.993s] Level 1:colcon.colcon_core.environment:create_file_with_runtime_dependencies(/home/bhadha/pico_ws/install/error_msg/share/colcon-core/packages/error_msg)
[16.994s] Level 1:colcon.colcon_core.environment:create_environment_scripts_only(error_msg)
[16.994s] Level 1:colcon.colcon_core.environment:checking '/home/bhadha/pico_ws/install/error_msg' for CMake module files
[16.995s] Level 1:colcon.colcon_core.environment:checking '/home/bhadha/pico_ws/install/error_msg' for CMake config files
[16.996s] Level 1:colcon.colcon_core.shell:create_environment_hook('error_msg', 'cmake_prefix_path')
[16.997s] INFO:colcon.colcon_core.shell:Creating environment hook '/home/bhadha/pico_ws/install/error_msg/share/error_msg/hook/cmake_prefix_path.ps1'
[16.998s] INFO:colcon.colcon_core.shell:Creating environment descriptor '/home/bhadha/pico_ws/install/error_msg/share/error_msg/hook/cmake_prefix_path.dsv'
[16.998s] INFO:colcon.colcon_core.shell:Creating environment hook '/home/bhadha/pico_ws/install/error_msg/share/error_msg/hook/cmake_prefix_path.sh'
[16.999s] Level 1:colcon.colcon_core.environment:checking '/home/bhadha/pico_ws/install/error_msg/lib'
[16.999s] Level 1:colcon.colcon_core.shell:create_environment_hook('error_msg', 'ld_library_path_lib')
[17.000s] INFO:colcon.colcon_core.shell:Creating environment hook '/home/bhadha/pico_ws/install/error_msg/share/error_msg/hook/ld_library_path_lib.ps1'
[17.001s] INFO:colcon.colcon_core.shell:Creating environment descriptor '/home/bhadha/pico_ws/install/error_msg/share/error_msg/hook/ld_library_path_lib.dsv'
[17.001s] INFO:colcon.colcon_core.shell:Creating environment hook '/home/bhadha/pico_ws/install/error_msg/share/error_msg/hook/ld_library_path_lib.sh'
[17.002s] Level 1:colcon.colcon_core.environment:checking '/home/bhadha/pico_ws/install/error_msg/bin'
[17.002s] Level 1:colcon.colcon_core.environment:checking '/home/bhadha/pico_ws/install/error_msg/lib/pkgconfig/error_msg.pc'
[17.003s] Level 1:colcon.colcon_core.environment:checking '/home/bhadha/pico_ws/install/error_msg/lib/python3.10/site-packages'
[17.003s] Level 1:colcon.colcon_core.environment:checking '/home/bhadha/pico_ws/install/error_msg/bin'
[17.004s] INFO:colcon.colcon_core.shell:Creating package script '/home/bhadha/pico_ws/install/error_msg/share/error_msg/package.ps1'
[17.005s] INFO:colcon.colcon_core.shell:Creating package descriptor '/home/bhadha/pico_ws/install/error_msg/share/error_msg/package.dsv'
[17.006s] INFO:colcon.colcon_core.shell:Creating package script '/home/bhadha/pico_ws/install/error_msg/share/error_msg/package.sh'
[17.007s] INFO:colcon.colcon_core.shell:Creating package script '/home/bhadha/pico_ws/install/error_msg/share/error_msg/package.bash'
[17.008s] INFO:colcon.colcon_core.shell:Creating package script '/home/bhadha/pico_ws/install/error_msg/share/error_msg/package.zsh'
[17.009s] Level 1:colcon.colcon_core.environment:create_file_with_runtime_dependencies(/home/bhadha/pico_ws/install/error_msg/share/colcon-core/packages/error_msg)
[17.010s] INFO:colcon.colcon_ros.task.ament_cmake.build:Building ROS package in '/home/bhadha/pico_ws/src/controller_tuner/pid_tune' with build type 'ament_cmake'
[17.010s] INFO:colcon.colcon_cmake.task.cmake.build:Building CMake package in '/home/bhadha/pico_ws/src/controller_tuner/pid_tune'
[17.010s] INFO:colcon.colcon_core.shell:Skip shell extension 'powershell' for command environment: Not usable outside of PowerShell
[17.011s] DEBUG:colcon.colcon_core.shell:Skip shell extension 'dsv' for command environment
[17.034s] DEBUG:colcon.colcon_core.event_handler.log_command:Invoking command in '/home/bhadha/pico_ws/build/pid_tune': AMENT_PREFIX_PATH=/home/bhadha/pico_ws/install/error_msg:/home/bhadha/pico_ws/install/controller_msg:${AMENT_PREFIX_PATH} CMAKE_PREFIX_PATH=/home/bhadha/pico_ws/install/error_msg:/home/bhadha/pico_ws/install/controller_msg:/opt/ros/humble LD_LIBRARY_PATH=/home/bhadha/pico_ws/install/error_msg/lib:/home/bhadha/pico_ws/install/controller_msg/lib:${LD_LIBRARY_PATH} PYTHONPATH=/home/bhadha/pico_ws/install/error_msg/local/lib/python3.10/dist-packages:/home/bhadha/pico_ws/install/controller_msg/local/lib/python3.10/dist-packages:${PYTHONPATH} /usr/bin/cmake /home/bhadha/pico_ws/src/controller_tuner/pid_tune -DCMAKE_INSTALL_PREFIX=/home/bhadha/pico_ws/install/pid_tune
[20.340s] DEBUG:colcon.colcon_core.event_handler.log_command:Invoked command in '/home/bhadha/pico_ws/build/pid_tune' returned '0': AMENT_PREFIX_PATH=/home/bhadha/pico_ws/install/error_msg:/home/bhadha/pico_ws/install/controller_msg:${AMENT_PREFIX_PATH} CMAKE_PREFIX_PATH=/home/bhadha/pico_ws/install/error_msg:/home/bhadha/pico_ws/install/controller_msg:/opt/ros/humble LD_LIBRARY_PATH=/home/bhadha/pico_ws/install/error_msg/lib:/home/bhadha/pico_ws/install/controller_msg/lib:${LD_LIBRARY_PATH} PYTHONPATH=/home/bhadha/pico_ws/install/error_msg/local/lib/python3.10/dist-packages:/home/bhadha/pico_ws/install/controller_msg/local/lib/python3.10/dist-packages:${PYTHONPATH} /usr/bin/cmake /home/bhadha/pico_ws/src/controller_tuner/pid_tune -DCMAKE_INSTALL_PREFIX=/home/bhadha/pico_ws/install/pid_tune
[20.353s] DEBUG:colcon.colcon_core.event_handler.log_command:Invoking command in '/home/bhadha/pico_ws/build/pid_tune': AMENT_PREFIX_PATH=/home/bhadha/pico_ws/install/error_msg:/home/bhadha/pico_ws/install/controller_msg:${AMENT_PREFIX_PATH} CMAKE_PREFIX_PATH=/home/bhadha/pico_ws/install/error_msg:/home/bhadha/pico_ws/install/controller_msg:/opt/ros/humble LD_LIBRARY_PATH=/home/bhadha/pico_ws/install/error_msg/lib:/home/bhadha/pico_ws/install/controller_msg/lib:${LD_LIBRARY_PATH} PYTHONPATH=/home/bhadha/pico_ws/install/error_msg/local/lib/python3.10/dist-packages:/home/bhadha/pico_ws/install/controller_msg/local/lib/python3.10/dist-packages:${PYTHONPATH} /usr/bin/cmake --build /home/bhadha/pico_ws/build/pid_tune -- -j12 -l12
[20.589s] DEBUG:colcon.colcon_core.event_handler.log_command:Invoked command in '/home/bhadha/pico_ws/build/pid_tune' returned '0': AMENT_PREFIX_PATH=/home/bhadha/pico_ws/install/error_msg:/home/bhadha/pico_ws/install/controller_msg:${AMENT_PREFIX_PATH} CMAKE_PREFIX_PATH=/home/bhadha/pico_ws/install/error_msg:/home/bhadha/pico_ws/install/controller_msg:/opt/ros/humble LD_LIBRARY_PATH=/home/bhadha/pico_ws/install/error_msg/lib:/home/bhadha/pico_ws/install/controller_msg/lib:${LD_LIBRARY_PATH} PYTHONPATH=/home/bhadha/pico_ws/install/error_msg/local/lib/python3.10/dist-packages:/home/bhadha/pico_ws/install/controller_msg/local/lib/python3.10/dist-packages:${PYTHONPATH} /usr/bin/cmake --build /home/bhadha/pico_ws/build/pid_tune -- -j12 -l12
[20.601s] DEBUG:colcon.colcon_core.event_handler.log_command:Invoking command in '/home/bhadha/pico_ws/build/pid_tune': AMENT_PREFIX_PATH=/home/bhadha/pico_ws/install/error_msg:/home/bhadha/pico_ws/install/controller_msg:${AMENT_PREFIX_PATH} CMAKE_PREFIX_PATH=/home/bhadha/pico_ws/install/error_msg:/home/bhadha/pico_ws/install/controller_msg:/opt/ros/humble LD_LIBRARY_PATH=/home/bhadha/pico_ws/install/error_msg/lib:/home/bhadha/pico_ws/install/controller_msg/lib:${LD_LIBRARY_PATH} PYTHONPATH=/home/bhadha/pico_ws/install/error_msg/local/lib/python3.10/dist-packages:/home/bhadha/pico_ws/install/controller_msg/local/lib/python3.10/dist-packages:${PYTHONPATH} /usr/bin/cmake --install /home/bhadha/pico_ws/build/pid_tune
[20.678s] Level 1:colcon.colcon_core.environment:create_environment_scripts_only(pid_tune)
[20.679s] Level 1:colcon.colcon_core.environment:checking '/home/bhadha/pico_ws/install/pid_tune' for CMake module files
[20.684s] DEBUG:colcon.colcon_core.event_handler.log_command:Invoked command in '/home/bhadha/pico_ws/build/pid_tune' returned '0': AMENT_PREFIX_PATH=/home/bhadha/pico_ws/install/error_msg:/home/bhadha/pico_ws/install/controller_msg:${AMENT_PREFIX_PATH} CMAKE_PREFIX_PATH=/home/bhadha/pico_ws/install/error_msg:/home/bhadha/pico_ws/install/controller_msg:/opt/ros/humble LD_LIBRARY_PATH=/home/bhadha/pico_ws/install/error_msg/lib:/home/bhadha/pico_ws/install/controller_msg/lib:${LD_LIBRARY_PATH} PYTHONPATH=/home/bhadha/pico_ws/install/error_msg/local/lib/python3.10/dist-packages:/home/bhadha/pico_ws/install/controller_msg/local/lib/python3.10/dist-packages:${PYTHONPATH} /usr/bin/cmake --install /home/bhadha/pico_ws/build/pid_tune
[20.684s] Level 1:colcon.colcon_core.environment:checking '/home/bhadha/pico_ws/install/pid_tune' for CMake config files
[20.685s] Level 1:colcon.colcon_core.shell:create_environment_hook('pid_tune', 'cmake_prefix_path')
[20.686s] INFO:colcon.colcon_core.shell:Creating environment hook '/home/bhadha/pico_ws/install/pid_tune/share/pid_tune/hook/cmake_prefix_path.ps1'
[20.692s] INFO:colcon.colcon_core.shell:Creating environment descriptor '/home/bhadha/pico_ws/install/pid_tune/share/pid_tune/hook/cmake_prefix_path.dsv'
[20.693s] INFO:colcon.colcon_core.shell:Creating environment hook '/home/bhadha/pico_ws/install/pid_tune/share/pid_tune/hook/cmake_prefix_path.sh'
[20.698s] Level 1:colcon.colcon_core.environment:checking '/home/bhadha/pico_ws/install/pid_tune/lib'
[20.699s] Level 1:colcon.colcon_core.environment:checking '/home/bhadha/pico_ws/install/pid_tune/bin'
[20.699s] Level 1:colcon.colcon_core.environment:checking '/home/bhadha/pico_ws/install/pid_tune/lib/pkgconfig/pid_tune.pc'
[20.700s] Level 1:colcon.colcon_core.environment:checking '/home/bhadha/pico_ws/install/pid_tune/lib/python3.10/site-packages'
[20.704s] Level 1:colcon.colcon_core.environment:checking '/home/bhadha/pico_ws/install/pid_tune/bin'
[20.706s] INFO:colcon.colcon_core.shell:Creating package script '/home/bhadha/pico_ws/install/pid_tune/share/pid_tune/package.ps1'
[20.714s] INFO:colcon.colcon_core.shell:Creating package descriptor '/home/bhadha/pico_ws/install/pid_tune/share/pid_tune/package.dsv'
[20.716s] INFO:colcon.colcon_core.shell:Creating package script '/home/bhadha/pico_ws/install/pid_tune/share/pid_tune/package.sh'
[20.720s] INFO:colcon.colcon_core.shell:Creating package script '/home/bhadha/pico_ws/install/pid_tune/share/pid_tune/package.bash'
[20.722s] INFO:colcon.colcon_core.shell:Creating package script '/home/bhadha/pico_ws/install/pid_tune/share/pid_tune/package.zsh'
[20.727s] Level 1:colcon.colcon_core.environment:create_file_with_runtime_dependencies(/home/bhadha/pico_ws/install/pid_tune/share/colcon-core/packages/pid_tune)
[20.729s] Level 1:colcon.colcon_core.environment:create_environment_scripts_only(pid_tune)
[20.730s] Level 1:colcon.colcon_core.environment:checking '/home/bhadha/pico_ws/install/pid_tune' for CMake module files
[20.732s] Level 1:colcon.colcon_core.environment:checking '/home/bhadha/pico_ws/install/pid_tune' for CMake config files
[20.736s] Level 1:colcon.colcon_core.shell:create_environment_hook('pid_tune', 'cmake_prefix_path')
[20.737s] INFO:colcon.colcon_core.shell:Creating environment hook '/home/bhadha/pico_ws/install/pid_tune/share/pid_tune/hook/cmake_prefix_path.ps1'
[20.738s] INFO:colcon.colcon_core.shell:Creating environment descriptor '/home/bhadha/pico_ws/install/pid_tune/share/pid_tune/hook/cmake_prefix_path.dsv'
[20.743s] INFO:colcon.colcon_core.shell:Creating environment hook '/home/bhadha/pico_ws/install/pid_tune/share/pid_tune/hook/cmake_prefix_path.sh'
[20.749s] Level 1:colcon.colcon_core.environment:checking '/home/bhadha/pico_ws/install/pid_tune/lib'
[20.749s] Level 1:colcon.colcon_core.environment:checking '/home/bhadha/pico_ws/install/pid_tune/bin'
[20.749s] Level 1:colcon.colcon_core.environment:checking '/home/bhadha/pico_ws/install/pid_tune/lib/pkgconfig/pid_tune.pc'
[20.750s] Level 1:colcon.colcon_core.environment:checking '/home/bhadha/pico_ws/install/pid_tune/lib/python3.10/site-packages'
[20.752s] Level 1:colcon.colcon_core.environment:checking '/home/bhadha/pico_ws/install/pid_tune/bin'
[20.756s] INFO:colcon.colcon_core.shell:Creating package script '/home/bhadha/pico_ws/install/pid_tune/share/pid_tune/package.ps1'
[20.762s] INFO:colcon.colcon_core.shell:Creating package descriptor '/home/bhadha/pico_ws/install/pid_tune/share/pid_tune/package.dsv'
[20.767s] INFO:colcon.colcon_core.shell:Creating package script '/home/bhadha/pico_ws/install/pid_tune/share/pid_tune/package.sh'
[20.769s] INFO:colcon.colcon_core.shell:Creating package script '/home/bhadha/pico_ws/install/pid_tune/share/pid_tune/package.bash'
[20.774s] INFO:colcon.colcon_core.shell:Creating package script '/home/bhadha/pico_ws/install/pid_tune/share/pid_tune/package.zsh'
[20.779s] Level 1:colcon.colcon_core.environment:create_file_with_runtime_dependencies(/home/bhadha/pico_ws/install/pid_tune/share/colcon-core/packages/pid_tune)
[31.108s] DEBUG:colcon.colcon_core.event_handler.log_command:Invoked command in '/home/bhadha/pico_ws/build/whycode_interfaces' returned '0': CMAKE_PREFIX_PATH=/opt/ros/humble /usr/bin/cmake --build /home/bhadha/pico_ws/build/whycode_interfaces -- -j12 -l12
[31.110s] DEBUG:colcon.colcon_core.event_handler.log_command:Invoking command in '/home/bhadha/pico_ws/build/whycode_interfaces': CMAKE_PREFIX_PATH=/opt/ros/humble /usr/bin/cmake --install /home/bhadha/pico_ws/build/whycode_interfaces
[31.219s] Level 1:colcon.colcon_core.environment:create_environment_scripts_only(whycode_interfaces)
[31.220s] Level 1:colcon.colcon_core.environment:checking '/home/bhadha/pico_ws/install/whycode_interfaces' for CMake module files
[31.220s] DEBUG:colcon.colcon_core.event_handler.log_command:Invoked command in '/home/bhadha/pico_ws/build/whycode_interfaces' returned '0': CMAKE_PREFIX_PATH=/opt/ros/humble /usr/bin/cmake --install /home/bhadha/pico_ws/build/whycode_interfaces
[31.221s] Level 1:colcon.colcon_core.environment:checking '/home/bhadha/pico_ws/install/whycode_interfaces' for CMake config files
[31.221s] Level 1:colcon.colcon_core.shell:create_environment_hook('whycode_interfaces', 'cmake_prefix_path')
[31.222s] INFO:colcon.colcon_core.shell:Creating environment hook '/home/bhadha/pico_ws/install/whycode_interfaces/share/whycode_interfaces/hook/cmake_prefix_path.ps1'
[31.222s] INFO:colcon.colcon_core.shell:Creating environment descriptor '/home/bhadha/pico_ws/install/whycode_interfaces/share/whycode_interfaces/hook/cmake_prefix_path.dsv'
[31.222s] INFO:colcon.colcon_core.shell:Creating environment hook '/home/bhadha/pico_ws/install/whycode_interfaces/share/whycode_interfaces/hook/cmake_prefix_path.sh'
[31.223s] Level 1:colcon.colcon_core.environment:checking '/home/bhadha/pico_ws/install/whycode_interfaces/lib'
[31.223s] Level 1:colcon.colcon_core.shell:create_environment_hook('whycode_interfaces', 'ld_library_path_lib')
[31.224s] INFO:colcon.colcon_core.shell:Creating environment hook '/home/bhadha/pico_ws/install/whycode_interfaces/share/whycode_interfaces/hook/ld_library_path_lib.ps1'
[31.224s] INFO:colcon.colcon_core.shell:Creating environment descriptor '/home/bhadha/pico_ws/install/whycode_interfaces/share/whycode_interfaces/hook/ld_library_path_lib.dsv'
[31.224s] INFO:colcon.colcon_core.shell:Creating environment hook '/home/bhadha/pico_ws/install/whycode_interfaces/share/whycode_interfaces/hook/ld_library_path_lib.sh'
[31.225s] Level 1:colcon.colcon_core.environment:checking '/home/bhadha/pico_ws/install/whycode_interfaces/bin'
[31.225s] Level 1:colcon.colcon_core.environment:checking '/home/bhadha/pico_ws/install/whycode_interfaces/lib/pkgconfig/whycode_interfaces.pc'
[31.225s] Level 1:colcon.colcon_core.environment:checking '/home/bhadha/pico_ws/install/whycode_interfaces/lib/python3.10/site-packages'
[31.226s] Level 1:colcon.colcon_core.environment:checking '/home/bhadha/pico_ws/install/whycode_interfaces/bin'
[31.226s] INFO:colcon.colcon_core.shell:Creating package script '/home/bhadha/pico_ws/install/whycode_interfaces/share/whycode_interfaces/package.ps1'
[31.227s] INFO:colcon.colcon_core.shell:Creating package descriptor '/home/bhadha/pico_ws/install/whycode_interfaces/share/whycode_interfaces/package.dsv'
[31.227s] INFO:colcon.colcon_core.shell:Creating package script '/home/bhadha/pico_ws/install/whycode_interfaces/share/whycode_interfaces/package.sh'
[31.228s] INFO:colcon.colcon_core.shell:Creating package script '/home/bhadha/pico_ws/install/whycode_interfaces/share/whycode_interfaces/package.bash'
[31.228s] INFO:colcon.colcon_core.shell:Creating package script '/home/bhadha/pico_ws/install/whycode_interfaces/share/whycode_interfaces/package.zsh'
[31.228s] Level 1:colcon.colcon_core.environment:create_file_with_runtime_dependencies(/home/bhadha/pico_ws/install/whycode_interfaces/share/colcon-core/packages/whycode_interfaces)
[31.229s] Level 1:colcon.colcon_core.environment:create_environment_scripts_only(whycode_interfaces)
[31.229s] Level 1:colcon.colcon_core.environment:checking '/home/bhadha/pico_ws/install/whycode_interfaces' for CMake module files
[31.230s] Level 1:colcon.colcon_core.environment:checking '/home/bhadha/pico_ws/install/whycode_interfaces' for CMake config files
[31.231s] Level 1:colcon.colcon_core.shell:create_environment_hook('whycode_interfaces', 'cmake_prefix_path')
[31.231s] INFO:colcon.colcon_core.shell:Creating environment hook '/home/bhadha/pico_ws/install/whycode_interfaces/share/whycode_interfaces/hook/cmake_prefix_path.ps1'
[31.231s] INFO:colcon.colcon_core.shell:Creating environment descriptor '/home/bhadha/pico_ws/install/whycode_interfaces/share/whycode_interfaces/hook/cmake_prefix_path.dsv'
[31.232s] INFO:colcon.colcon_core.shell:Creating environment hook '/home/bhadha/pico_ws/install/whycode_interfaces/share/whycode_interfaces/hook/cmake_prefix_path.sh'
[31.232s] Level 1:colcon.colcon_core.environment:checking '/home/bhadha/pico_ws/install/whycode_interfaces/lib'
[31.233s] Level 1:colcon.colcon_core.shell:create_environment_hook('whycode_interfaces', 'ld_library_path_lib')
[31.233s] INFO:colcon.colcon_core.shell:Creating environment hook '/home/bhadha/pico_ws/install/whycode_interfaces/share/whycode_interfaces/hook/ld_library_path_lib.ps1'
[31.233s] INFO:colcon.colcon_core.shell:Creating environment descriptor '/home/bhadha/pico_ws/install/whycode_interfaces/share/whycode_interfaces/hook/ld_library_path_lib.dsv'
[31.234s] INFO:colcon.colcon_core.shell:Creating environment hook '/home/bhadha/pico_ws/install/whycode_interfaces/share/whycode_interfaces/hook/ld_library_path_lib.sh'
[31.234s] Level 1:colcon.colcon_core.environment:checking '/home/bhadha/pico_ws/install/whycode_interfaces/bin'
[31.234s] Level 1:colcon.colcon_core.environment:checking '/home/bhadha/pico_ws/install/whycode_interfaces/lib/pkgconfig/whycode_interfaces.pc'
[31.235s] Level 1:colcon.colcon_core.environment:checking '/home/bhadha/pico_ws/install/whycode_interfaces/lib/python3.10/site-packages'
[31.235s] Level 1:colcon.colcon_core.environment:checking '/home/bhadha/pico_ws/install/whycode_interfaces/bin'
[31.235s] INFO:colcon.colcon_core.shell:Creating package script '/home/bhadha/pico_ws/install/whycode_interfaces/share/whycode_interfaces/package.ps1'
[31.236s] INFO:colcon.colcon_core.shell:Creating package descriptor '/home/bhadha/pico_ws/install/whycode_interfaces/share/whycode_interfaces/package.dsv'
[31.237s] INFO:colcon.colcon_core.shell:Creating package script '/home/bhadha/pico_ws/install/whycode_interfaces/share/whycode_interfaces/package.sh'
[31.237s] INFO:colcon.colcon_core.shell:Creating package script '/home/bhadha/pico_ws/install/whycode_interfaces/share/whycode_interfaces/package.bash'
[31.238s] INFO:colcon.colcon_core.shell:Creating package script '/home/bhadha/pico_ws/install/whycode_interfaces/share/whycode_interfaces/package.zsh'
[31.238s] Level 1:colcon.colcon_core.environment:create_file_with_runtime_dependencies(/home/bhadha/pico_ws/install/whycode_interfaces/share/colcon-core/packages/whycode_interfaces)
[31.238s] INFO:colcon.colcon_ros.task.ament_cmake.build:Building ROS package in '/home/bhadha/pico_ws/src/swift_pico' with build type 'ament_cmake'
[31.239s] INFO:colcon.colcon_cmake.task.cmake.build:Building CMake package in '/home/bhadha/pico_ws/src/swift_pico'
[31.239s] INFO:colcon.colcon_core.shell:Skip shell extension 'powershell' for command environment: Not usable outside of PowerShell
[31.239s] DEBUG:colcon.colcon_core.shell:Skip shell extension 'dsv' for command environment
[31.243s] INFO:colcon.colcon_ros.task.ament_cmake.build:Building ROS package in '/home/bhadha/pico_ws/src/whycode-ros2/whycode-ros2' with build type 'ament_cmake'
[31.243s] INFO:colcon.colcon_cmake.task.cmake.build:Building CMake package in '/home/bhadha/pico_ws/src/whycode-ros2/whycode-ros2'
[31.243s] INFO:colcon.colcon_core.shell:Skip shell extension 'powershell' for command environment: Not usable outside of PowerShell
[31.243s] DEBUG:colcon.colcon_core.shell:Skip shell extension 'dsv' for command environment
[31.252s] DEBUG:colcon.colcon_core.event_handler.log_command:Invoking command in '/home/bhadha/pico_ws/build/whycode': AMENT_PREFIX_PATH=/home/bhadha/pico_ws/install/whycode_interfaces:${AMENT_PREFIX_PATH} CMAKE_PREFIX_PATH=/home/bhadha/pico_ws/install/whycode_interfaces:/opt/ros/humble LD_LIBRARY_PATH=/home/bhadha/pico_ws/install/whycode_interfaces/lib:${LD_LIBRARY_PATH} PYTHONPATH=/home/bhadha/pico_ws/install/whycode_interfaces/local/lib/python3.10/dist-packages:${PYTHONPATH} /usr/bin/cmake /home/bhadha/pico_ws/src/whycode-ros2/whycode-ros2 -DCMAKE_INSTALL_PREFIX=/home/bhadha/pico_ws/install/whycode
[31.257s] DEBUG:colcon.colcon_core.event_handler.log_command:Invoking command in '/home/bhadha/pico_ws/build/swift_pico': AMENT_PREFIX_PATH=/home/bhadha/pico_ws/install/whycode_interfaces:/home/bhadha/pico_ws/install/swift_pico_description:/home/bhadha/pico_ws/install/swift_msgs:/home/bhadha/pico_ws/install/error_msg:/home/bhadha/pico_ws/install/controller_msg:${AMENT_PREFIX_PATH} CMAKE_PREFIX_PATH=/home/bhadha/pico_ws/install/whycode_interfaces:/home/bhadha/pico_ws/install/swift_pico_description:/home/bhadha/pico_ws/install/swift_msgs:/home/bhadha/pico_ws/install/error_msg:/home/bhadha/pico_ws/install/controller_msg:/opt/ros/humble LD_LIBRARY_PATH=/home/bhadha/pico_ws/install/whycode_interfaces/lib:/home/bhadha/pico_ws/install/swift_msgs/lib:/home/bhadha/pico_ws/install/error_msg/lib:/home/bhadha/pico_ws/install/controller_msg/lib:${LD_LIBRARY_PATH} PYTHONPATH=/home/bhadha/pico_ws/install/whycode_interfaces/local/lib/python3.10/dist-packages:/home/bhadha/pico_ws/install/swift_msgs/local/lib/python3.10/dist-packages:/home/bhadha/pico_ws/install/error_msg/local/lib/python3.10/dist-packages:/home/bhadha/pico_ws/install/controller_msg/local/lib/python3.10/dist-packages:${PYTHONPATH} /usr/bin/cmake /home/bhadha/pico_ws/src/swift_pico -DCMAKE_INSTALL_PREFIX=/home/bhadha/pico_ws/install/swift_pico
[32.142s] DEBUG:colcon.colcon_core.event_handler.log_command:Invoked command in '/home/bhadha/pico_ws/build/swift_pico' returned '0': AMENT_PREFIX_PATH=/home/bhadha/pico_ws/install/whycode_interfaces:/home/bhadha/pico_ws/install/swift_pico_description:/home/bhadha/pico_ws/install/swift_msgs:/home/bhadha/pico_ws/install/error_msg:/home/bhadha/pico_ws/install/controller_msg:${AMENT_PREFIX_PATH} CMAKE_PREFIX_PATH=/home/bhadha/pico_ws/install/whycode_interfaces:/home/bhadha/pico_ws/install/swift_pico_description:/home/bhadha/pico_ws/install/swift_msgs:/home/bhadha/pico_ws/install/error_msg:/home/bhadha/pico_ws/install/controller_msg:/opt/ros/humble LD_LIBRARY_PATH=/home/bhadha/pico_ws/install/whycode_interfaces/lib:/home/bhadha/pico_ws/install/swift_msgs/lib:/home/bhadha/pico_ws/install/error_msg/lib:/home/bhadha/pico_ws/install/controller_msg/lib:${LD_LIBRARY_PATH} PYTHONPATH=/home/bhadha/pico_ws/install/whycode_interfaces/local/lib/python3.10/dist-packages:/home/bhadha/pico_ws/install/swift_msgs/local/lib/python3.10/dist-packages:/home/bhadha/pico_ws/install/error_msg/local/lib/python3.10/dist-packages:/home/bhadha/pico_ws/install/controller_msg/local/lib/python3.10/dist-packages:${PYTHONPATH} /usr/bin/cmake /home/bhadha/pico_ws/src/swift_pico -DCMAKE_INSTALL_PREFIX=/home/bhadha/pico_ws/install/swift_pico
[32.147s] DEBUG:colcon.colcon_core.event_handler.log_command:Invoking command in '/home/bhadha/pico_ws/build/swift_pico': AMENT_PREFIX_PATH=/home/bhadha/pico_ws/install/whycode_interfaces:/home/bhadha/pico_ws/install/swift_pico_description:/home/bhadha/pico_ws/install/swift_msgs:/home/bhadha/pico_ws/install/error_msg:/home/bhadha/pico_ws/install/controller_msg:${AMENT_PREFIX_PATH} CMAKE_PREFIX_PATH=/home/bhadha/pico_ws/install/whycode_interfaces:/home/bhadha/pico_ws/install/swift_pico_description:/home/bhadha/pico_ws/install/swift_msgs:/home/bhadha/pico_ws/install/error_msg:/home/bhadha/pico_ws/install/controller_msg:/opt/ros/humble LD_LIBRARY_PATH=/home/bhadha/pico_ws/install/whycode_interfaces/lib:/home/bhadha/pico_ws/install/swift_msgs/lib:/home/bhadha/pico_ws/install/error_msg/lib:/home/bhadha/pico_ws/install/controller_msg/lib:${LD_LIBRARY_PATH} PYTHONPATH=/home/bhadha/pico_ws/install/whycode_interfaces/local/lib/python3.10/dist-packages:/home/bhadha/pico_ws/install/swift_msgs/local/lib/python3.10/dist-packages:/home/bhadha/pico_ws/install/error_msg/local/lib/python3.10/dist-packages:/home/bhadha/pico_ws/install/controller_msg/local/lib/python3.10/dist-packages:${PYTHONPATH} /usr/bin/cmake --build /home/bhadha/pico_ws/build/swift_pico -- -j12 -l12
[32.217s] DEBUG:colcon.colcon_core.event_handler.log_command:Invoked command in '/home/bhadha/pico_ws/build/swift_pico' returned '0': AMENT_PREFIX_PATH=/home/bhadha/pico_ws/install/whycode_interfaces:/home/bhadha/pico_ws/install/swift_pico_description:/home/bhadha/pico_ws/install/swift_msgs:/home/bhadha/pico_ws/install/error_msg:/home/bhadha/pico_ws/install/controller_msg:${AMENT_PREFIX_PATH} CMAKE_PREFIX_PATH=/home/bhadha/pico_ws/install/whycode_interfaces:/home/bhadha/pico_ws/install/swift_pico_description:/home/bhadha/pico_ws/install/swift_msgs:/home/bhadha/pico_ws/install/error_msg:/home/bhadha/pico_ws/install/controller_msg:/opt/ros/humble LD_LIBRARY_PATH=/home/bhadha/pico_ws/install/whycode_interfaces/lib:/home/bhadha/pico_ws/install/swift_msgs/lib:/home/bhadha/pico_ws/install/error_msg/lib:/home/bhadha/pico_ws/install/controller_msg/lib:${LD_LIBRARY_PATH} PYTHONPATH=/home/bhadha/pico_ws/install/whycode_interfaces/local/lib/python3.10/dist-packages:/home/bhadha/pico_ws/install/swift_msgs/local/lib/python3.10/dist-packages:/home/bhadha/pico_ws/install/error_msg/local/lib/python3.10/dist-packages:/home/bhadha/pico_ws/install/controller_msg/local/lib/python3.10/dist-packages:${PYTHONPATH} /usr/bin/cmake --build /home/bhadha/pico_ws/build/swift_pico -- -j12 -l12
[32.221s] DEBUG:colcon.colcon_core.event_handler.log_command:Invoking command in '/home/bhadha/pico_ws/build/swift_pico': AMENT_PREFIX_PATH=/home/bhadha/pico_ws/install/whycode_interfaces:/home/bhadha/pico_ws/install/swift_pico_description:/home/bhadha/pico_ws/install/swift_msgs:/home/bhadha/pico_ws/install/error_msg:/home/bhadha/pico_ws/install/controller_msg:${AMENT_PREFIX_PATH} CMAKE_PREFIX_PATH=/home/bhadha/pico_ws/install/whycode_interfaces:/home/bhadha/pico_ws/install/swift_pico_description:/home/bhadha/pico_ws/install/swift_msgs:/home/bhadha/pico_ws/install/error_msg:/home/bhadha/pico_ws/install/controller_msg:/opt/ros/humble LD_LIBRARY_PATH=/home/bhadha/pico_ws/install/whycode_interfaces/lib:/home/bhadha/pico_ws/install/swift_msgs/lib:/home/bhadha/pico_ws/install/error_msg/lib:/home/bhadha/pico_ws/install/controller_msg/lib:${LD_LIBRARY_PATH} PYTHONPATH=/home/bhadha/pico_ws/install/whycode_interfaces/local/lib/python3.10/dist-packages:/home/bhadha/pico_ws/install/swift_msgs/local/lib/python3.10/dist-packages:/home/bhadha/pico_ws/install/error_msg/local/lib/python3.10/dist-packages:/home/bhadha/pico_ws/install/controller_msg/local/lib/python3.10/dist-packages:${PYTHONPATH} /usr/bin/cmake --install /home/bhadha/pico_ws/build/swift_pico
[32.238s] Level 1:colcon.colcon_core.environment:create_environment_scripts_only(swift_pico)
[32.239s] DEBUG:colcon.colcon_core.event_handler.log_command:Invoked command in '/home/bhadha/pico_ws/build/swift_pico' returned '0': AMENT_PREFIX_PATH=/home/bhadha/pico_ws/install/whycode_interfaces:/home/bhadha/pico_ws/install/swift_pico_description:/home/bhadha/pico_ws/install/swift_msgs:/home/bhadha/pico_ws/install/error_msg:/home/bhadha/pico_ws/install/controller_msg:${AMENT_PREFIX_PATH} CMAKE_PREFIX_PATH=/home/bhadha/pico_ws/install/whycode_interfaces:/home/bhadha/pico_ws/install/swift_pico_description:/home/bhadha/pico_ws/install/swift_msgs:/home/bhadha/pico_ws/install/error_msg:/home/bhadha/pico_ws/install/controller_msg:/opt/ros/humble LD_LIBRARY_PATH=/home/bhadha/pico_ws/install/whycode_interfaces/lib:/home/bhadha/pico_ws/install/swift_msgs/lib:/home/bhadha/pico_ws/install/error_msg/lib:/home/bhadha/pico_ws/install/controller_msg/lib:${LD_LIBRARY_PATH} PYTHONPATH=/home/bhadha/pico_ws/install/whycode_interfaces/local/lib/python3.10/dist-packages:/home/bhadha/pico_ws/install/swift_msgs/local/lib/python3.10/dist-packages:/home/bhadha/pico_ws/install/error_msg/local/lib/python3.10/dist-packages:/home/bhadha/pico_ws/install/controller_msg/local/lib/python3.10/dist-packages:${PYTHONPATH} /usr/bin/cmake --install /home/bhadha/pico_ws/build/swift_pico
[32.239s] Level 1:colcon.colcon_core.environment:checking '/home/bhadha/pico_ws/install/swift_pico' for CMake module files
[32.241s] Level 1:colcon.colcon_core.environment:checking '/home/bhadha/pico_ws/install/swift_pico' for CMake config files
[32.241s] Level 1:colcon.colcon_core.shell:create_environment_hook('swift_pico', 'cmake_prefix_path')
[32.242s] INFO:colcon.colcon_core.shell:Creating environment hook '/home/bhadha/pico_ws/install/swift_pico/share/swift_pico/hook/cmake_prefix_path.ps1'
[32.243s] INFO:colcon.colcon_core.shell:Creating environment descriptor '/home/bhadha/pico_ws/install/swift_pico/share/swift_pico/hook/cmake_prefix_path.dsv'
[32.244s] INFO:colcon.colcon_core.shell:Creating environment hook '/home/bhadha/pico_ws/install/swift_pico/share/swift_pico/hook/cmake_prefix_path.sh'
[32.245s] Level 1:colcon.colcon_core.environment:checking '/home/bhadha/pico_ws/install/swift_pico/lib'
[32.245s] Level 1:colcon.colcon_core.environment:checking '/home/bhadha/pico_ws/install/swift_pico/bin'
[32.245s] Level 1:colcon.colcon_core.environment:checking '/home/bhadha/pico_ws/install/swift_pico/lib/pkgconfig/swift_pico.pc'
[32.246s] Level 1:colcon.colcon_core.environment:checking '/home/bhadha/pico_ws/install/swift_pico/lib/python3.10/site-packages'
[32.247s] Level 1:colcon.colcon_core.environment:checking '/home/bhadha/pico_ws/install/swift_pico/bin'
[32.248s] INFO:colcon.colcon_core.shell:Creating package script '/home/bhadha/pico_ws/install/swift_pico/share/swift_pico/package.ps1'
[32.249s] INFO:colcon.colcon_core.shell:Creating package descriptor '/home/bhadha/pico_ws/install/swift_pico/share/swift_pico/package.dsv'
[32.250s] INFO:colcon.colcon_core.shell:Creating package script '/home/bhadha/pico_ws/install/swift_pico/share/swift_pico/package.sh'
[32.250s] INFO:colcon.colcon_core.shell:Creating package script '/home/bhadha/pico_ws/install/swift_pico/share/swift_pico/package.bash'
[32.251s] INFO:colcon.colcon_core.shell:Creating package script '/home/bhadha/pico_ws/install/swift_pico/share/swift_pico/package.zsh'
[32.252s] Level 1:colcon.colcon_core.environment:create_file_with_runtime_dependencies(/home/bhadha/pico_ws/install/swift_pico/share/colcon-core/packages/swift_pico)
[32.253s] Level 1:colcon.colcon_core.environment:create_environment_scripts_only(swift_pico)
[32.253s] Level 1:colcon.colcon_core.environment:checking '/home/bhadha/pico_ws/install/swift_pico' for CMake module files
[32.254s] Level 1:colcon.colcon_core.environment:checking '/home/bhadha/pico_ws/install/swift_pico' for CMake config files
[32.255s] Level 1:colcon.colcon_core.shell:create_environment_hook('swift_pico', 'cmake_prefix_path')
[32.255s] INFO:colcon.colcon_core.shell:Creating environment hook '/home/bhadha/pico_ws/install/swift_pico/share/swift_pico/hook/cmake_prefix_path.ps1'
[32.256s] INFO:colcon.colcon_core.shell:Creating environment descriptor '/home/bhadha/pico_ws/install/swift_pico/share/swift_pico/hook/cmake_prefix_path.dsv'
[32.256s] INFO:colcon.colcon_core.shell:Creating environment hook '/home/bhadha/pico_ws/install/swift_pico/share/swift_pico/hook/cmake_prefix_path.sh'
[32.257s] Level 1:colcon.colcon_core.environment:checking '/home/bhadha/pico_ws/install/swift_pico/lib'
[32.257s] Level 1:colcon.colcon_core.environment:checking '/home/bhadha/pico_ws/install/swift_pico/bin'
[32.257s] Level 1:colcon.colcon_core.environment:checking '/home/bhadha/pico_ws/install/swift_pico/lib/pkgconfig/swift_pico.pc'
[32.257s] Level 1:colcon.colcon_core.environment:checking '/home/bhadha/pico_ws/install/swift_pico/lib/python3.10/site-packages'
[32.258s] Level 1:colcon.colcon_core.environment:checking '/home/bhadha/pico_ws/install/swift_pico/bin'
[32.258s] INFO:colcon.colcon_core.shell:Creating package script '/home/bhadha/pico_ws/install/swift_pico/share/swift_pico/package.ps1'
[32.259s] INFO:colcon.colcon_core.shell:Creating package descriptor '/home/bhadha/pico_ws/install/swift_pico/share/swift_pico/package.dsv'
[32.260s] INFO:colcon.colcon_core.shell:Creating package script '/home/bhadha/pico_ws/install/swift_pico/share/swift_pico/package.sh'
[32.260s] INFO:colcon.colcon_core.shell:Creating package script '/home/bhadha/pico_ws/install/swift_pico/share/swift_pico/package.bash'
[32.261s] INFO:colcon.colcon_core.shell:Creating package script '/home/bhadha/pico_ws/install/swift_pico/share/swift_pico/package.zsh'
[32.261s] Level 1:colcon.colcon_core.environment:create_file_with_runtime_dependencies(/home/bhadha/pico_ws/install/swift_pico/share/colcon-core/packages/swift_pico)
[32.562s] DEBUG:colcon.colcon_core.event_handler.log_command:Invoked command in '/home/bhadha/pico_ws/build/mav_msgs' returned '0': CMAKE_PREFIX_PATH=/opt/ros/humble /usr/bin/cmake --build /home/bhadha/pico_ws/build/mav_msgs -- -j12 -l12
[32.564s] DEBUG:colcon.colcon_core.event_handler.log_command:Invoking command in '/home/bhadha/pico_ws/build/mav_msgs': CMAKE_PREFIX_PATH=/opt/ros/humble /usr/bin/cmake --install /home/bhadha/pico_ws/build/mav_msgs
[32.668s] Level 1:colcon.colcon_core.environment:create_environment_scripts_only(mav_msgs)
[32.669s] Level 1:colcon.colcon_core.environment:checking '/home/bhadha/pico_ws/install/mav_msgs' for CMake module files
[32.669s] DEBUG:colcon.colcon_core.event_handler.log_command:Invoked command in '/home/bhadha/pico_ws/build/mav_msgs' returned '0': CMAKE_PREFIX_PATH=/opt/ros/humble /usr/bin/cmake --install /home/bhadha/pico_ws/build/mav_msgs
[32.670s] Level 1:colcon.colcon_core.environment:checking '/home/bhadha/pico_ws/install/mav_msgs' for CMake config files
[32.670s] Level 1:colcon.colcon_core.shell:create_environment_hook('mav_msgs', 'cmake_prefix_path')
[32.670s] INFO:colcon.colcon_core.shell:Creating environment hook '/home/bhadha/pico_ws/install/mav_msgs/share/mav_msgs/hook/cmake_prefix_path.ps1'
[32.671s] INFO:colcon.colcon_core.shell:Creating environment descriptor '/home/bhadha/pico_ws/install/mav_msgs/share/mav_msgs/hook/cmake_prefix_path.dsv'
[32.671s] INFO:colcon.colcon_core.shell:Creating environment hook '/home/bhadha/pico_ws/install/mav_msgs/share/mav_msgs/hook/cmake_prefix_path.sh'
[32.672s] Level 1:colcon.colcon_core.environment:checking '/home/bhadha/pico_ws/install/mav_msgs/lib'
[32.672s] Level 1:colcon.colcon_core.shell:create_environment_hook('mav_msgs', 'ld_library_path_lib')
[32.672s] INFO:colcon.colcon_core.shell:Creating environment hook '/home/bhadha/pico_ws/install/mav_msgs/share/mav_msgs/hook/ld_library_path_lib.ps1'
[32.673s] INFO:colcon.colcon_core.shell:Creating environment descriptor '/home/bhadha/pico_ws/install/mav_msgs/share/mav_msgs/hook/ld_library_path_lib.dsv'
[32.673s] INFO:colcon.colcon_core.shell:Creating environment hook '/home/bhadha/pico_ws/install/mav_msgs/share/mav_msgs/hook/ld_library_path_lib.sh'
[32.673s] Level 1:colcon.colcon_core.environment:checking '/home/bhadha/pico_ws/install/mav_msgs/bin'
[32.673s] Level 1:colcon.colcon_core.environment:checking '/home/bhadha/pico_ws/install/mav_msgs/lib/pkgconfig/mav_msgs.pc'
[32.674s] Level 1:colcon.colcon_core.environment:checking '/home/bhadha/pico_ws/install/mav_msgs/lib/python3.10/site-packages'
[32.674s] Level 1:colcon.colcon_core.environment:checking '/home/bhadha/pico_ws/install/mav_msgs/bin'
[32.674s] INFO:colcon.colcon_core.shell:Creating package script '/home/bhadha/pico_ws/install/mav_msgs/share/mav_msgs/package.ps1'
[32.675s] INFO:colcon.colcon_core.shell:Creating package descriptor '/home/bhadha/pico_ws/install/mav_msgs/share/mav_msgs/package.dsv'
[32.675s] INFO:colcon.colcon_core.shell:Creating package script '/home/bhadha/pico_ws/install/mav_msgs/share/mav_msgs/package.sh'
[32.676s] INFO:colcon.colcon_core.shell:Creating package script '/home/bhadha/pico_ws/install/mav_msgs/share/mav_msgs/package.bash'
[32.676s] INFO:colcon.colcon_core.shell:Creating package script '/home/bhadha/pico_ws/install/mav_msgs/share/mav_msgs/package.zsh'
[32.676s] Level 1:colcon.colcon_core.environment:create_file_with_runtime_dependencies(/home/bhadha/pico_ws/install/mav_msgs/share/colcon-core/packages/mav_msgs)
[32.677s] Level 1:colcon.colcon_core.environment:create_environment_scripts_only(mav_msgs)
[32.677s] Level 1:colcon.colcon_core.environment:checking '/home/bhadha/pico_ws/install/mav_msgs' for CMake module files
[32.678s] Level 1:colcon.colcon_core.environment:checking '/home/bhadha/pico_ws/install/mav_msgs' for CMake config files
[32.678s] Level 1:colcon.colcon_core.shell:create_environment_hook('mav_msgs', 'cmake_prefix_path')
[32.679s] INFO:colcon.colcon_core.shell:Creating environment hook '/home/bhadha/pico_ws/install/mav_msgs/share/mav_msgs/hook/cmake_prefix_path.ps1'
[32.679s] INFO:colcon.colcon_core.shell:Creating environment descriptor '/home/bhadha/pico_ws/install/mav_msgs/share/mav_msgs/hook/cmake_prefix_path.dsv'
[32.679s] INFO:colcon.colcon_core.shell:Creating environment hook '/home/bhadha/pico_ws/install/mav_msgs/share/mav_msgs/hook/cmake_prefix_path.sh'
[32.680s] Level 1:colcon.colcon_core.environment:checking '/home/bhadha/pico_ws/install/mav_msgs/lib'
[32.680s] Level 1:colcon.colcon_core.shell:create_environment_hook('mav_msgs', 'ld_library_path_lib')
[32.680s] INFO:colcon.colcon_core.shell:Creating environment hook '/home/bhadha/pico_ws/install/mav_msgs/share/mav_msgs/hook/ld_library_path_lib.ps1'
[32.681s] INFO:colcon.colcon_core.shell:Creating environment descriptor '/home/bhadha/pico_ws/install/mav_msgs/share/mav_msgs/hook/ld_library_path_lib.dsv'
[32.681s] INFO:colcon.colcon_core.shell:Creating environment hook '/home/bhadha/pico_ws/install/mav_msgs/share/mav_msgs/hook/ld_library_path_lib.sh'
[32.682s] Level 1:colcon.colcon_core.environment:checking '/home/bhadha/pico_ws/install/mav_msgs/bin'
[32.682s] Level 1:colcon.colcon_core.environment:checking '/home/bhadha/pico_ws/install/mav_msgs/lib/pkgconfig/mav_msgs.pc'
[32.682s] Level 1:colcon.colcon_core.environment:checking '/home/bhadha/pico_ws/install/mav_msgs/lib/python3.10/site-packages'
[32.682s] Level 1:colcon.colcon_core.environment:checking '/home/bhadha/pico_ws/install/mav_msgs/bin'
[32.683s] INFO:colcon.colcon_core.shell:Creating package script '/home/bhadha/pico_ws/install/mav_msgs/share/mav_msgs/package.ps1'
[32.683s] INFO:colcon.colcon_core.shell:Creating package descriptor '/home/bhadha/pico_ws/install/mav_msgs/share/mav_msgs/package.dsv'
[32.684s] INFO:colcon.colcon_core.shell:Creating package script '/home/bhadha/pico_ws/install/mav_msgs/share/mav_msgs/package.sh'
[32.684s] INFO:colcon.colcon_core.shell:Creating package script '/home/bhadha/pico_ws/install/mav_msgs/share/mav_msgs/package.bash'
[32.685s] INFO:colcon.colcon_core.shell:Creating package script '/home/bhadha/pico_ws/install/mav_msgs/share/mav_msgs/package.zsh'
[32.685s] Level 1:colcon.colcon_core.environment:create_file_with_runtime_dependencies(/home/bhadha/pico_ws/install/mav_msgs/share/colcon-core/packages/mav_msgs)
[32.686s] INFO:colcon.colcon_ros.task.ament_cmake.build:Building ROS package in '/home/bhadha/pico_ws/src/mav_comm/mav_planning_msgs' with build type 'ament_cmake'
[32.686s] INFO:colcon.colcon_cmake.task.cmake.build:Building CMake package in '/home/bhadha/pico_ws/src/mav_comm/mav_planning_msgs'
[32.686s] INFO:colcon.colcon_core.shell:Skip shell extension 'powershell' for command environment: Not usable outside of PowerShell
[32.686s] DEBUG:colcon.colcon_core.shell:Skip shell extension 'dsv' for command environment
[32.689s] INFO:colcon.colcon_ros.task.ament_cmake.build:Building ROS package in '/home/bhadha/pico_ws/src/rotors_simulator/rotors_control' with build type 'ament_cmake'
[32.689s] INFO:colcon.colcon_cmake.task.cmake.build:Building CMake package in '/home/bhadha/pico_ws/src/rotors_simulator/rotors_control'
[32.689s] INFO:colcon.colcon_core.shell:Skip shell extension 'powershell' for command environment: Not usable outside of PowerShell
[32.689s] DEBUG:colcon.colcon_core.shell:Skip shell extension 'dsv' for command environment
[32.692s] INFO:colcon.colcon_ros.task.ament_cmake.build:Building ROS package in '/home/bhadha/pico_ws/src/rotors_simulator/rotors_swift_interface' with build type 'ament_cmake'
[32.692s] INFO:colcon.colcon_cmake.task.cmake.build:Building CMake package in '/home/bhadha/pico_ws/src/rotors_simulator/rotors_swift_interface'
[32.692s] INFO:colcon.colcon_core.shell:Skip shell extension 'powershell' for command environment: Not usable outside of PowerShell
[32.692s] DEBUG:colcon.colcon_core.shell:Skip shell extension 'dsv' for command environment
[32.699s] DEBUG:colcon.colcon_core.event_handler.log_command:Invoking command in '/home/bhadha/pico_ws/build/mav_planning_msgs': AMENT_PREFIX_PATH=/home/bhadha/pico_ws/install/mav_msgs:${AMENT_PREFIX_PATH} CMAKE_PREFIX_PATH=/home/bhadha/pico_ws/install/mav_msgs:/opt/ros/humble LD_LIBRARY_PATH=/home/bhadha/pico_ws/install/mav_msgs/lib:${LD_LIBRARY_PATH} PYTHONPATH=/home/bhadha/pico_ws/install/mav_msgs/local/lib/python3.10/dist-packages:${PYTHONPATH} /usr/bin/cmake /home/bhadha/pico_ws/src/mav_comm/mav_planning_msgs -DCMAKE_INSTALL_PREFIX=/home/bhadha/pico_ws/install/mav_planning_msgs
[32.701s] DEBUG:colcon.colcon_core.event_handler.log_command:Invoking command in '/home/bhadha/pico_ws/build/rotors_control': AMENT_PREFIX_PATH=/home/bhadha/pico_ws/install/mav_msgs:${AMENT_PREFIX_PATH} CMAKE_PREFIX_PATH=/home/bhadha/pico_ws/install/mav_msgs:/opt/ros/humble LD_LIBRARY_PATH=/home/bhadha/pico_ws/install/mav_msgs/lib:${LD_LIBRARY_PATH} PYTHONPATH=/home/bhadha/pico_ws/install/mav_msgs/local/lib/python3.10/dist-packages:${PYTHONPATH} /usr/bin/cmake /home/bhadha/pico_ws/src/rotors_simulator/rotors_control -DCMAKE_INSTALL_PREFIX=/home/bhadha/pico_ws/install/rotors_control
[32.705s] DEBUG:colcon.colcon_core.event_handler.log_command:Invoking command in '/home/bhadha/pico_ws/build/rotors_swift_interface': AMENT_PREFIX_PATH=/home/bhadha/pico_ws/install/swift_msgs:/home/bhadha/pico_ws/install/mav_msgs:${AMENT_PREFIX_PATH} CMAKE_PREFIX_PATH=/home/bhadha/pico_ws/install/swift_msgs:/home/bhadha/pico_ws/install/mav_msgs:/opt/ros/humble LD_LIBRARY_PATH=/home/bhadha/pico_ws/install/swift_msgs/lib:/home/bhadha/pico_ws/install/mav_msgs/lib:${LD_LIBRARY_PATH} PYTHONPATH=/home/bhadha/pico_ws/install/swift_msgs/local/lib/python3.10/dist-packages:/home/bhadha/pico_ws/install/mav_msgs/local/lib/python3.10/dist-packages:${PYTHONPATH} /usr/bin/cmake /home/bhadha/pico_ws/src/rotors_simulator/rotors_swift_interface -DCMAKE_INSTALL_PREFIX=/home/bhadha/pico_ws/install/rotors_swift_interface
[32.976s] DEBUG:colcon.colcon_core.event_handler.log_command:Invoked command in '/home/bhadha/pico_ws/build/whycode' returned '0': AMENT_PREFIX_PATH=/home/bhadha/pico_ws/install/whycode_interfaces:${AMENT_PREFIX_PATH} CMAKE_PREFIX_PATH=/home/bhadha/pico_ws/install/whycode_interfaces:/opt/ros/humble LD_LIBRARY_PATH=/home/bhadha/pico_ws/install/whycode_interfaces/lib:${LD_LIBRARY_PATH} PYTHONPATH=/home/bhadha/pico_ws/install/whycode_interfaces/local/lib/python3.10/dist-packages:${PYTHONPATH} /usr/bin/cmake /home/bhadha/pico_ws/src/whycode-ros2/whycode-ros2 -DCMAKE_INSTALL_PREFIX=/home/bhadha/pico_ws/install/whycode
[32.978s] DEBUG:colcon.colcon_core.event_handler.log_command:Invoking command in '/home/bhadha/pico_ws/build/whycode': AMENT_PREFIX_PATH=/home/bhadha/pico_ws/install/whycode_interfaces:${AMENT_PREFIX_PATH} CMAKE_PREFIX_PATH=/home/bhadha/pico_ws/install/whycode_interfaces:/opt/ros/humble LD_LIBRARY_PATH=/home/bhadha/pico_ws/install/whycode_interfaces/lib:${LD_LIBRARY_PATH} PYTHONPATH=/home/bhadha/pico_ws/install/whycode_interfaces/local/lib/python3.10/dist-packages:${PYTHONPATH} /usr/bin/cmake --build /home/bhadha/pico_ws/build/whycode -- -j12 -l12
[35.102s] DEBUG:colcon.colcon_core.event_handler.log_command:Invoked command in '/home/bhadha/pico_ws/build/rotors_control' returned '1': AMENT_PREFIX_PATH=/home/bhadha/pico_ws/install/mav_msgs:${AMENT_PREFIX_PATH} CMAKE_PREFIX_PATH=/home/bhadha/pico_ws/install/mav_msgs:/opt/ros/humble LD_LIBRARY_PATH=/home/bhadha/pico_ws/install/mav_msgs/lib:${LD_LIBRARY_PATH} PYTHONPATH=/home/bhadha/pico_ws/install/mav_msgs/local/lib/python3.10/dist-packages:${PYTHONPATH} /usr/bin/cmake /home/bhadha/pico_ws/src/rotors_simulator/rotors_control -DCMAKE_INSTALL_PREFIX=/home/bhadha/pico_ws/install/rotors_control
[35.135s] Level 1:colcon.colcon_core.environment:create_environment_scripts_only(rotors_control)
[35.136s] Level 1:colcon.colcon_core.environment:checking '/home/bhadha/pico_ws/install/rotors_control' for CMake module files
[35.137s] Level 1:colcon.colcon_core.environment:checking '/home/bhadha/pico_ws/install/rotors_control' for CMake config files
[35.138s] Level 1:colcon.colcon_core.environment:checking '/home/bhadha/pico_ws/install/rotors_control/bin'
[35.138s] Level 1:colcon.colcon_core.environment:checking '/home/bhadha/pico_ws/install/rotors_control/lib/pkgconfig/rotors_control.pc'
[35.138s] Level 1:colcon.colcon_core.environment:checking '/home/bhadha/pico_ws/install/rotors_control/lib/python3.10/site-packages'
[35.140s] Level 1:colcon.colcon_core.environment:checking '/home/bhadha/pico_ws/install/rotors_control/bin'
[35.140s] INFO:colcon.colcon_core.shell:Creating package script '/home/bhadha/pico_ws/install/rotors_control/share/rotors_control/package.ps1'
[35.142s] INFO:colcon.colcon_core.shell:Creating package descriptor '/home/bhadha/pico_ws/install/rotors_control/share/rotors_control/package.dsv'
[35.143s] INFO:colcon.colcon_core.shell:Creating package script '/home/bhadha/pico_ws/install/rotors_control/share/rotors_control/package.sh'
[35.144s] INFO:colcon.colcon_core.shell:Creating package script '/home/bhadha/pico_ws/install/rotors_control/share/rotors_control/package.bash'
[35.145s] INFO:colcon.colcon_core.shell:Creating package script '/home/bhadha/pico_ws/install/rotors_control/share/rotors_control/package.zsh'
[35.146s] Level 1:colcon.colcon_core.environment:create_file_with_runtime_dependencies(/home/bhadha/pico_ws/install/rotors_control/share/colcon-core/packages/rotors_control)
[49.751s] DEBUG:colcon.colcon_parallel_executor.executor.parallel:closing loop
[49.751s] DEBUG:colcon.colcon_parallel_executor.executor.parallel:loop closed
[49.751s] DEBUG:colcon.colcon_parallel_executor.executor.parallel:run_until_complete finished with '1'
[49.751s] DEBUG:colcon.colcon_core.event_reactor:joining thread
[49.757s] INFO:colcon.colcon_core.plugin_system:Skipping extension 'colcon_notification.desktop_notification.terminal_notifier': Not used on non-Darwin systems
[49.757s] INFO:colcon.colcon_core.plugin_system:Skipping extension 'colcon_notification.desktop_notification.win32': Not used on non-Windows systems
[49.757s] INFO:colcon.colcon_notification.desktop_notification:Sending desktop notification using 'notify2'
[49.771s] DEBUG:colcon.colcon_core.event_reactor:joined thread
[49.772s] INFO:colcon.colcon_core.shell:Creating prefix script '/home/bhadha/pico_ws/install/local_setup.ps1'
[49.773s] INFO:colcon.colcon_core.shell:Creating prefix util module '/home/bhadha/pico_ws/install/_local_setup_util_ps1.py'
[49.774s] INFO:colcon.colcon_core.shell:Creating prefix chain script '/home/bhadha/pico_ws/install/setup.ps1'
[49.775s] INFO:colcon.colcon_core.shell:Creating prefix script '/home/bhadha/pico_ws/install/local_setup.sh'
[49.776s] INFO:colcon.colcon_core.shell:Creating prefix util module '/home/bhadha/pico_ws/install/_local_setup_util_sh.py'
[49.776s] INFO:colcon.colcon_core.shell:Creating prefix chain script '/home/bhadha/pico_ws/install/setup.sh'
[49.777s] INFO:colcon.colcon_core.shell:Creating prefix script '/home/bhadha/pico_ws/install/local_setup.bash'
[49.778s] INFO:colcon.colcon_core.shell:Creating prefix chain script '/home/bhadha/pico_ws/install/setup.bash'
[49.778s] INFO:colcon.colcon_core.shell:Creating prefix script '/home/bhadha/pico_ws/install/local_setup.zsh'
[49.779s] INFO:colcon.colcon_core.shell:Creating prefix chain script '/home/bhadha/pico_ws/install/setup.zsh'
